price,bhk,area_sqft,parking
9500000.0,3.0,1400.0,0.0
57500000.0,3.0,1400.0,0.0
4000000.0,3.0,1400.0,0.0
13799999.999999998,4.0,1400.0,0.0
11000000.0,4.0,1400.0,0.0
2500000.0,3.0,1400.0,0.0
4000000.0,3.0,1400.0,0.0
10000000.0,3.0,1400.0,0.0
11000000.0,3.0,1400.0,0.0
15500000.0,4.0,1400.0,0.0
62500000.0,3.0,1400.0,0.0
2300000.0,2.0,1400.0,0.0
130000000.0,4.0,1400.0,0.0
11000000.0,4.0,1400.0,0.0
95000000.0,4.0,1400.0,0.0
6000000.0,4.0,1400.0,0.0
62500000.0,3.0,1400.0,0.0
16000000.0,3.0,1440.0,1.0
8500000.0,3.0,1040.0,1.0
29000000.0,3.0,1700.0,1.0
7000000.0,1.0,650.0,0.0
2750000.0,2.0,600.0,0.0
11000000.0,3.0,1400.0,0.0
3000000.0,4.0,1400.0,0.0
2200000.0,4.0,1400.0,0.0
1400000.0,3.0,1400.0,0.0
2300000.0,3.0,1400.0,0.0
3500000.0,4.0,1400.0,0.0
2550000.0,3.0,1400.0,0.0
10000000.0,4.0,1400.0,0.0
17000000.0,3.0,1500.0,1.0
25000000.0,4.0,1400.0,0.0
10600000.0,3.0,1200.0,0.0
13500000.0,3.0,1150.0,0.0
8000000.0,3.0,1400.0,1.0
31000000.0,4.0,1400.0,0.0
46000000.0,3.0,1800.0,0.0
17500000.0,4.0,1400.0,1.0
26800000.0,3.0,1700.0,0.0
170000000.0,4.0,5500.0,1.0
17000000.0,3.0,1300.0,0.0
14500000.0,4.0,1400.0,1.0
40000000.0,4.0,3600.0,0.0
3500000.0,2.0,720.0,0.0
25700000.0,3.0,1800.0,1.0
37000000.0,4.0,2450.0,1.0
22500000.0,5.0,1400.0,0.0
69000000.0,4.0,3204.0,1.0
62500000.0,4.0,3600.0,1.0
2500000.0,4.0,1400.0,0.0
23500000.0,3.0,1850.0,1.0
90000000.0,3.0,1953.0,1.0
43500000.0,4.0,2000.0,0.0
25500000.0,3.0,1500.0,0.0
32000000.0,3.0,1700.0,0.0
7500000.0,4.0,1201.0,1.0
4500000.0,2.0,450.0,1.0
35000000.0,5.0,1700.0,0.0
2490000.0,2.0,550.0,1.0
27000000.0,3.0,1750.0,1.0
37500000.0,4.0,2800.0,0.0
26000000.0,3.0,1350.0,0.0
12000000.0,3.0,1200.0,1.0
6500000.0,3.0,1080.0,1.0
34700000.0,4.0,2200.0,1.0
29700000.000000004,3.0,1700.0,0.0
60000000.0,4.0,2700.0,0.0
29700000.000000004,3.0,1700.0,1.0
26000000.0,3.0,1600.0,1.0
3300000.0,2.0,765.0,1.0
22500000.0,2.0,990.0,1.0
3600000.0,2.0,900.0,1.0
4400000.0,3.0,675.0,1.0
27500000.0,3.0,1700.0,1.0
30000000.0,3.0,1600.0,0.0
10000000.0,4.0,1400.0,0.0
20500000.0,2.0,1200.0,0.0
4790000.0,2.0,680.0,0.0
2200000.0,4.0,1400.0,0.0
27000000.0,3.0,1700.0,1.0
100000000.0,3.0,2250.0,0.0
32000000.0,3.0,1800.0,1.0
3499000.0,3.0,1400.0,0.0
50000000.0,4.0,2800.0,0.0
13799999.999999998,4.0,1400.0,0.0
47500000.0,4.0,2200.0,0.0
10500000.0,4.0,1400.0,0.0
50000000.0,4.0,2700.0,0.0
5251000.0,3.0,1000.0,0.0
10000000.0,4.0,1400.0,0.0
2600000.0,4.0,1400.0,0.0
10000000.0,4.0,1400.0,0.0
31000000.0,3.0,1620.0,1.0
27500000.0,3.0,1800.0,1.0
17100000.0,5.0,1400.0,0.0
3000000.0,4.0,1400.0,0.0
26800000.0,3.0,1800.0,1.0
25000000.0,3.0,1800.0,1.0
25000000.0,3.0,1700.0,1.0
11000000.0,3.0,1400.0,0.0
20500000.0,2.0,1350.0,1.0
5500000.0,2.0,650.0,1.0
46500000.0,4.0,2250.0,0.0
20800000.0,2.0,1100.0,0.0
25000000.0,3.0,1197.0,1.0
4690000.0,2.0,680.0,0.0
10500000.0,4.0,1400.0,0.0
130000000.0,4.0,4500.0,0.0
14400000.0,3.0,1100.0,1.0
27500000.0,3.0,1900.0,1.0
27000000.0,3.0,1900.0,1.0
1600000.0,4.0,1400.0,0.0
7511000.0,4.0,1400.0,0.0
23500000.0,3.0,1196.0,1.0
2500000.0,3.0,1400.0,0.0
1800000.0,4.0,1400.0,0.0
20000000.0,4.0,1400.0,0.0
21500000.0,3.0,650.0,0.0
11500000.0,3.0,1000.0,1.0
12500000.0,3.0,900.0,1.0
32100000.0,5.0,2400.0,0.0
14800000.0,4.0,1350.0,1.0
35000000.0,4.0,1800.0,1.0
5500000.0,3.0,1400.0,0.0
5500000.0,3.0,1400.0,0.0
11000000.0,3.0,1400.0,0.0
3800000.0,3.0,700.0,0.0
27000000.0,3.0,1900.0,1.0
25000000.0,3.0,1800.0,1.0
4600000.0,2.0,720.0,0.0
35000000.0,3.0,1528.0,0.0
27500000.0,3.0,1800.0,1.0
26500000.0,3.0,1950.0,1.0
6520000.0,3.0,1080.0,1.0
11200000.000000002,1.0,600.0,0.0
22100000.0,3.0,1800.0,1.0
44000000.0,4.0,2250.0,0.0
42500000.0,4.0,2250.0,0.0
42500000.0,4.0,2000.0,0.0
46000000.0,4.0,2250.0,0.0
52500000.0,4.0,2808.0,0.0
40000000.0,4.0,2800.0,0.0
50000000.0,4.0,3000.0,0.0
34000000.0,4.0,2400.0,0.0
30000000.0,3.0,1800.0,1.0
10500000.0,3.0,1400.0,0.0
21500000.0,2.0,1500.0,1.0
1800000.0,4.0,1400.0,0.0
9000000.0,4.0,1400.0,0.0
2600000.0,3.0,1400.0,0.0
12500000.0,5.0,1400.0,0.0
7200000.0,2.0,675.0,1.0
6514000.0,3.0,1250.0,0.0
34000000.0,4.0,2200.0,1.0
11100000.000000002,3.0,900.0,1.0
17000000.0,2.0,1500.0,1.0
2100000.0,4.0,1400.0,0.0
2300000.0,4.0,1400.0,0.0
27400000.000000004,3.0,2100.0,1.0
85000000.0,4.0,2000.0,1.0
7500000.0,3.0,1080.0,0.0
1750000.0,4.0,1400.0,0.0
28100000.0,3.0,1800.0,1.0
24600000.0,3.0,1900.0,1.0
12000000.0,4.0,1400.0,0.0
2200000.0,4.0,1400.0,0.0
26900000.0,4.0,1400.0,0.0
16500000.0,4.0,1400.0,0.0
27000000.0,4.0,1400.0,0.0
15200000.0,4.0,1400.0,0.0
12400000.0,4.0,1400.0,0.0
11000000.0,2.0,950.0,1.0
14000000.0,4.0,1400.0,0.0
11000000.0,5.0,1400.0,0.0
1800000.0,4.0,1400.0,0.0
1800000.0,3.0,1400.0,0.0
5500000.0,3.0,1400.0,0.0
16000000.0,4.0,1400.0,0.0
13000000.0,4.0,1400.0,0.0
3300000.0,3.0,1400.0,0.0
22500000.0,2.0,1250.0,0.0
1600000.0,4.0,1400.0,0.0
1800000.0,4.0,1400.0,0.0
2600000.0,3.0,1400.0,0.0
4100000.0,3.0,850.0,0.0
29500000.0,3.0,1900.0,1.0
9000000.0,4.0,1400.0,0.0
12000000.0,2.0,900.0,1.0
15000000.0,4.0,1400.0,0.0
50000000.0,4.0,2268.0,1.0
1500000.0,3.0,1400.0,0.0
3800000.0,3.0,1400.0,0.0
21000000.0,4.0,1400.0,0.0
52500000.0,4.0,1400.0,0.0
45000000.0,3.0,1500.0,0.0
85000000.0,4.0,2700.0,1.0
9000000.0,3.0,720.0,1.0
4430000.0,2.0,680.0,0.0
290000000.0,4.0,1400.0,0.0
10000000.0,3.0,780.0,1.0
38900000.0,4.0,2600.0,0.0
21500000.0,4.0,1400.0,0.0
34500000.0,4.0,2200.0,0.0
37000000.0,3.0,1900.0,0.0
100000000.0,4.0,2700.0,1.0
165000000.0,4.0,1400.0,0.0
4000000.0,3.0,1400.0,0.0
17700000.0,4.0,1400.0,0.0
3343000.0,4.0,1400.0,0.0
5000000.0,4.0,1400.0,0.0
28000000.0,3.0,1659.0,1.0
9000000.0,3.0,1400.0,0.0
2262000.0,3.0,1400.0,0.0
1600000.0,4.0,1400.0,0.0
4000000.0,4.0,1400.0,0.0
1900000.0,4.0,1400.0,0.0
2399000.0,3.0,1400.0,0.0
1600000.0,2.0,1400.0,0.0
1800000.0,4.0,1400.0,0.0
1800000.0,4.0,1400.0,0.0
21000000.0,5.0,1400.0,0.0
1700000.0,3.0,1400.0,0.0
2500000.0,4.0,1400.0,0.0
2600000.0,3.0,1400.0,0.0
1500000.0,4.0,1400.0,0.0
19500000.0,3.0,1250.0,1.0
15000000.0,4.0,1400.0,0.0
21500000.0,2.0,1500.0,0.0
4500000.0,2.0,610.0,0.0
4630000.0,2.0,680.0,0.0
4500000.0,2.0,720.0,0.0
164000000.0,4.0,3600.0,1.0
52500000.0,3.0,1800.0,1.0
15000000.0,4.0,1400.0,0.0
9000000.0,4.0,1400.0,0.0
39500000.0,3.0,2100.0,1.0
4500000.0,3.0,1400.0,0.0
10000000.0,4.0,1400.0,0.0
10000000.0,4.0,1400.0,0.0
1600000.0,4.0,1400.0,0.0
19900000.0,3.0,1400.0,0.0
11500000.0,2.0,750.0,1.0
160000000.0,3.0,2400.0,0.0
2200000.0,4.0,1400.0,0.0
3500000.0,4.0,1400.0,0.0
27500000.0,3.0,1400.0,0.0
2700000.0,4.0,1400.0,0.0
2100000.0,3.0,1400.0,0.0
2000000.0,2.0,1400.0,0.0
10000000.0,4.0,1400.0,0.0
8000000.0,3.0,850.0,0.0
12000000.0,4.0,1400.0,0.0
3000000.0,2.0,1400.0,0.0
4500000.0,3.0,1400.0,0.0
2800000.0,2.0,450.0,1.0
4530000.0,2.0,680.0,0.0
65000000.0,3.0,1800.0,1.0
17500000.0,4.0,1400.0,0.0
11500000.0,4.0,1400.0,0.0
13500000.0,3.0,1050.0,1.0
3803000.0,4.0,1400.0,0.0
7551000.000000001,4.0,1300.0,0.0
14100000.0,3.0,1100.0,1.0
20000000.0,3.0,1125.0,1.0
16000000.0,5.0,1400.0,0.0
36500000.0,3.0,1400.0,0.0
10900000.0,4.0,1400.0,0.0
6520000.0,3.0,1080.0,1.0
16500000.0,3.0,1125.0,0.0
16000000.0,4.0,1400.0,0.0
12500000.0,4.0,1400.0,0.0
16000000.0,3.0,1400.0,0.0
20500000.0,2.0,1500.0,1.0
38500000.0,3.0,2300.0,1.0
52500000.0,10.0,4000.0,1.0
22500000.0,4.0,1400.0,0.0
2100000.0,4.0,1400.0,0.0
10000000.0,4.0,1400.0,0.0
11600000.0,4.0,1400.0,0.0
17000000.0,5.0,1150.0,1.0
52500000.0,4.0,2000.0,1.0
45000000.0,4.0,1800.0,1.0
11000000.0,3.0,1400.0,0.0
2500000.0,3.0,1400.0,0.0
4500000.0,3.0,1400.0,0.0
50000000.0,4.0,1400.0,0.0
4500000.0,3.0,1400.0,0.0
30000000.0,4.0,1400.0,0.0
4000000.0,2.0,1400.0,0.0
3000000.0,4.0,1400.0,0.0
1800000.0,4.0,1400.0,0.0
3386000.0,4.0,1400.0,0.0
3200000.0,4.0,1400.0,0.0
9000000.0,3.0,1400.0,0.0
3500000.0,3.0,1400.0,0.0
2500000.0,4.0,1400.0,0.0
2800000.0,4.0,1400.0,0.0
1800000.0,3.0,1400.0,0.0
3500000.0,4.0,1400.0,0.0
25000000.0,4.0,2300.0,1.0
90000000.0,4.0,2700.0,1.0
12500000.0,4.0,1400.0,0.0
21500000.0,3.0,1100.0,1.0
70000000.0,3.0,1800.0,1.0
32500000.0,4.0,1400.0,0.0
15000000.0,3.0,1000.0,1.0
14500000.0,4.0,1200.0,1.0
18000000.0,4.0,3000.0,1.0
170000000.0,4.0,3300.0,0.0
82500000.0,3.0,2100.0,0.0
29800000.0,3.0,1450.0,0.0
5000000.0,3.0,1400.0,0.0
27500000.0,3.0,1600.0,0.0
23500000.0,2.0,1400.0,0.0
23800000.0,2.0,1500.0,0.0
47500000.0,4.0,2448.0,1.0
107500000.0,4.0,1400.0,0.0
4000000.0,2.0,450.0,0.0
35000000.0,4.0,1400.0,0.0
2000000.0,4.0,1400.0,0.0
3584000.0000000005,4.0,1400.0,0.0
5300000.0,3.0,1001.0,1.0
26000000.0,4.0,1600.0,1.0
134200000.0,4.0,1400.0,0.0
12500000.0,4.0,1300.0,1.0
10700000.0,4.0,1400.0,0.0
10000000.0,4.0,1400.0,0.0
30500000.0,4.0,2300.0,0.0
17000000.0,4.0,1400.0,0.0
44000000.0,4.0,1400.0,0.0
18000000.0,4.0,1400.0,0.0
41000000.0,3.0,2340.0,1.0
21500000.0,5.0,1400.0,0.0
49000000.0,4.0,3600.0,1.0
15500000.0,4.0,1400.0,0.0
17000000.0,4.0,1400.0,0.0
13899999.999999998,3.0,1150.0,0.0
10000000.0,3.0,720.0,1.0
5076000.0,3.0,950.0,0.0
14000000.0,4.0,1400.0,0.0
14000000.0,4.0,1400.0,0.0
9000000.0,3.0,1400.0,0.0
61900000.00000001,5.0,1400.0,0.0
30000000.0,4.0,1400.0,0.0
95000000.0,4.0,1400.0,0.0
11100000.000000002,4.0,1400.0,0.0
2700000.0,2.0,1400.0,0.0
10500000.0,2.0,756.0,0.0
35000000.0,3.0,1400.0,0.0
2000000.0,4.0,1400.0,0.0
3000000.0,2.0,1400.0,0.0
30000000.0,4.0,1400.0,0.0
1800000.0,4.0,1400.0,0.0
12000000.0,4.0,1400.0,0.0
21000000.0,4.0,1400.0,0.0
8000000.0,4.0,1400.0,0.0
70000000.0,4.0,1400.0,0.0
9000000.0,4.0,1400.0,0.0
6500000.0,4.0,1400.0,0.0
12500000.0,4.0,1400.0,0.0
17500000.0,3.0,1100.0,1.0
40000000.0,4.0,1400.0,1.0
25000000.0,3.0,1700.0,1.0
7000000.0,2.0,1000.0,1.0
25000000.0,3.0,1400.0,0.0
17000000.0,3.0,1125.0,0.0
2200000.0,2.0,1400.0,0.0
10000000.0,4.0,1400.0,0.0
9000000.0,4.0,1400.0,0.0
24000000.0,4.0,2660.0,1.0
52000000.0,4.0,2050.0,1.0
137500000.0,4.0,1400.0,0.0
43200000.0,4.0,1400.0,0.0
140000000.0,5.0,3700.0,0.0
17500000.0,4.0,1400.0,0.0
46000000.0,4.0,1400.0,0.0
37500000.0,3.0,1400.0,0.0
22500000.0,4.0,1400.0,0.0
30000000.0,4.0,1400.0,0.0
65000000.0,3.0,1400.0,0.0
7250000.0,2.0,720.0,1.0
7000000.0,3.0,1400.0,0.0
30000000.0,4.0,1400.0,0.0
28500000.0,3.0,1800.0,0.0
26000000.0,3.0,1400.0,0.0
15500000.0,4.0,1400.0,0.0
12000000.0,3.0,1400.0,0.0
22000000.0,4.0,1400.0,0.0
2700000.0,3.0,1400.0,0.0
3500000.0,4.0,1400.0,0.0
45000000.0,4.0,1400.0,0.0
4723000.0,4.0,1400.0,0.0
2400000.0,3.0,1400.0,0.0
35000000.0,3.0,1400.0,0.0
3500000.0,3.0,1400.0,0.0
12000000.0,4.0,1400.0,0.0
11600000.0,3.0,1400.0,0.0
130000000.0,4.0,1400.0,0.0
7500000.0,1.0,450.0,0.0
12500000.0,4.0,1400.0,0.0
26800000.0,3.0,1421.0,1.0
26500000.0,4.0,1900.0,1.0
31000000.0,3.0,1900.0,1.0
6000000.0,3.0,1000.0,1.0
38500000.0,4.0,2000.0,1.0
15000000.0,3.0,1400.0,0.0
22000000.0,8.0,910.0,0.0
17500000.0,5.0,1400.0,0.0
22500000.0,3.0,1298.0,1.0
10000000.0,3.0,1400.0,0.0
22500000.0,4.0,1400.0,0.0
8000000.0,4.0,1400.0,0.0
10500000.0,4.0,1400.0,0.0
4500000.0,3.0,1400.0,0.0
21000000.0,5.0,1400.0,0.0
2400000.0,4.0,1400.0,0.0
2700000.0,3.0,1400.0,0.0
3500000.0,4.0,1400.0,0.0
3418000.0,4.0,1400.0,0.0
2700000.0,2.0,1400.0,0.0
3500000.0,4.0,1400.0,0.0
4160000.0,4.0,1400.0,0.0
12500000.0,4.0,1400.0,0.0
3500000.0,4.0,1400.0,0.0
23500000.0,4.0,1400.0,0.0
2823000.0,4.0,1400.0,0.0
3500000.0,2.0,600.0,1.0
4730000.0,2.0,650.0,0.0
4580000.0,2.0,680.0,0.0
4880000.0,2.0,680.0,0.0
6509999.999999999,3.0,1080.0,1.0
6600000.0,3.0,1080.0,1.0
6520000.0,3.0,1080.0,1.0
4500000.0,3.0,950.0,0.0
19500000.0,3.0,1250.0,1.0
34500000.0,5.0,2250.0,1.0
25000000.0,4.0,1550.0,1.0
32500000.0,3.0,2100.0,1.0
90000000.0,4.0,1800.0,0.0
24000000.0,4.0,1900.0,1.0
125000000.0,4.0,2403.0,1.0
82500000.0,3.0,1953.0,1.0
17000000.0,3.0,1360.0,1.0
8500000.0,2.0,756.0,0.0
11500000.0,2.0,756.0,0.0
10000000.0,2.0,756.0,0.0
10000000.0,4.0,1250.0,1.0
90000000.0,4.0,2000.0,0.0
85000000.0,3.0,1550.0,0.0
82500000.0,3.0,1800.0,0.0
6500000.0,3.0,1080.0,0.0
6500000.0,3.0,1080.0,0.0
2000000.0,1.0,500.0,1.0
25000000.0,3.0,1500.0,1.0
5500000.0,3.0,950.0,1.0
7500000.0,3.0,600.0,1.0
2650000.0,2.0,560.0,1.0
34500000.0,4.0,2400.0,1.0
15000000.0,2.0,800.0,1.0
4850000.0,3.0,950.0,0.0
25000000.0,4.0,1900.0,1.0
2100000.0,1.0,400.0,1.0
3700000.0,2.0,700.0,0.0
3620000.0000000005,2.0,700.0,0.0
32000000.0,5.0,2000.0,1.0
8000000.0,2.0,680.0,1.0
35500000.0,3.0,1800.0,1.0
29000000.0,3.0,1900.0,1.0
8500000.0,3.0,850.0,0.0
85000000.0,4.0,2100.0,1.0
105000000.0,5.0,2799.0,0.0
175000000.0,4.0,3300.0,0.0
7000000.0,3.0,1100.0,1.0
42500000.0,4.0,2250.0,0.0
24800000.0,3.0,1700.0,0.0
16100000.000000002,3.0,1200.0,0.0
15000000.0,3.0,1125.0,1.0
4830000.0,3.0,950.0,0.0
10800000.0,2.0,1200.0,1.0
8600000.0,3.0,850.0,0.0
6200000.0,4.0,1350.0,0.0
130000000.0,4.0,4000.0,0.0
57500000.0,3.0,1700.0,0.0
35000000.0,3.0,1800.0,1.0
2450000.0,2.0,585.0,0.0
6500000.0,3.0,1250.0,0.0
3600000.0,2.0,685.0,1.0
22500000.0,3.0,1800.0,0.0
2450000.0,1.0,450.0,0.0
21000000.0,3.0,1700.0,0.0
24900000.000000004,3.0,1600.0,0.0
4400000.0,2.0,640.0,0.0
4300000.0,2.0,680.0,0.0
4520000.0,2.0,680.0,0.0
4600000.0,2.0,680.0,0.0
4400000.0,2.0,680.0,0.0
4720000.0,2.0,680.0,0.0
4500000.0,2.0,730.0,0.0
4500000.0,2.0,680.0,0.0
4700000.0,2.0,650.0,0.0
4600000.0,2.0,610.0,0.0
4470000.0,2.0,680.0,0.0
4900000.0,2.0,680.0,0.0
4680000.0,2.0,680.0,0.0
8700000.0,2.0,680.0,0.0
7800000.0,2.0,680.0,0.0
11000000.0,2.0,950.0,0.0
29500000.0,3.0,1800.0,1.0
2500000.0,1.0,500.0,1.0
5500000.0,3.0,820.0,1.0
18000000.0,3.0,1300.0,0.0
3600000.0,2.0,700.0,1.0
124000000.0,4.0,2700.0,0.0
20000000.0,3.0,1080.0,1.0
15000000.0,3.0,1530.0,0.0
3450000.0,2.0,540.0,0.0
35500000.0,3.0,1800.0,1.0
17000000.0,4.0,1500.0,1.0
17500000.0,4.0,1450.0,1.0
6500000.0,3.0,1080.0,1.0
2500000.0,1.0,900.0,1.0
6500000.0,3.0,1080.0,1.0
6509999.999999999,3.0,1080.0,1.0
2600000.0,1.0,500.0,0.0
5400000.0,2.0,750.0,0.0
6500000.0,3.0,1250.0,0.0
35500000.0,3.0,1800.0,0.0
26800000.0,3.0,1700.0,1.0
11500000.0,2.0,900.0,0.0
6200000.0,2.0,563.0,0.0
11700000.0,3.0,1100.0,1.0
27000000.0,4.0,2250.0,0.0
35100000.0,4.0,2000.0,0.0
65000000.0,4.0,3465.0,0.0
3000000.0,2.0,650.0,1.0
9500000.0,3.0,1200.0,0.0
16000000.0,3.0,1130.0,1.0
10500000.0,4.0,1400.0,1.0
28000000.0,3.0,1775.0,1.0
4950000.0,1.0,450.0,1.0
5100000.0,2.0,550.0,1.0
12500000.0,3.0,900.0,1.0
40000000.0,3.0,1500.0,1.0
2600000.0,2.0,500.0,0.0
3751000.0,3.0,850.0,0.0
2400000.0,2.0,625.0,1.0
16000000.0,3.0,1350.0,0.0
9500000.0,3.0,1330.0,0.0
2200000.0,2.0,540.0,0.0
5700000.0,2.0,750.0,0.0
14000000.0,3.0,1100.0,0.0
4300000.0,3.0,900.0,1.0
30000000.0,4.0,1800.0,0.0
25000000.0,3.0,1440.0,0.0
241500000.0,4.0,9000.0,0.0
42500000.0,5.0,1800.0,1.0
7500000.0,3.0,1200.0,1.0
4000000.0,1.0,850.0,1.0
4050000.0,2.0,800.0,1.0
3200000.0,2.0,540.0,1.0
13500000.0,3.0,1100.0,0.0
120000000.0,4.0,2100.0,1.0
6800000.0,3.0,800.0,1.0
7500000.0,3.0,1100.0,0.0
27000000.0,3.0,1750.0,1.0
6800000.0,3.0,850.0,1.0
2700000.0,2.0,600.0,1.0
5000000.0,2.0,1000.0,1.0
4800000.0,2.0,680.0,0.0
28500000.0,3.0,1700.0,1.0
17000000.0,3.0,1500.0,0.0
25000000.0,4.0,2350.0,1.0
25900000.0,3.0,1635.0,0.0
35500000.0,3.0,1260.0,0.0
4600000.0,3.0,900.0,1.0
38000000.0,4.0,2020.0,0.0
23000000.0,4.0,2300.0,1.0
65000000.0,4.0,6000.0,0.0
24500000.0,3.0,1700.0,0.0
8200000.0,3.0,850.0,1.0
2400000.0,2.0,535.0,1.0
25000000.0,3.0,1600.0,0.0
25200000.0,3.0,1700.0,1.0
2800000.0,1.0,600.0,1.0
22000000.0,3.0,1650.0,1.0
25200000.0,3.0,1650.0,1.0
6200000.0,5.0,1050.0,0.0
32000000.0,3.0,1639.0,1.0
32500000.0,3.0,1700.0,1.0
14000000.0,3.0,1300.0,0.0
28200000.0,3.0,1810.0,1.0
32500000.0,4.0,2565.0,1.0
105000000.0,4.0,5400.0,1.0
39500000.0,4.0,2200.0,1.0
38500000.0,4.0,2300.0,1.0
8400000.0,3.0,1100.0,1.0
11500000.0,2.0,650.0,1.0
53500000.0,3.0,1872.0,1.0
3600000.0,2.0,900.0,1.0
38500000.0,3.0,2003.0,1.0
37500000.0,4.0,1920.0,1.0
3700000.0,2.0,650.0,1.0
5000000.0,2.0,450.0,0.0
35000000.0,3.0,1695.0,1.0
10800000.0,3.0,1250.0,0.0
5800000.0,2.0,800.0,1.0
29700000.000000004,3.0,1750.0,1.0
7000000.0,3.0,1000.0,1.0
29500000.0,3.0,1700.0,1.0
14000000.0,2.0,1250.0,0.0
17000000.0,3.0,1250.0,0.0
69900000.0,4.0,2700.0,0.0
13500000.0,3.0,900.0,0.0
4200000.0,3.0,800.0,0.0
18500000.0,3.0,1125.0,1.0
30000000.0,3.0,1450.0,1.0
2600000.0,1.0,450.0,0.0
7000000.0,3.0,1000.0,1.0
8000000.0,3.0,1200.0,1.0
15000000.0,3.0,1100.0,1.0
8950000.0,2.0,650.0,1.0
8000000.0,3.0,1200.0,1.0
34000000.0,3.0,1440.0,0.0
10500000.0,2.0,650.0,1.0
11000000.0,2.0,650.0,1.0
6000000.0,3.0,850.0,0.0
4650000.0,3.0,780.0,0.0
7500000.0,3.0,1000.0,1.0
7500000.0,3.0,800.0,1.0
85000000.0,3.0,1963.0,1.0
13799999.999999998,3.0,1250.0,0.0
163500000.0,4.0,2700.0,1.0
28500000.0,3.0,1800.0,0.0
5700000.0,3.0,950.0,1.0
2551000.0,2.0,450.0,0.0
25000000.0,3.0,1800.0,0.0
4011000.0,2.0,800.0,1.0
2700000.0,3.0,400.0,0.0
34000000.0,3.0,1350.0,1.0
6000000.0,2.0,540.0,0.0
4700000.0,3.0,850.0,0.0
7000000.0,3.0,1000.0,1.0
13500000.0,3.0,1000.0,1.0
4100000.0,3.0,850.0,1.0
3350000.0,2.0,540.0,0.0
2350000.0,2.0,500.0,0.0
23500000.0,3.0,1350.0,1.0
22000000.0,3.0,1350.0,1.0
25500000.0,3.0,1350.0,1.0
37500000.0,3.0,1503.0,0.0
32000000.0,3.0,2250.0,1.0
34500000.0,3.0,2000.0,0.0
44000000.0,4.0,2250.0,0.0
15000000.0,3.0,1100.0,0.0
28000000.0,3.0,1350.0,0.0
5200000.0,1.0,450.0,1.0
9600000.0,3.0,1200.0,1.0
25500000.0,3.0,1700.0,0.0
9500000.0,3.0,1000.0,0.0
2500000.0,2.0,540.0,0.0
12000000.0,4.0,1350.0,1.0
36500000.0,4.0,1950.0,1.0
5000000.0,2.0,1000.0,0.0
47500000.0,4.0,2700.0,0.0
5800000.0,3.0,750.0,1.0
5200000.0,2.0,520.0,0.0
6300000.0,3.0,810.0,1.0
57500000.0,3.0,1800.0,1.0
4100000.0,1.0,510.0,1.0
8000000.0,4.0,1300.0,1.0
33100000.0,4.0,2300.0,1.0
2500000.0,1.0,450.0,0.0
4600000.0,2.0,750.0,1.0
8500000.0,3.0,920.0,1.0
27500000.0,3.0,1800.0,1.0
2350000.0,2.0,550.0,0.0
31500000.0,3.0,1200.0,0.0
25500000.0,3.0,1200.0,1.0
4721000.0,3.0,780.0,1.0
47500000.0,4.0,2428.0,0.0
52500000.0,4.0,2124.0,0.0
4200000.0,3.0,900.0,1.0
4800000.0,3.0,950.0,1.0
61500000.0,4.0,3600.0,1.0
2164000.0,1.0,400.0,1.0
5011000.0,3.0,900.0,0.0
6500000.0,2.0,700.0,0.0
2800000.0,1.0,500.0,1.0
17600000.0,4.0,1450.0,0.0
5300000.0,3.0,1050.0,0.0
3521000.0,2.0,750.0,0.0
4600000.0,2.0,450.0,1.0
47500000.0,4.0,2250.0,0.0
26000000.0,3.0,1752.0,1.0
41100000.0,4.0,1912.0,1.0
39000000.0,4.0,2600.0,1.0
4800000.0,2.0,450.0,1.0
28800000.0,3.0,1755.0,1.0
13300000.0,4.0,1449.0,0.0
2400000.0,2.0,650.0,0.0
5500000.0,2.0,550.0,1.0
13700000.000000002,3.0,1100.0,1.0
9500000.0,2.0,950.0,1.0
72500000.0,3.0,2250.0,1.0
2786000.0,2.0,600.0,1.0
2664000.0,2.0,600.0,1.0
3200000.0,2.0,600.0,1.0
4100000.0,3.0,750.0,1.0
5500000.0,3.0,900.0,1.0
3586000.0,2.0,600.0,1.0
4500000.0,3.0,800.0,1.0
35000000.0,4.0,3015.0,1.0
3464000.0,2.0,600.0,1.0
3976000.0,3.0,750.0,1.0
4636000.0,3.0,810.0,1.0
7100000.0,3.0,850.0,0.0
34500000.0,4.0,2500.0,0.0
4650000.0,3.0,780.0,1.0
28000000.0,4.0,2350.0,1.0
3250000.0,2.0,620.0,1.0
10500000.0,3.0,955.0,0.0
29000000.0,3.0,1620.0,1.0
9000000.0,3.0,1100.0,0.0
3700000.0,2.0,600.0,1.0
27500000.0,3.0,1900.0,0.0
13500000.0,3.0,900.0,1.0
3200000.0,2.0,500.0,0.0
28000000.0,4.0,2400.0,0.0
242500000.0,4.0,9000.0,0.0
66000000.0,4.0,2250.0,0.0
290000000.0,4.0,9000.0,0.0
81000000.0,4.0,2700.0,0.0
27500000.0,3.0,1350.0,0.0
12500000.0,3.0,900.0,1.0
3750000.0,2.0,700.0,0.0
5200000.0,3.0,810.0,1.0
5250000.0,3.0,810.0,1.0
36000000.0,4.0,2200.0,0.0
4500000.0,2.0,750.0,1.0
2350000.0,2.0,535.0,1.0
5030000.0,1.0,510.0,1.0
7600000.0,3.0,750.0,0.0
38000000.0,4.0,2200.0,1.0
9600000.0,3.0,1200.0,1.0
4500000.0,2.0,450.0,0.0
9800000.0,3.0,1250.0,1.0
12000000.0,2.0,756.0,0.0
18200000.0,3.0,1400.0,1.0
2400000.0,1.0,450.0,0.0
5400000.0,1.0,510.0,1.0
28500000.0,3.0,1700.0,1.0
25500000.0,3.0,1700.0,1.0
5500000.0,2.0,540.0,1.0
3000000.0,2.0,700.0,1.0
32000000.0,3.0,1800.0,1.0
45000000.0,4.0,2250.0,1.0
37500000.0,4.0,2600.0,1.0
4600000.0,3.0,780.0,1.0
2957000.0,2.0,550.0,1.0
2300000.0,2.0,555.0,0.0
67500000.0,4.0,2100.0,1.0
26500000.0,3.0,1800.0,1.0
4000000.0,2.0,630.0,1.0
5400000.0,3.0,1030.0,1.0
14500000.0,3.0,1200.0,1.0
3200000.0,2.0,550.0,1.0
3800000.0,2.0,750.0,1.0
8000000.0,4.0,1400.0,1.0
8500000.0,4.0,1400.0,1.0
4300000.0,3.0,900.0,1.0
84000000.0,4.0,2880.0,1.0
3700000.0,2.0,700.0,1.0
2300000.0,1.0,320.0,1.0
9000000.0,3.0,800.0,1.0
7000000.0,3.0,900.0,0.0
3400000.0,2.0,810.0,1.0
20000000.0,3.0,1125.0,0.0
27400000.000000004,3.0,1620.0,1.0
21000000.0,3.0,1700.0,1.0
3600000.0,2.0,540.0,1.0
8000000.0,2.0,650.0,1.0
10000000.0,3.0,1350.0,1.0
9500000.0,3.0,1200.0,1.0
4800000.0,2.0,800.0,1.0
5000000.0,2.0,800.0,1.0
2500000.0,1.0,500.0,1.0
2900000.0,1.0,500.0,1.0
4800000.0,2.0,800.0,1.0
2750000.0,1.0,500.0,1.0
2600000.0,1.0,500.0,1.0
3000000.0,1.0,500.0,1.0
7900000.0,3.0,1150.0,1.0
2900000.0,1.0,500.0,1.0
3000000.0,1.0,500.0,1.0
2800000.0,1.0,500.0,1.0
4200000.0,2.0,540.0,0.0
4800000.0,2.0,601.0,0.0
10500000.0,3.0,1100.0,1.0
89000000.0,4.0,2700.0,1.0
57500000.0,3.0,1953.0,1.0
5000000.0,2.0,800.0,1.0
5000000.0,2.0,800.0,1.0
9000000.0,4.0,1215.0,0.0
12200000.0,3.0,1050.0,1.0
14400000.0,3.0,1345.0,0.0
24500000.0,3.0,1900.0,0.0
31500000.0,4.0,2250.0,0.0
57500000.0,3.0,1872.0,1.0
2100000.0,1.0,400.0,1.0
8000000.0,3.0,1400.0,0.0
3350000.0,2.0,650.0,0.0
9500000.0,3.0,1200.0,1.0
18000000.0,3.0,1500.0,1.0
7500000.0,3.0,1400.0,1.0
5500000.0,2.0,650.0,1.0
9000000.0,4.0,1107.0,1.0
42500000.0,4.0,2250.0,0.0
52500000.0,4.0,3300.0,1.0
29000000.0,3.0,1700.0,1.0
8500000.0,3.0,500.0,1.0
12500000.0,3.0,1300.0,0.0
27500000.0,3.0,1800.0,1.0
11500000.0,3.0,828.0,1.0
6100000.0,3.0,750.0,0.0
2400000.0,1.0,450.0,0.0
4700000.0,2.0,750.0,1.0
8000000.0,4.0,1400.0,1.0
11000000.0,2.0,800.0,1.0
8000000.0,3.0,850.0,1.0
86500000.0,4.0,2700.0,1.0
3500000.0,2.0,600.0,1.0
26500000.0,3.0,1785.0,1.0
21900000.0,2.0,1400.0,1.0
4200000.0,2.0,800.0,1.0
4350000.0,2.0,800.0,1.0
26000000.0,3.0,1800.0,1.0
22100000.0,3.0,1615.0,1.0
30000000.0,3.0,1910.0,1.0
27100000.0,3.0,1678.0,1.0
26500000.0,3.0,1620.0,1.0
85000000.0,3.0,1953.0,1.0
2800000.0,2.0,500.0,1.0
3200000.0,2.0,540.0,1.0
3100000.0,2.0,510.0,1.0
2650000.0,2.0,504.0,1.0
3000000.0,2.0,540.0,1.0
2600000.0,2.0,500.0,1.0
3500000.0,2.0,500.0,1.0
65500000.0,4.0,2250.0,0.0
4800000.0,3.0,810.0,1.0
3200000.0,2.0,500.0,1.0
52500000.0,3.0,1800.0,1.0
37500000.0,4.0,2675.0,1.0
38500000.0,4.0,2200.0,1.0
5000000.0,3.0,750.0,1.0
3200000.0,2.0,600.0,1.0
3800000.0,2.0,600.0,1.0
5100000.0,3.0,750.0,1.0
4000000.0,2.0,600.0,1.0
3500000.0,2.0,500.0,1.0
3500000.0,2.0,540.0,1.0
5350000.0,3.0,750.0,1.0
6000000.0,3.0,850.0,1.0
4600000.0,3.0,810.0,1.0
4600000.0,2.0,800.0,1.0
2600000.0,1.0,600.0,1.0
7500000.0,3.0,1400.0,1.0
11000000.0,3.0,1000.0,1.0
29000000.0,3.0,2000.0,0.0
5700000.0,3.0,750.0,0.0
7500000.0,3.0,1300.0,1.0
6500000.0,3.0,1200.0,1.0
87500000.0,4.0,2700.0,1.0
2800000.0,2.0,540.0,0.0
28000000.0,3.0,1800.0,1.0
13000000.0,3.0,1150.0,1.0
14500000.0,3.0,1200.0,1.0
17000000.0,4.0,1400.0,1.0
7000000.0,2.0,700.0,0.0
25800000.0,3.0,1685.0,1.0
17900000.0,4.0,1500.0,1.0
8000000.0,4.0,1400.0,1.0
6800000.0,3.0,1200.0,1.0
3800000.0,2.0,750.0,1.0
9500000.0,3.0,1150.0,1.0
8500000.0,2.0,650.0,1.0
9000000.0,2.0,650.0,1.0
3700000.0,2.0,700.0,1.0
54500000.0,3.0,1800.0,1.0
28000000.0,3.0,1790.0,1.0
38500000.0,4.0,2400.0,1.0
16500000.0,5.0,1250.0,0.0
18000000.0,3.0,1250.0,1.0
3800000.0,1.0,400.0,1.0
3200000.0,2.0,600.0,1.0
30500000.0,3.0,1825.0,1.0
3700000.0,2.0,650.0,1.0
3500000.0,2.0,720.0,1.0
4720000.0,3.0,900.0,1.0
5550000.0,1.0,510.0,1.0
51500000.0,3.0,1800.0,1.0
2800000.0,2.0,550.0,1.0
3650000.0,2.0,625.0,1.0
7400000.0,3.0,1250.0,1.0
7000000.0,4.0,1400.0,1.0
7500000.0,3.0,1260.0,1.0
50000000.0,4.0,2250.0,1.0
24500000.0,3.0,1700.0,1.0
16000000.0,3.0,1050.0,1.0
62500000.0,3.0,1800.0,0.0
29800000.0,3.0,1900.0,1.0
6450000.0,1.0,510.0,1.0
6370000.0,1.0,510.0,1.0
12500000.0,3.0,1250.0,0.0
12500000.0,2.0,1000.0,1.0
6000000.0,2.0,700.0,1.0
11000000.0,2.0,850.0,0.0
11500000.0,3.0,1000.0,1.0
9000000.0,2.0,650.0,1.0
4600000.0,3.0,810.0,1.0
6500000.0,3.0,900.0,1.0
35000000.0,4.0,2000.0,1.0
35000000.0,3.0,1197.0,1.0
3800000.0,2.0,540.0,1.0
4880000.0,3.0,1000.0,1.0
35500000.0,4.0,2088.0,1.0
2050000.0,1.0,400.0,1.0
4600000.0,3.0,900.0,1.0
27500000.0,3.0,2000.0,1.0
14000000.0,3.0,900.0,1.0
13500000.0,2.0,1000.0,1.0
8500000.0,3.0,1040.0,1.0
13000000.0,3.0,690.0,1.0
28500000.0,3.0,1796.0,1.0
34000000.0,4.0,2210.0,1.0
37800000.0,4.0,2368.0,1.0
25500000.0,3.0,1800.0,1.0
4500000.0,3.0,810.0,0.0
3300000.0,2.0,600.0,0.0
3600000.0,2.0,750.0,1.0
3300000.0,2.0,670.0,1.0
7000000.0,2.0,500.0,1.0
8000000.0,2.0,652.0,1.0
9600000.0,3.0,1250.0,1.0
9500000.0,3.0,1200.0,1.0
19000000.0,2.0,1000.0,0.0
7400000.0,3.0,1350.0,1.0
3600000.0,2.0,600.0,1.0
6700000.0,3.0,818.0,1.0
5600000.0,3.0,850.0,1.0
39000000.0,4.0,2200.0,0.0
5000000.0,3.0,900.0,1.0
11500000.0,2.0,1050.0,1.0
4500000.0,2.0,450.0,1.0
51500000.0,3.0,1872.0,1.0
53500000.0,3.0,1872.0,1.0
2500000.0,2.0,600.0,0.0
3300000.0,2.0,715.0,0.0
16500000.0,3.0,1100.0,0.0
11000000.0,4.0,1400.0,1.0
25800000.0,3.0,1800.0,1.0
5200000.0,3.0,810.0,1.0
3400000.0,2.0,670.0,1.0
82500000.0,4.0,2700.0,1.0
3300000.0,2.0,700.0,1.0
3500000.0,2.0,670.0,1.0
6300000.0,3.0,900.0,0.0
34700000.0,4.0,1999.0,0.0
6700000.0,4.0,1350.0,1.0
3750000.0,2.0,550.0,1.0
11000000.0,3.0,1100.0,1.0
2800000.0,2.0,540.0,0.0
3200000.0,2.0,630.0,1.0
4500000.0,2.0,580.0,0.0
2600000.0,2.0,600.0,1.0
4300000.0,3.0,750.0,1.0
4400000.0,3.0,810.0,1.0
4300000.0,3.0,810.0,1.0
3300000.0,2.0,625.0,1.0
12500000.0,3.0,810.0,1.0
3300000.0,2.0,650.0,0.0
7500000.0,3.0,810.0,1.0
6000000.0,3.0,850.0,1.0
6700000.0,3.0,810.0,1.0
162500000.0,4.0,3600.0,0.0
55000000.0,3.0,1800.0,0.0
4239000.0,3.0,600.0,1.0
22500000.0,3.0,1677.0,0.0
140000000.0,3.0,2925.0,1.0
34500000.0,4.0,1999.0,0.0
2700000.0,2.0,600.0,1.0
15000000.0,3.0,1050.0,1.0
4400000.0,2.0,550.0,0.0
4000000.0,3.0,750.0,1.0
3950000.0,3.0,750.0,1.0
2900000.0,2.0,540.0,1.0
2500000.0,2.0,500.0,1.0
2239000.0,1.0,400.0,1.0
21500000.0,2.0,1325.0,1.0
8500000.0,4.0,1200.0,1.0
28000000.0,4.0,2250.0,1.0
7600000.0,3.0,950.0,0.0
5500000.0,2.0,765.0,1.0
37500000.0,3.0,1440.0,1.0
7200000.0,3.0,850.0,1.0
2200000.0,1.0,400.0,0.0
24000000.0,3.0,1100.0,1.0
36000000.0,3.0,1800.0,1.0
7000000.0,3.0,1450.0,1.0
30000000.0,3.0,1125.0,0.0
3000000.0,2.0,500.0,0.0
4800000.0,3.0,750.0,0.0
7611000.0,3.0,1350.0,0.0
6551000.000000001,3.0,1300.0,0.0
8500000.0,3.0,1040.0,1.0
4300000.0,3.0,750.0,1.0
6543000.000000001,3.0,1250.0,1.0
5621000.0,3.0,1050.0,0.0
2851000.0,2.0,600.0,0.0
6511000.0,3.0,1200.0,1.0
9200000.0,3.0,900.0,1.0
13000000.0,3.0,1100.0,1.0
26500000.0,3.0,1600.0,0.0
29500000.0,3.0,1150.0,0.0
35000000.0,4.0,2200.0,0.0
10500000.0,3.0,1020.0,0.0
2600000.0,1.0,500.0,0.0
6800000.0,3.0,810.0,0.0
3800000.0,2.0,600.0,1.0
7000000.0,3.0,1000.0,1.0
6000000.0,1.0,450.0,1.0
2600000.0,1.0,450.0,0.0
8000000.0,3.0,1200.0,1.0
8000000.0,3.0,1200.0,1.0
8000000.0,3.0,1200.0,1.0
4350000.0,1.0,450.0,1.0
82500000.0,3.0,1925.0,1.0
4200000.0,2.0,750.0,1.0
33000000.0,3.0,1143.0,0.0
80000000.0,4.0,2700.0,1.0
23000000.0,3.0,1350.0,1.0
12500000.0,4.0,1350.0,1.0
8500000.0,2.0,720.0,1.0
7500000.0,3.0,1000.0,1.0
7500000.0,3.0,1000.0,1.0
7500000.0,3.0,1000.0,1.0
16000000.0,4.0,1400.0,1.0
26000000.0,3.0,1800.0,1.0
1500000.0,1.0,450.0,1.0
11000000.0,3.0,1600.0,1.0
7500000.0,3.0,1000.0,1.0
25000000.0,4.0,1300.0,1.0
25500000.0,4.0,1300.0,1.0
8400000.0,2.0,650.0,1.0
28500000.0,3.0,1700.0,0.0
18200000.0,2.0,1000.0,0.0
2500000.0,1.0,450.0,0.0
2400000.0,1.0,450.0,0.0
2500000.0,1.0,450.0,0.0
4500000.0,2.0,750.0,1.0
4600000.0,2.0,750.0,1.0
4600000.0,2.0,750.0,1.0
4600000.0,2.0,750.0,1.0
4500000.0,2.0,750.0,1.0
7500000.0,3.0,1000.0,1.0
7500000.0,3.0,1000.0,1.0
4600000.0,2.0,750.0,1.0
4600000.0,2.0,750.0,1.0
4500000.0,2.0,750.0,1.0
7600000.0,3.0,962.0,1.0
65000000.0,3.0,1800.0,0.0
6021000.0,2.0,1000.0,0.0
25500000.0,4.0,2300.0,0.0
22500000.0,3.0,1350.0,1.0
7500000.0,3.0,1100.0,0.0
5950000.0,2.0,800.0,1.0
32000000.0,3.0,1125.0,1.0
16900000.0,4.0,1800.0,1.0
12800000.0,3.0,1000.0,1.0
10000000.0,3.0,1000.0,0.0
145000000.0,4.0,4500.0,1.0
14000000.0,3.0,1300.0,1.0
55000000.0,3.0,1800.0,1.0
7600000.0,3.0,950.0,0.0
4500000.0,3.0,850.0,1.0
9800000.0,3.0,1200.0,1.0
2250000.0,1.0,400.0,0.0
58000000.0,3.0,2097.0,0.0
15600000.0,3.0,1250.0,0.0
27000000.0,3.0,1600.0,0.0
10400000.0,3.0,1150.0,0.0
6500000.0,3.0,900.0,0.0
23800000.0,3.0,1800.0,1.0
87500000.0,4.0,2880.0,1.0
7500000.0,3.0,910.0,1.0
37500000.0,4.0,2400.0,0.0
6800000.0,3.0,1200.0,1.0
6500000.0,3.0,1200.0,1.0
6000000.0,2.0,540.0,1.0
10000000.0,3.0,800.0,1.0
17500000.0,3.0,1100.0,1.0
46000000.0,4.0,2250.0,1.0
17500000.0,2.0,1200.0,1.0
54000000.0,3.0,1800.0,1.0
30000000.0,3.0,1800.0,1.0
4900000.0,3.0,1000.0,1.0
7800000.0,4.0,1100.0,0.0
25500000.0,3.0,1700.0,1.0
36500000.0,4.0,2400.0,0.0
95500000.0,4.0,3600.0,1.0
29500000.0,3.0,1800.0,1.0
11000000.0,4.0,1600.0,1.0
11500000.0,3.0,1100.0,0.0
21000000.0,2.0,1500.0,1.0
153500000.0,4.0,4050.0,0.0
6500000.0,3.0,1200.0,1.0
40500000.0,3.0,1400.0,1.0
13400000.0,3.0,968.0,1.0
26600000.0,4.0,2400.0,0.0
19800000.0,4.0,1500.0,1.0
6800000.0,3.0,810.0,0.0
18500000.0,3.0,1125.0,1.0
24000000.0,3.0,1350.0,1.0
2264000.0,1.0,400.0,1.0
81000000.0,4.0,2700.0,1.0
3000000.0,2.0,600.0,1.0
17000000.0,3.0,1100.0,0.0
3600000.0,2.0,720.0,1.0
18000000.0,3.0,1125.0,1.0
2300000.0,2.0,600.0,1.0
4800000.0,2.0,450.0,1.0
6300000.0,1.0,450.0,1.0
4900000.0,1.0,450.0,1.0
18500000.0,2.0,1000.0,0.0
18500000.0,2.0,1000.0,0.0
18500000.0,2.0,1000.0,0.0
2643000.0,2.0,600.0,1.0
3021000.0,2.0,600.0,1.0
3234000.0000000005,2.0,600.0,1.0
3211999.9999999995,2.0,600.0,1.0
56000000.0,4.0,2700.0,0.0
47000000.0,4.0,2700.0,0.0
2250000.0,1.0,400.0,1.0
57500000.0,3.0,1800.0,0.0
79500000.0,3.0,2097.0,0.0
61000000.0,3.0,2097.0,0.0
81500000.0,4.0,2700.0,0.0
6200000.0,1.0,510.0,1.0
5600000.0,1.0,510.0,1.0
41500000.0,4.0,2250.0,0.0
34700000.0,4.0,2200.0,0.0
36000000.0,4.0,2350.0,1.0
6000000.0,2.0,800.0,0.0
4850000.0,3.0,810.0,1.0
7831000.0,3.0,900.0,1.0
7800000.0,2.0,850.0,1.0
65000000.0,4.0,3240.0,0.0
6800000.0,3.0,810.0,0.0
140000000.0,4.0,7200.0,1.0
10800000.0,3.0,1100.0,1.0
3764000.0,2.0,600.0,1.0
24000000.0,3.0,1350.0,0.0
27500000.0,4.0,2350.0,1.0
27000000.0,4.0,2350.0,1.0
11200000.000000002,3.0,950.0,1.0
10500000.0,3.0,1000.0,1.0
28500000.0,3.0,1800.0,0.0
6500000.0,3.0,810.0,1.0
8500000.0,3.0,900.0,1.0
10500000.0,4.0,1170.0,1.0
86000000.0,4.0,2880.0,1.0
19000000.0,5.0,1300.0,0.0
7700000.0,3.0,1000.0,1.0
25000000.0,6.0,2000.0,1.0
24800000.0,3.0,1600.0,0.0
3761999.9999999995,2.0,600.0,1.0
35500000.0,3.0,1800.0,0.0
35000000.0,3.0,1800.0,0.0
4000000.0,2.0,630.0,1.0
3652000.0000000005,2.0,600.0,1.0
3165000.0,2.0,600.0,1.0
3761999.9999999995,2.0,600.0,1.0
3650000.0,2.0,600.0,1.0
7900000.0,4.0,1300.0,1.0
39000000.0,3.0,1620.0,0.0
50000000.0,4.0,2700.0,0.0
11000000.0,4.0,1600.0,1.0
11000000.0,4.0,1600.0,1.0
10800000.0,3.0,1000.0,1.0
99000000.0,4.0,3600.0,1.0
153500000.0,4.0,3600.0,1.0
75000000.0,4.0,2700.0,0.0
17500000.0,4.0,1500.0,1.0
1600000.0,1.0,450.0,1.0
42500000.0,4.0,2250.0,0.0
61000000.0,3.0,2100.0,1.0
108500000.0,4.0,2700.0,0.0
101500000.0,4.0,2700.0,0.0
41500000.0,3.0,1450.0,1.0
2900000.0,2.0,685.0,1.0
2800000.0,2.0,685.0,1.0
11100000.000000002,2.0,900.0,1.0
104900000.0,4.0,2700.0,0.0
12000000.0,3.0,1800.0,0.0
28000000.0,3.0,1500.0,1.0
11000000.0,4.0,1500.0,1.0
4200000.0,2.0,450.0,1.0
26800000.0,3.0,1800.0,1.0
38500000.0,4.0,2600.0,1.0
3940000.0,2.0,630.0,1.0
14500000.0,3.0,968.0,1.0
13600000.000000002,3.0,968.0,1.0
18000000.0,4.0,1168.0,1.0
21000000.0,4.0,1300.0,1.0
22500000.0,4.0,1400.0,1.0
16000000.0,3.0,1033.0,1.0
9900000.0,3.0,1200.0,1.0
11700000.0,5.0,1780.0,1.0
220000000.0,4.0,4599.0,0.0
17800000.0,2.0,1000.0,0.0
18000000.0,2.0,1000.0,0.0
12500000.0,4.0,1350.0,0.0
3000000.0,2.0,650.0,1.0
78000000.0,4.0,2700.0,0.0
9800000.0,3.0,1200.0,1.0
53500000.0,3.0,1800.0,1.0
32000000.0,3.0,1800.0,1.0
5900000.0,3.0,800.0,1.0
26500000.0,3.0,1350.0,1.0
32000000.0,3.0,1900.0,1.0
32500000.0,3.0,1890.0,1.0
6000000.0,3.0,1000.0,1.0
9300000.0,3.0,1150.0,1.0
1900000.0,1.0,400.0,1.0
6500000.0,3.0,858.0,1.0
6000000.0,3.0,750.0,1.0
5750000.0,3.0,758.0,1.0
3500000.0,2.0,600.0,1.0
60000000.0,3.0,1953.0,1.0
4400000.0,2.0,800.0,1.0
29800000.0,3.0,1700.0,0.0
2600000.0,1.0,500.0,1.0
2400000.0,1.0,500.0,1.0
3000000.0,1.0,500.0,1.0
11000000.0,4.0,1600.0,1.0
11000000.0,4.0,1600.0,1.0
80000000.0,4.0,2800.0,0.0
5500000.0,3.0,950.0,1.0
5400000.0,3.0,950.0,1.0
3700000.0,2.0,650.0,1.0
3700000.0,2.0,650.0,1.0
6500000.0,3.0,1200.0,1.0
7800000.0,4.0,1400.0,1.0
4800000.0,3.0,850.0,1.0
3750000.0,2.0,700.0,1.0
13200000.0,3.0,1100.0,1.0
78000000.0,4.0,2800.0,1.0
78000000.0,4.0,2800.0,1.0
90000000.0,4.0,2700.0,1.0
140000000.0,4.0,4500.0,1.0
85000000.0,4.0,2700.0,1.0
27500000.0,4.0,2300.0,1.0
45000000.0,4.0,3600.0,1.0
1500000.0,1.0,420.0,1.0
55000000.0,3.0,1800.0,0.0
32500000.0,3.0,1800.0,1.0
43099999.99999999,4.0,2200.0,0.0
2750000.0,2.0,520.0,1.0
1700000.0,1.0,420.0,1.0
2000000.0,1.0,400.0,1.0
5500000.0,3.0,750.0,1.0
31500000.0,3.0,1150.0,0.0
5500000.0,3.0,950.0,1.0
8000000.0,4.0,1400.0,1.0
7800000.0,4.0,1400.0,1.0
6500000.0,3.0,1200.0,1.0
13500000.0,2.0,950.0,1.0
4900000.0,3.0,950.0,1.0
3800000.0,2.0,750.0,1.0
3200000.0,2.0,550.0,1.0
29500000.0,3.0,1800.0,1.0
12500000.0,5.0,1100.0,1.0
11000000.0,2.0,650.0,1.0
60000000.0,3.0,1800.0,1.0
9000000.0,3.0,1300.0,1.0
70000000.0,4.0,3600.0,0.0
18500000.0,3.0,1440.0,1.0
19500000.0,3.0,1100.0,1.0
13000000.0,3.0,2200.0,1.0
34000000.0,4.0,2250.0,1.0
27500000.0,3.0,1700.0,1.0
36500000.0,4.0,2350.0,1.0
46000000.0,4.0,2250.0,1.0
14300000.0,3.0,1150.0,0.0
4600000.0,2.0,450.0,0.0
27000000.0,3.0,1900.0,1.0
29200000.0,3.0,1800.0,1.0
28400000.0,3.0,1800.0,1.0
29800000.0,3.0,1900.0,1.0
36000000.0,3.0,1975.0,1.0
92500000.0,4.0,2880.0,0.0
6600000.0,3.0,810.0,1.0
3600000.0,2.0,600.0,1.0
9500000.0,3.0,1100.0,1.0
7000000.0,3.0,900.0,1.0
29000000.0,3.0,1500.0,0.0
38000000.0,4.0,2200.0,1.0
28800000.0,3.0,1800.0,1.0
34500000.0,4.0,2400.0,1.0
2500000.0,2.0,600.0,1.0
16500000.0,3.0,1125.0,1.0
32500000.0,3.0,1900.0,1.0
8200000.0,3.0,850.0,0.0
3200000.0,2.0,540.0,0.0
11700000.0,3.0,1350.0,0.0
15000000.0,3.0,1325.0,0.0
11000000.0,3.0,1050.0,0.0
17500000.0,4.0,1450.0,0.0
11399999.999999998,3.0,1100.0,0.0
3600000.0,2.0,540.0,0.0
3600000.0,2.0,600.0,0.0
3200000.0,2.0,600.0,0.0
35000000.0,3.0,1550.0,0.0
39000000.0,4.0,2400.0,0.0
32500000.0,5.0,2400.0,1.0
11800000.0,3.0,1100.0,1.0
14000000.0,3.0,1500.0,0.0
8500000.0,3.0,690.0,0.0
8500000.0,2.0,540.0,1.0
21000000.0,3.0,1128.0,1.0
6900000.0,3.0,850.0,0.0
3000000.0,2.0,600.0,1.0
5800000.0,3.0,810.0,1.0
4500000.0,3.0,800.0,1.0
13500000.0,2.0,800.0,0.0
6800000.0,3.0,1200.0,1.0
7900000.0,3.0,750.0,1.0
12000000.0,3.0,1200.0,1.0
32500000.0,4.0,2200.0,0.0
5550000.0,3.0,950.0,1.0
3400000.0,2.0,600.0,1.0
13200000.0,3.0,1100.0,1.0
6600000.0,3.0,900.0,1.0
10900000.0,3.0,1050.0,0.0
13000000.0,4.0,1450.0,1.0
13000000.0,4.0,1400.0,1.0
2800000.0,2.0,600.0,0.0
2850000.0,2.0,600.0,0.0
3000000.0,2.0,600.0,0.0
12000000.0,4.0,1350.0,0.0
3500000.0,2.0,700.0,0.0
14000000.0,3.0,1250.0,1.0
12000000.0,3.0,1200.0,0.0
10200000.0,3.0,950.0,0.0
5800000.0,3.0,810.0,1.0
18400000.0,4.0,1450.0,0.0
35000000.0,3.0,1900.0,1.0
18500000.0,2.0,1000.0,0.0
18000000.0,2.0,1000.0,0.0
18200000.0,2.0,1000.0,0.0
18000000.0,2.0,1000.0,0.0
18500000.0,2.0,1000.0,0.0
18800000.0,2.0,1000.0,0.0
6000000.0,3.0,900.0,0.0
2500000.0,1.0,400.0,0.0
4200000.0,2.0,600.0,0.0
37000000.0,3.0,1800.0,1.0
33000000.0,4.0,2200.0,1.0
34500000.0,4.0,2200.0,1.0
34500000.0,4.0,2200.0,0.0
25200000.0,3.0,1600.0,0.0
14500000.0,4.0,1400.0,0.0
7500000.0,3.0,850.0,0.0
3050000.0,2.0,520.0,0.0
4300000.0,3.0,810.0,0.0
7400000.0,3.0,850.0,1.0
3500000.0,2.0,540.0,1.0
3400000.0,2.0,540.0,0.0
3600000.0,2.0,540.0,0.0
2300000.0,1.0,400.0,0.0
39000000.0,3.0,1800.0,1.0
27000000.0,3.0,1750.0,0.0
4850000.0,3.0,900.0,1.0
5800000.0,3.0,950.0,1.0
3600000.0,2.0,700.0,1.0
5700000.0,3.0,950.0,1.0
4900000.0,3.0,950.0,1.0
3000000.0,2.0,570.0,1.0
3400000.0,2.0,600.0,1.0
5000000.0,3.0,800.0,1.0
2900000.0,2.0,500.0,1.0
3500000.0,2.0,600.0,1.0
4700000.0,3.0,750.0,1.0
45000000.0,3.0,1800.0,1.0
17000000.0,4.0,1450.0,0.0
3500000.0,2.0,700.0,1.0
3750000.0,2.0,700.0,1.0
3500000.0,2.0,600.0,1.0
3700000.0,2.0,700.0,1.0
3600000.0,2.0,750.0,1.0
3500000.0,2.0,548.0,0.0
3720000.0000000005,1.0,495.0,1.0
6000000.0,2.0,560.0,0.0
9200000.0,3.0,930.0,1.0
5400000.0,3.0,810.0,0.0
24000000.0,3.0,1300.0,1.0
25500000.0,3.0,1500.0,0.0
11000000.0,3.0,950.0,1.0
8200000.0,3.0,850.0,1.0
23000000.0,4.0,1600.0,1.0
7500000.0,2.0,700.0,1.0
9500000.0,3.0,950.0,1.0
8500000.0,3.0,850.0,1.0
28000000.0,4.0,2300.0,1.0
65000000.0,4.0,2700.0,1.0
53000000.0,5.0,2448.0,1.0
17500000.0,4.0,1450.0,1.0
2700000.0,2.0,650.0,1.0
3600000.0,2.0,750.0,1.0
4800000.0,3.0,950.0,1.0
12500000.0,3.0,1000.0,1.0
9500000.0,3.0,1250.0,1.0
9800000.0,3.0,1200.0,1.0
32500000.0,3.0,1900.0,0.0
26800000.0,3.0,1700.0,0.0
2500000.0,2.0,630.0,1.0
5000000.0,3.0,810.0,0.0
14000000.0,2.0,900.0,1.0
30000000.0,3.0,1530.0,1.0
5600000.0,3.0,750.0,0.0
7300000.0,4.0,1350.0,1.0
3600000.0,2.0,750.0,0.0
16299999.999999998,4.0,1800.0,0.0
2800000.0,2.0,600.0,1.0
4800000.0,3.0,1000.0,1.0
43500000.0,4.0,2250.0,1.0
45000000.0,4.0,2250.0,1.0
4300000.0,3.0,890.0,1.0
6000000.0,3.0,990.0,1.0
37600000.0,4.0,2400.0,1.0
45000000.0,3.0,1800.0,1.0
13200000.0,4.0,1350.0,0.0
3900000.0,2.0,495.0,0.0
8500000.0,3.0,900.0,0.0
12700000.0,4.0,1215.0,0.0
19000000.0,3.0,1100.0,1.0
9500000.0,2.0,900.0,1.0
62500000.0,4.0,2700.0,1.0
5300000.0,3.0,750.0,0.0
8500000.0,3.0,900.0,0.0
2600000.0,2.0,550.0,0.0
16000000.0,3.0,1270.0,0.0
3400000.0,2.0,650.0,0.0
4900000.0,3.0,990.0,1.0
21500000.0,3.0,1179.0,1.0
25700000.0,3.0,1800.0,1.0
32500000.0,4.0,2250.0,1.0
6500000.0,2.0,500.0,0.0
34500000.0,3.0,1125.0,1.0
120000000.0,4.0,5500.0,1.0
9500000.0,3.0,950.0,1.0
36500000.0,4.0,1950.0,1.0
37500000.0,4.0,2000.0,1.0
2850000.0,2.0,650.0,1.0
5800000.0,2.0,600.0,1.0
16000000.0,3.0,1100.0,0.0
1500000.0,1.0,450.0,1.0
29000000.0,3.0,1900.0,0.0
31000000.0,3.0,1800.0,1.0
6000000.0,2.0,450.0,1.0
4500000.0,2.0,450.0,1.0
5000000.0,2.0,450.0,1.0
37500000.0,4.0,2160.0,0.0
6000000.0,2.0,520.0,1.0
22500000.0,3.0,1800.0,1.0
29000000.0,4.0,2250.0,0.0
18200000.0,5.0,1500.0,0.0
31100000.0,4.0,2250.0,0.0
33000000.0,3.0,1900.0,0.0
31000000.0,4.0,2250.0,0.0
27000000.0,3.0,1900.0,0.0
27000000.0,4.0,1900.0,0.0
22500000.0,3.0,1900.0,0.0
28000000.0,3.0,1900.0,0.0
16900000.0,3.0,1100.0,0.0
25000000.0,4.0,1900.0,0.0
17500000.0,3.0,1100.0,0.0
15200000.0,2.0,1200.0,0.0
12500000.0,3.0,810.0,1.0
18000000.0,3.0,1100.0,0.0
150000000.0,4.0,3600.0,1.0
27500000.0,3.0,1700.0,1.0
11000000.0,4.0,1600.0,1.0
29700000.000000004,3.0,2200.0,1.0
6000000.0,3.0,900.0,1.0
13000000.0,3.0,1100.0,1.0
35700000.0,4.0,2350.0,1.0
28500000.0,4.0,2300.0,1.0
23000000.0,2.0,1800.0,1.0
3700000.0,2.0,700.0,1.0
1800000.0,1.0,450.0,1.0
19500000.0,4.0,2300.0,1.0
4800000.0,2.0,570.0,0.0
28500000.0,3.0,1800.0,0.0
25000000.0,3.0,1700.0,1.0
11700000.0,4.0,1200.0,1.0
10000000.0,3.0,1150.0,1.0
7400000.0,3.0,1100.0,1.0
17500000.0,3.0,1350.0,1.0
3000000.0,2.0,600.0,1.0
2450000.0,2.0,477.0,1.0
8400000.0,3.0,1100.0,1.0
8000000.0,3.0,1080.0,1.0
2500000.0,2.0,560.0,1.0
70000000.0,4.0,2799.0,1.0
4300000.0,2.0,450.0,1.0
4200000.0,2.0,900.0,1.0
4700000.0,3.0,810.0,1.0
37500000.0,3.0,1800.0,0.0
22500000.0,3.0,1700.0,1.0
4850000.0,3.0,800.0,1.0
39000000.0,4.0,2300.0,0.0
2700000.0,2.0,1200.0,1.0
6500000.0,3.0,1000.0,1.0
3050000.0,2.0,650.0,1.0
20500000.0,2.0,1250.0,1.0
4850000.0,3.0,810.0,0.0
4850000.0,3.0,880.0,0.0
3950000.0,2.0,680.0,0.0
29000000.0,3.0,1900.0,0.0
14000000.0,2.0,1000.0,1.0
4540000.0,2.0,650.0,0.0
27500000.0,3.0,1800.0,1.0
5200000.0,3.0,810.0,1.0
4930000.0,2.0,670.0,0.0
4300000.0,2.0,640.0,0.0
8500000.0,4.0,1200.0,0.0
3600000.0,2.0,550.0,1.0
21500000.0,5.0,1500.0,1.0
34000000.0,4.0,2200.0,1.0
24000000.0,3.0,1600.0,1.0
25800000.0,3.0,1700.0,1.0
34500000.0,4.0,2100.0,0.0
32500000.0,5.0,2000.0,1.0
34000000.0,3.0,1950.0,1.0
30500000.0,3.0,1800.0,1.0
22000000.0,2.0,1200.0,1.0
7450000.0,3.0,1011.0,1.0
3150000.0,2.0,680.0,0.0
27500000.0,4.0,2000.0,1.0
28500000.0,3.0,1800.0,0.0
34000000.0,4.0,2200.0,1.0
29500000.0,3.0,1800.0,1.0
7500000.0,3.0,990.0,1.0
3850000.0,1.0,450.0,1.0
6500000.0,3.0,1080.0,1.0
25000000.0,4.0,3150.0,1.0
5500000.0,2.0,900.0,1.0
27500000.0,3.0,1800.0,1.0
70000000.0,4.0,3600.0,0.0
2500000.0,1.0,500.0,1.0
25500000.0,3.0,1550.0,1.0
8200000.0,3.0,1215.0,1.0
40000000.0,4.0,2250.0,0.0
16500000.0,2.0,1200.0,0.0
18200000.0,2.0,1250.0,0.0
32000000.0,3.0,1800.0,1.0
32500000.0,3.0,1800.0,1.0
4500000.0,3.0,750.0,1.0
4451000.0,3.0,990.0,1.0
35000000.0,4.0,2250.0,0.0
3400000.0,2.0,650.0,1.0
4500000.0,2.0,720.0,1.0
15100000.0,2.0,1300.0,0.0
28800000.0,3.0,1800.0,1.0
12000000.0,4.0,1600.0,0.0
15500000.0,2.0,1000.0,1.0
2700000.0,2.0,540.0,1.0
5560000.0,2.0,750.0,1.0
27000000.0,3.0,1900.0,1.0
5700000.0,3.0,650.0,1.0
5800000.0,3.0,620.0,1.0
26200000.0,3.0,1850.0,1.0
29500000.0,3.0,1620.0,0.0
10500000.0,3.0,1100.0,1.0
30300000.0,3.0,1700.0,1.0
15200000.0,2.0,1200.0,1.0
24800000.0,3.0,1800.0,1.0
12500000.0,4.0,1400.0,1.0
9500000.0,2.0,900.0,0.0
6500000.0,3.0,850.0,0.0
21700000.0,3.0,1600.0,0.0
5000000.0,2.0,750.0,1.0
19500000.0,2.0,1200.0,0.0
3151000.0,2.0,640.0,1.0
1700000.0,1.0,450.0,1.0
4300000.0,3.0,800.0,1.0
4850000.0,1.0,450.0,1.0
3650000.0,2.0,550.0,1.0
3200000.0,2.0,585.0,0.0
3200000.0,2.0,585.0,0.0
5132000.0,3.0,810.0,1.0
4000000.0,1.0,450.0,1.0
7000000.0,3.0,750.0,0.0
27500000.0,3.0,1500.0,1.0
4500000.0,2.0,450.0,1.0
27200000.000000004,3.0,1800.0,0.0
3500000.0,2.0,650.0,1.0
3200000.0,2.0,650.0,1.0
5000000.0,2.0,550.0,1.0
6000000.0,3.0,1250.0,0.0
15500000.0,2.0,1000.0,0.0
28500000.0,3.0,1600.0,0.0
8011000.0,4.0,1500.0,0.0
9800000.0,3.0,990.0,1.0
14000000.0,4.0,1350.0,1.0
28500000.0,3.0,1500.0,1.0
26500000.0,3.0,1500.0,1.0
3200000.0,2.0,670.0,1.0
20000000.0,3.0,1350.0,1.0
14800000.0,2.0,1000.0,1.0
8455000.0,3.0,1145.0,0.0
4800000.0,2.0,680.0,0.0
14500000.0,2.0,1000.0,1.0
35500000.0,4.0,2300.0,1.0
6200000.0,3.0,1000.0,1.0
22100000.0,3.0,1550.0,0.0
20500000.0,2.0,1300.0,1.0
8500000.0,3.0,850.0,1.0
39000000.0,4.0,2200.0,1.0
29800000.0,3.0,1700.0,1.0
5500000.0,2.0,700.0,1.0
7477000.0,3.0,1090.0,0.0
38500000.0,4.0,2200.0,1.0
12500000.0,3.0,1000.0,0.0
29200000.0,3.0,1800.0,1.0
32900000.0,4.0,2000.0,1.0
14000000.0,2.0,1100.0,1.0
25200000.0,3.0,1700.0,0.0
9000000.0,3.0,950.0,1.0
17000000.0,3.0,1080.0,0.0
13000000.0,2.0,900.0,1.0
33000000.0,4.0,2200.0,1.0
3800000.0,2.0,750.0,1.0
5950000.0,1.0,450.0,1.0
24800000.0,3.0,2000.0,1.0
27500000.0,3.0,1250.0,1.0
5350000.0,1.0,450.0,1.0
20500000.0,2.0,1800.0,1.0
25500000.0,3.0,1800.0,1.0
5400000.0,3.0,1100.0,0.0
29500000.0,3.0,2000.0,1.0
39000000.0,4.0,2400.0,1.0
34500000.0,4.0,2200.0,1.0
6500000.0,3.0,1150.0,0.0
27000000.0,3.0,1750.0,1.0
25800000.0,3.0,1800.0,1.0
35500000.0,4.0,2200.0,1.0
13000000.0,2.0,1250.0,1.0
14000000.0,3.0,950.0,1.0
85000000.0,4.0,4900.0,1.0
55000000.0,4.0,2500.0,0.0
35000000.0,3.0,1776.0,1.0
65000000.0,3.0,1850.0,1.0
8000000.0,2.0,600.0,1.0
35000000.0,4.0,2250.0,1.0
7900000.0,2.0,1240.0,0.0
4500000.0,3.0,850.0,0.0
3500000.0,2.0,650.0,1.0
13500000.0,2.0,1100.0,1.0
17000000.0,3.0,1080.0,0.0
6600000.0,2.0,650.0,1.0
3710000.0,2.0,550.0,1.0
14500000.0,3.0,1100.0,1.0
3400000.0,2.0,600.0,1.0
32000000.0,3.0,1125.0,1.0
18500000.0,3.0,1200.0,0.0
34500000.0,4.0,2000.0,1.0
25800000.0,3.0,1600.0,1.0
17500000.0,4.0,1400.0,1.0
24200000.0,3.0,1750.0,1.0
90000000.0,4.0,2700.0,1.0
13500000.0,3.0,1100.0,1.0
7700000.0,3.0,800.0,1.0
17000000.0,2.0,1500.0,1.0
9900000.0,3.0,1100.0,1.0
9900000.0,3.0,1150.0,1.0
12000000.0,4.0,1260.0,0.0
28000000.0,3.0,1900.0,0.0
32500000.0,3.0,1700.0,1.0
25000000.0,3.0,1172.0,1.0
15000000.0,2.0,1200.0,1.0
3950000.0,1.0,450.0,1.0
8500000.0,3.0,990.0,0.0
13600000.000000002,2.0,1400.0,1.0
5800000.0,3.0,756.0,1.0
3251000.0,2.0,640.0,1.0
3500000.0,2.0,650.0,1.0
36500000.0,4.0,2200.0,0.0
20000000.0,4.0,1980.0,0.0
52500000.0,3.0,1800.0,1.0
32000000.0,3.0,120.0,0.0
31000000.0,5.0,1800.0,1.0
3250000.0,2.0,650.0,1.0
3350000.0,2.0,650.0,1.0
13500000.0,3.0,1125.0,1.0
3000000.0,2.0,560.0,1.0
25500000.0,3.0,1600.0,0.0
9500000.0,3.0,900.0,1.0
1600000.0,1.0,450.0,1.0
12400000.0,3.0,900.0,0.0
9010000.0,3.0,1260.0,1.0
34000000.0,4.0,2400.0,1.0
6500000.0,3.0,1000.0,1.0
27000000.0,2.0,1250.0,1.0
6500000.0,3.0,1350.0,0.0
25200000.0,3.0,1700.0,1.0
26000000.0,4.0,1900.0,0.0
25000000.0,4.0,1900.0,0.0
25700000.0,3.0,2000.0,1.0
2900000.0,2.0,600.0,1.0
2400000.0,2.0,550.0,1.0
8000000.0,2.0,700.0,0.0
4200000.0,2.0,450.0,1.0
7831000.0,3.0,1250.0,1.0
58500000.0,3.0,3000.0,1.0
3650000.0,2.0,550.0,1.0
27000000.0,3.0,1500.0,1.0
26000000.0,3.0,1750.0,1.0
8500000.0,1.0,500.0,1.0
4500000.0,2.0,650.0,0.0
27500000.0,3.0,2000.0,1.0
2700000.0,2.0,550.0,1.0
17000000.0,4.0,1575.0,1.0
20000000.0,3.0,963.0,0.0
31800000.0,3.0,1700.0,1.0
2300000.0,1.0,450.0,1.0
26200000.0,4.0,2300.0,1.0
6500000.0,2.0,600.0,1.0
17000000.0,3.0,1250.0,1.0
3550000.0,2.0,600.0,1.0
29500000.0,3.0,1750.0,0.0
135000000.0,4.0,4600.0,1.0
55000000.0,3.0,1800.0,1.0
7500000.0,3.0,1300.0,1.0
4600000.0,2.0,800.0,0.0
22000000.0,3.0,1500.0,1.0
7500000.0,4.0,1150.0,0.0
27500000.0,3.0,1350.0,0.0
70000000.0,4.0,2500.0,0.0
6500000.0,2.0,702.0,0.0
4300000.0,3.0,810.0,1.0
30000000.0,3.0,1593.0,0.0
19500000.0,3.0,1500.0,1.0
8000000.0,4.0,1050.0,0.0
5850000.0,1.0,450.0,1.0
28000000.0,3.0,2000.0,1.0
8600000.0,3.0,990.0,1.0
9700000.0,3.0,1400.0,1.0
9700000.0,4.0,1400.0,1.0
12400000.0,4.0,1400.0,1.0
11700000.0,4.0,1400.0,1.0
12000000.0,4.0,1400.0,1.0
12000000.0,4.0,1450.0,1.0
12500000.0,4.0,1400.0,1.0
12000000.0,4.0,1400.0,1.0
12500000.0,4.0,1400.0,1.0
11399999.999999998,4.0,1400.0,1.0
7500000.0,3.0,1000.0,1.0
3500000.0,2.0,675.0,1.0
25300000.0,3.0,1450.0,1.0
9000000.0,3.0,900.0,1.0
22000000.0,2.0,1200.0,0.0
7526000.000000001,3.0,1000.0,1.0
2650000.0,2.0,550.0,1.0
5540000.0,3.0,1000.0,1.0
3700000.0,2.0,685.0,1.0
6300000.0,3.0,1000.0,1.0
37500000.0,3.0,1600.0,1.0
29500000.0,3.0,1700.0,1.0
9000000.0,3.0,785.0,1.0
30000000.0,3.0,1600.0,1.0
6400000.0,3.0,1000.0,1.0
6500000.0,3.0,1000.0,1.0
6600000.0,3.0,1000.0,1.0
8000000.0,3.0,990.0,0.0
9000000.0,3.0,1125.0,0.0
7500000.0,2.0,648.0,0.0
3600000.0,2.0,500.0,1.0
11600000.0,3.0,1050.0,1.0
25800000.0,3.0,1800.0,1.0
28500000.0,3.0,1700.0,1.0
6400000.0,3.0,1250.0,0.0
17500000.0,3.0,1250.0,1.0
90000000.0,4.0,2700.0,1.0
3351000.0,2.0,640.0,1.0
5900000.0,1.0,500.0,1.0
9700000.0,3.0,1125.0,1.0
24500000.0,3.0,1800.0,1.0
3850000.0,2.0,600.0,1.0
5200000.0,2.0,600.0,0.0
38500000.0,2.0,1400.0,0.0
37500000.0,3.0,2000.0,0.0
15000000.0,3.0,1125.0,1.0
12000000.0,2.0,1000.0,1.0
9550000.0,3.0,1300.0,1.0
26500000.0,3.0,1350.0,1.0
1700000.0,1.0,420.0,0.0
33100000.0,3.0,2000.0,1.0
12500000.0,3.0,890.0,0.0
6600000.0,1.0,500.0,1.0
20500000.0,2.0,1400.0,1.0
28800000.0,3.0,1700.0,1.0
25000000.0,3.0,1350.0,1.0
3500000.0,2.0,650.0,1.0
8000000.0,3.0,1350.0,1.0
9900000.0,2.0,900.0,0.0
7500000.0,4.0,900.0,0.0
2700000.0,2.0,560.0,1.0
11000000.0,3.0,900.0,1.0
25000000.0,3.0,1700.0,1.0
14000000.0,3.0,900.0,0.0
12000000.0,3.0,900.0,0.0
22000000.0,3.0,1125.0,0.0
39000000.0,3.0,3200.0,1.0
31500000.0,3.0,1700.0,1.0
15000000.0,2.0,1100.0,1.0
9000000.0,3.0,1260.0,1.0
27000000.0,3.0,1700.0,1.0
50000000.0,3.0,1800.0,1.0
40000000.0,4.0,2000.0,1.0
6500000.0,3.0,1000.0,1.0
23500000.0,3.0,1650.0,1.0
34000000.0,4.0,2300.0,1.0
32000000.0,3.0,1700.0,0.0
2500000.0,2.0,550.0,0.0
23000000.0,3.0,1800.0,0.0
25500000.0,3.0,1900.0,1.0
17500000.0,2.0,1200.0,0.0
28000000.0,3.0,1700.0,0.0
8500000.0,3.0,1500.0,1.0
14500000.0,2.0,1200.0,1.0
40000000.0,4.0,2228.0,1.0
39000000.0,5.0,2400.0,1.0
22000000.0,4.0,2250.0,0.0
27000000.0,3.0,1750.0,1.0
2700000.0,2.0,550.0,1.0
16500000.0,3.0,1000.0,1.0
150000000.0,4.0,4500.0,1.0
14500000.0,3.0,1100.0,0.0
4851000.0,3.0,900.0,1.0
3300000.0,2.0,680.0,1.0
7000000.0,2.0,900.0,1.0
38500000.0,4.0,2400.0,0.0
38000000.0,4.0,2400.0,1.0
5611000.0,2.0,720.0,1.0
17500000.0,4.0,1350.0,1.0
34500000.0,4.0,2150.0,1.0
6200000.0,3.0,990.0,0.0
17500000.0,3.0,1800.0,1.0
2600000.0,2.0,750.0,1.0
26800000.0,3.0,1600.0,0.0
33500000.0,3.0,1600.0,1.0
79000000.0,4.0,4000.0,1.0
27500000.0,3.0,1440.0,1.0
17500000.0,3.0,1440.0,1.0
28000000.0,3.0,1440.0,1.0
34000000.0,4.0,2200.0,1.0
11000000.0,3.0,900.0,0.0
27500000.0,3.0,1350.0,1.0
6000000.0,2.0,520.0,0.0
4500000.0,2.0,450.0,1.0
7500000.0,2.0,720.0,1.0
11000000.0,3.0,1200.0,1.0
30500000.0,3.0,1700.0,0.0
33000000.0,3.0,1130.0,1.0
29200000.0,3.0,1900.0,1.0
47500000.0,3.0,1800.0,0.0
130000000.0,4.0,3600.0,1.0
125000000.0,4.0,4383.0,1.0
2850000.0,2.0,660.0,1.0
14000000.0,2.0,950.0,1.0
33000000.0,4.0,2200.0,0.0
14500000.0,3.0,1300.0,0.0
29700000.000000004,3.0,1600.0,1.0
5500000.0,3.0,850.0,1.0
22500000.0,3.0,1100.0,1.0
27000000.0,3.0,1500.0,1.0
32500000.0,3.0,2000.0,1.0
38500000.0,4.0,2400.0,1.0
4500000.0,3.0,1000.0,1.0
5932000.0,2.0,762.0,0.0
18500000.0,3.0,1125.0,1.0
13000000.0,3.0,1125.0,1.0
39000000.0,4.0,2200.0,1.0
6500000.0,2.0,700.0,1.0
38500000.0,4.0,2600.0,1.0
6400000.0,3.0,1000.0,1.0
26800000.0,3.0,1600.0,0.0
24800000.0,3.0,1700.0,0.0
16000000.0,4.0,1800.0,0.0
15900000.0,4.0,1800.0,0.0
11000000.0,3.0,1000.0,1.0
2800000.0,1.0,500.0,1.0
3000000.0,1.0,500.0,0.0
9600000.0,3.0,1000.0,1.0
13000000.0,4.0,1300.0,1.0
2750000.0,2.0,585.0,1.0
26500000.0,3.0,1250.0,1.0
6515000.000000001,3.0,1200.0,0.0
39500000.0,3.0,1800.0,0.0
29500000.0,3.0,1700.0,0.0
28500000.0,3.0,1700.0,1.0
36000000.0,4.0,2200.0,0.0
3000000.0,2.0,650.0,1.0
18500000.0,4.0,2350.0,0.0
4500000.0,2.0,800.0,0.0
9000000.0,3.0,1200.0,1.0
6550000.0,3.0,1000.0,1.0
11500000.0,4.0,1400.0,1.0
7400000.0,3.0,900.0,1.0
6000000.0,3.0,900.0,1.0
6750000.0,3.0,1000.0,1.0
7600000.0,3.0,800.0,1.0
1800000.0,1.0,500.0,0.0
32000000.0,3.0,1800.0,1.0
25000000.0,3.0,1700.0,0.0
21000000.0,3.0,1750.0,0.0
3300000.0,2.0,600.0,1.0
27000000.0,3.0,1650.0,0.0
8050000.0,4.0,1400.0,0.0
15000000.0,5.0,1750.0,1.0
28500000.0,3.0,1700.0,0.0
7500000.0,3.0,1000.0,1.0
3400000.0,2.0,600.0,1.0
11000000.0,3.0,1600.0,1.0
16500000.0,3.0,1700.0,1.0
28000000.0,3.0,1970.0,1.0
36000000.0,4.0,2300.0,1.0
11399999.999999998,3.0,950.0,1.0
8600000.0,3.0,800.0,1.0
8500000.0,3.0,800.0,1.0
12500000.0,4.0,1800.0,1.0
6500000.0,3.0,1125.0,1.0
8500000.0,3.0,1260.0,1.0
8500000.0,3.0,1260.0,1.0
8500000.0,3.0,1260.0,1.0
6500000.0,3.0,1125.0,1.0
16000000.0,3.0,1150.0,1.0
28800000.0,3.0,1800.0,1.0
29800000.0,3.0,1900.0,0.0
4670000.0,2.0,670.0,0.0
4680000.0,2.0,660.0,0.0
36000000.0,4.0,2200.0,0.0
28500000.0,3.0,1958.0,1.0
25200000.0,3.0,1700.0,1.0
32500000.0,3.0,1700.0,0.0
29000000.0,3.0,1700.0,1.0
40000000.0,4.0,2300.0,1.0
5000000.0,3.0,950.0,0.0
3000000.0,2.0,560.0,1.0
28500000.0,3.0,1700.0,1.0
75000000.0,3.0,4500.0,0.0
4100000.0,2.0,500.0,0.0
23800000.0,3.0,1600.0,0.0
25000000.0,3.0,1700.0,0.0
36000000.0,4.0,2350.0,1.0
13500000.0,3.0,1150.0,1.0
64000000.0,5.0,4800.0,1.0
7800000.0,3.0,900.0,1.0
28200000.0,3.0,1800.0,1.0
49900000.0,4.0,2500.0,1.0
29000000.0,3.0,1700.0,0.0
7000000.0,2.0,750.0,0.0
27800000.0,3.0,1650.0,1.0
26000000.0,3.0,1600.0,0.0
13500000.0,3.0,720.0,1.0
28500000.0,3.0,1700.0,1.0
30000000.0,3.0,1700.0,0.0
29800000.0,3.0,1550.0,1.0
18000000.0,3.0,1197.0,1.0
8000000.0,3.0,1215.0,1.0
24800000.0,3.0,1700.0,0.0
20100000.0,3.0,1125.0,1.0
9500000.0,3.0,1000.0,1.0
17000000.0,3.0,1080.0,0.0
39000000.0,4.0,2200.0,0.0
29800000.0,3.0,1900.0,0.0
17500000.0,3.0,1250.0,1.0
11000000.0,3.0,1000.0,1.0
7100000.0,3.0,1050.0,1.0
70000000.0,4.0,2500.0,0.0
50000000.0,4.0,2300.0,0.0
22500000.0,5.0,2000.0,0.0
4100000.0,2.0,675.0,1.0
14000000.0,3.0,1100.0,1.0
29000000.0,3.0,1700.0,0.0
23000000.0,3.0,1700.0,1.0
14500000.0,3.0,1250.0,1.0
38800000.0,4.0,2600.0,0.0
28500000.0,3.0,1900.0,1.0
28500000.0,3.0,1800.0,0.0
38500000.0,4.0,2300.0,0.0
1900000.0,1.0,400.0,1.0
25800000.0,3.0,1600.0,0.0
28500000.0,3.0,1700.0,1.0
6600000.0,3.0,1000.0,1.0
9800000.0,3.0,1350.0,0.0
27500000.0,3.0,1683.0,1.0
27500000.0,3.0,1700.0,1.0
39500000.0,4.0,2400.0,1.0
30000000.0,3.0,1700.0,0.0
6500000.0,3.0,1100.0,1.0
10000000.0,2.0,648.0,0.0
1500000.0,1.0,450.0,1.0
5900000.0,3.0,1000.0,0.0
5400000.0,2.0,800.0,1.0
2900000.0,2.0,650.0,0.0
10000000.0,4.0,1400.0,0.0
15000000.0,3.0,60.0,0.0
47500000.0,4.0,3200.0,1.0
29400000.0,3.0,1700.0,1.0
17500000.0,2.0,1200.0,0.0
39000000.0,4.0,2200.0,0.0
25000000.0,3.0,1700.0,1.0
4500000.0,2.0,750.0,0.0
9000000.0,5.0,500.0,0.0
7600000.0,2.0,675.0,1.0
24500000.0,3.0,1600.0,0.0
3200000.0,2.0,550.0,1.0
37000000.0,4.0,2500.0,1.0
35000000.0,3.0,1710.0,1.0
4780000.0,2.0,680.0,0.0
40000000.0,4.0,1800.0,1.0
28500000.0,3.0,1700.0,0.0
12500000.0,3.0,1050.0,0.0
5500000.0,2.0,800.0,1.0
41000000.0,4.0,2200.0,0.0
3600000.0,2.0,650.0,0.0
34000000.0,4.0,2400.0,1.0
19900000.0,3.0,1450.0,1.0
6400000.0,3.0,900.0,1.0
6800000.0,3.0,775.0,1.0
28000000.0,3.0,1700.0,0.0
26500000.0,3.0,1800.0,1.0
25800000.0,3.0,1600.0,0.0
6900000.0,2.0,900.0,1.0
6500000.0,3.0,1000.0,1.0
39000000.0,4.0,2300.0,1.0
29700000.000000004,3.0,1800.0,0.0
28500000.0,3.0,1600.0,1.0
4800000.0,3.0,900.0,0.0
8500000.0,3.0,1000.0,1.0
27000000.0,3.0,1600.0,1.0
28500000.0,3.0,1900.0,1.0
8500000.0,3.0,1260.0,1.0
6500000.0,3.0,990.0,1.0
5520000.0,2.0,750.0,0.0
26500000.0,3.0,1800.0,1.0
26000000.0,3.0,1350.0,1.0
17000000.0,2.0,1100.0,1.0
62000000.0,3.0,1900.0,1.0
8500000.0,2.0,850.0,0.0
25500000.0,3.0,1700.0,0.0
28500000.0,3.0,1800.0,1.0
8500000.0,3.0,1100.0,1.0
32000000.0,3.0,1900.0,1.0
7000000.0,3.0,810.0,1.0
8500000.0,4.0,1200.0,1.0
9500000.0,3.0,900.0,1.0
6500000.0,3.0,858.0,1.0
6100000.0,3.0,900.0,1.0
7550000.0,3.0,900.0,1.0
6500000.0,3.0,850.0,1.0
22500000.0,3.0,1440.0,1.0
11000000.0,3.0,901.0,1.0
7500000.0,3.0,850.0,1.0
24500000.0,3.0,1600.0,0.0
26800000.0,3.0,1753.0,1.0
28600000.0,3.0,1700.0,1.0
6600000.0,3.0,950.0,1.0
7400000.0,3.0,1000.0,1.0
20500000.0,3.0,1125.0,1.0
9000000.0,3.0,910.0,1.0
18000000.0,4.0,1500.0,1.0
15200000.0,2.0,1200.0,0.0
4820000.0,2.0,680.0,0.0
29500000.0,3.0,1700.0,0.0
28000000.0,3.0,1750.0,0.0
4600000.0,2.0,450.0,1.0
5000000.0,3.0,600.0,0.0
1800000.0,1.0,400.0,1.0
20500000.0,2.0,1300.0,1.0
35000000.0,4.0,1961.0,1.0
27500000.0,3.0,1958.0,1.0
8500000.0,1.0,550.0,1.0
3650000.0,2.0,650.0,0.0
3000000.0,2.0,560.0,1.0
3000000.0,2.0,560.0,1.0
2000000.0,1.0,400.0,1.0
33000000.0,3.0,1130.0,1.0
24500000.0,3.0,1800.0,1.0
41100000.0,4.0,2200.0,1.0
14500000.0,3.0,1300.0,1.0
23500000.0,3.0,1440.0,1.0
5800000.0,5.0,410.0,1.0
4800000.0,2.0,750.0,0.0
27200000.000000004,3.0,1600.0,0.0
28200000.0,3.0,2000.0,1.0
5500000.0,2.0,495.0,1.0
5500000.0,2.0,495.0,1.0
30500000.0,3.0,1900.0,1.0
27800000.0,3.0,1900.0,1.0
35000000.0,4.0,2200.0,0.0
32500000.0,3.0,1700.0,0.0
24800000.0,3.0,1700.0,1.0
5400000.0,2.0,800.0,1.0
2950000.0,2.0,550.0,1.0
28800000.0,3.0,1800.0,0.0
32000000.0,3.0,1800.0,0.0
21700000.0,3.0,1550.0,1.0
37800000.0,4.0,2100.0,0.0
11500000.0,3.0,950.0,0.0
34500000.0,4.0,2400.0,1.0
54500000.0,3.0,1872.0,0.0
37600000.0,4.0,2400.0,0.0
10000000.0,3.0,450.0,1.0
40000000.0,3.0,1800.0,0.0
7100000.0,3.0,1000.0,0.0
26500000.0,3.0,1500.0,1.0
8500000.0,4.0,1250.0,1.0
38000000.0,3.0,1958.0,1.0
16000000.0,3.0,900.0,0.0
5000000.0,2.0,850.0,1.0
5200000.0,2.0,900.0,1.0
32500000.0,4.0,2000.0,1.0
2800000.0,2.0,405.0,0.0
26500000.0,3.0,1850.0,1.0
82500000.0,4.0,2700.0,0.0
8500000.0,3.0,1260.0,0.0
9500000.0,4.0,1300.0,1.0
28200000.0,3.0,2000.0,1.0
29800000.0,3.0,1800.0,1.0
42500000.0,4.0,2200.0,0.0
31000000.0,5.0,1800.0,1.0
37500000.0,4.0,2200.0,0.0
28000000.0,3.0,1700.0,0.0
39000000.0,4.0,2400.0,1.0
12500000.0,4.0,1400.0,1.0
28500000.0,4.0,2300.0,1.0
28000000.0,3.0,1800.0,1.0
38000000.0,4.0,2200.0,1.0
7600000.0,3.0,1000.0,1.0
6800000.0,3.0,900.0,1.0
2200000.0,1.0,450.0,1.0
28500000.0,3.0,1700.0,0.0
27000000.0,3.0,1750.0,0.0
29500000.0,3.0,1700.0,0.0
28500000.0,3.0,1800.0,0.0
3500000.0,2.0,540.0,1.0
18500000.0,4.0,1500.0,0.0
28400000.0,3.0,2250.0,0.0
8000000.0,3.0,1200.0,1.0
17500000.0,3.0,1100.0,1.0
41500000.0,4.0,2800.0,0.0
36000000.0,4.0,2300.0,1.0
27500000.0,3.0,1900.0,1.0
8000000.0,3.0,850.0,1.0
35000000.0,4.0,2200.0,0.0
32500000.0,3.0,1700.0,0.0
11000000.0,2.0,648.0,0.0
8000000.0,3.0,1200.0,1.0
11000000.0,4.0,1440.0,0.0
13799999.999999998,3.0,1100.0,1.0
36500000.0,4.0,2200.0,1.0
38500000.0,4.0,2200.0,1.0
4200000.0,2.0,450.0,1.0
29500000.0,3.0,1800.0,0.0
9500000.0,4.0,1250.0,1.0
7500000.0,2.0,750.0,1.0
37600000.0,4.0,2400.0,0.0
23800000.0,3.0,1500.0,0.0
6500000.0,3.0,1000.0,1.0
7500000.0,3.0,900.0,1.0
6200000.0,3.0,900.0,1.0
7000000.0,3.0,900.0,1.0
7100000.0,3.0,900.0,1.0
7200000.0,3.0,1000.0,1.0
7000000.0,3.0,1000.0,1.0
28400000.0,3.0,1700.0,0.0
14000000.0,3.0,1530.0,0.0
7000000.0,3.0,990.0,0.0
12500000.0,3.0,1200.0,1.0
6500000.0,2.0,1000.0,1.0
34500000.0,4.0,1600.0,1.0
255000000.0,3.0,3600.0,0.0
10000000.0,4.0,1395.0,1.0
8400000.0,3.0,1200.0,1.0
3200000.0,2.0,600.0,1.0
4520000.0,2.0,620.0,0.0
6500000.0,3.0,1100.0,1.0
18000000.0,3.0,900.0,1.0
8500000.0,3.0,1200.0,1.0
10500000.0,3.0,1200.0,1.0
11000000.0,3.0,1200.0,1.0
4800000.0,3.0,1000.0,1.0
28000000.0,3.0,1800.0,0.0
27000000.0,3.0,1421.0,1.0
3200000.0,2.0,549.0,0.0
42500000.0,4.0,2200.0,0.0
28000000.0,3.0,1700.0,0.0
37500000.0,4.0,2200.0,0.0
2800000.0,1.0,500.0,1.0
2800000.0,1.0,500.0,0.0
8000000.0,3.0,990.0,0.0
5000000.0,2.0,630.0,0.0
5900000.0,2.0,750.0,0.0
3700000.0,2.0,700.0,1.0
3700000.0,2.0,700.0,1.0
3600000.0,2.0,650.0,1.0
3500000.0,2.0,650.0,1.0
5500000.0,3.0,1100.0,1.0
3600000.0,2.0,700.0,1.0
4500000.0,3.0,850.0,1.0
3750000.0,2.0,650.0,1.0
3600000.0,2.0,700.0,1.0
3550000.0,2.0,550.0,1.0
3600000.0,2.0,700.0,1.0
3320000.0000000005,2.0,550.0,1.0
4800000.0,3.0,850.0,1.0
5800000.0,3.0,900.0,1.0
3620000.0000000005,2.0,700.0,1.0
11000000.0,3.0,32.0,0.0
4900000.0,3.0,900.0,1.0
16000000.0,4.0,2000.0,0.0
28500000.0,3.0,1800.0,1.0
14500000.0,3.0,1200.0,1.0
5500000.0,3.0,1035.0,1.0
3300000.0,2.0,600.0,1.0
27000000.0,3.0,1700.0,1.0
35000000.0,3.0,1890.0,0.0
3500000.0,2.0,540.0,0.0
3100000.0,1.0,450.0,1.0
18000000.0,3.0,1500.0,1.0
5500000.0,3.0,901.0,0.0
24000000.0,3.0,1800.0,1.0
38400000.0,4.0,2000.0,1.0
52500000.0,3.0,1800.0,1.0
25000000.0,4.0,2300.0,1.0
6500000.0,3.0,1100.0,1.0
3400000.0,2.0,550.0,1.0
3300000.0,2.0,550.0,1.0
3550000.0,2.0,650.0,1.0
5500000.0,3.0,1100.0,1.0
30000000.0,3.0,1800.0,1.0
7900000.0,3.0,1250.0,0.0
5960000.0,2.0,768.0,1.0
7350000.0,3.0,1300.0,1.0
7550000.0,3.0,1250.0,1.0
17500000.0,4.0,1400.0,1.0
9000000.0,4.0,1300.0,0.0
2500000.0,1.0,450.0,0.0
7509999.999999999,3.0,1200.0,0.0
35500000.0,4.0,2000.0,1.0
25000000.0,4.0,2300.0,0.0
4500000.0,2.0,600.0,0.0
7600000.0,3.0,900.0,1.0
29800000.0,3.0,1950.0,0.0
80000000.0,4.0,4950.0,1.0
18000000.0,2.0,1100.0,0.0
39000000.0,4.0,2300.0,1.0
38000000.0,4.0,2000.0,1.0
21000000.0,3.0,1125.0,1.0
26000000.0,3.0,1700.0,1.0
38500000.0,4.0,2500.0,1.0
8000000.0,3.0,1100.0,1.0
26000000.0,3.0,1600.0,0.0
28800000.0,3.0,1800.0,1.0
34700000.0,4.0,2100.0,1.0
28000000.0,4.0,2250.0,1.0
36000000.0,4.0,2200.0,1.0
27000000.0,4.0,1900.0,1.0
2100000.0,1.0,430.0,0.0
3650000.0,2.0,700.0,1.0
22100000.0,3.0,1600.0,1.0
35000000.0,3.0,2400.0,0.0
5200000.0,1.0,510.0,1.0
8000000.0,3.0,1200.0,1.0
30500000.0,3.0,1800.0,1.0
29800000.0,3.0,2000.0,1.0
3200000.0,2.0,585.0,0.0
140000000.0,4.0,5400.0,0.0
36500000.0,4.0,2200.0,0.0
29000000.0,3.0,1900.0,1.0
140000000.0,3.0,4500.0,1.0
4711000.0,3.0,950.0,0.0
45000000.0,4.0,2500.0,0.0
19500000.0,3.0,1080.0,1.0
6500000.0,4.0,1100.0,1.0
17500000.0,3.0,970.0,1.0
35000000.0,3.0,1800.0,0.0
6350000.0,3.0,950.0,1.0
5300000.0,2.0,360.0,1.0
3700000.0,2.0,700.0,1.0
3200000.0,2.0,550.0,1.0
3600000.0,2.0,650.0,1.0
7800000.0,4.0,1400.0,1.0
4800000.0,3.0,900.0,1.0
6500000.0,3.0,1250.0,1.0
3700000.0,2.0,700.0,1.0
3000000.0,2.0,550.0,1.0
3600000.0,2.0,650.0,1.0
5500000.0,3.0,990.0,1.0
3650000.0,2.0,700.0,1.0
7950000.0,4.0,1350.0,1.0
5500000.0,2.0,495.0,1.0
5500000.0,2.0,495.0,1.0
26800000.0,3.0,1750.0,1.0
26500000.0,3.0,1800.0,1.0
36000000.0,4.0,2350.0,1.0
5000000.0,3.0,720.0,1.0
10500000.0,2.0,850.0,1.0
20000000.0,3.0,1125.0,1.0
13000000.0,4.0,1350.0,1.0
9200000.0,3.0,800.0,1.0
5500000.0,3.0,540.0,1.0
5500000.0,2.0,558.0,0.0
28500000.0,3.0,1900.0,1.0
29700000.000000004,3.0,1950.0,0.0
6800000.0,3.0,1150.0,0.0
9400000.0,3.0,1150.0,0.0
8000000.0,3.0,1200.0,1.0
40000000.0,4.0,2250.0,1.0
57500000.0,3.0,1872.0,1.0
8300000.0,3.0,1300.0,0.0
34700000.0,4.0,1750.0,1.0
28500000.0,4.0,2300.0,1.0
25700000.0,4.0,2350.0,1.0
82500000.0,4.0,2799.0,1.0
34400000.0,4.0,2400.0,0.0
6000000.0,3.0,810.0,1.0
18200000.0,2.0,1400.0,0.0
7300000.0,3.0,1000.0,0.0
10000000.0,3.0,1400.0,0.0
45000000.0,3.0,1925.0,1.0
9600000.0,3.0,1350.0,0.0
55000000.0,3.0,1800.0,1.0
35500000.0,4.0,2000.0,0.0
24500000.0,3.0,1600.0,0.0
24500000.0,3.0,1600.0,1.0
38500000.0,4.0,2600.0,1.0
17200000.0,2.0,1100.0,1.0
38800000.0,4.0,2600.0,0.0
27500000.0,4.0,2600.0,1.0
15000000.0,3.0,1100.0,1.0
31000000.0,3.0,1620.0,0.0
5700000.0,3.0,752.0,1.0
24500000.0,3.0,1800.0,1.0
28400000.0,3.0,1700.0,0.0
2750000.0,1.0,450.0,1.0
27500000.0,3.0,1550.0,1.0
8500000.0,3.0,1260.0,0.0
5500000.0,3.0,1080.0,1.0
28100000.0,5.0,2100.0,0.0
35000000.0,3.0,1900.0,0.0
28500000.0,3.0,1800.0,1.0
2965000.0,2.0,600.0,1.0
32500000.0,3.0,1440.0,0.0
3000000.0,2.0,600.0,1.0
5000000.0,2.0,800.0,0.0
7500000.0,3.0,1250.0,0.0
6800000.0,3.0,1250.0,0.0
8000000.0,3.0,1250.0,0.0
7500000.0,3.0,1000.0,1.0
3300000.0,2.0,540.0,1.0
14300000.0,3.0,1300.0,1.0
38000000.0,3.0,1450.0,1.0
33500000.0,3.0,1125.0,0.0
9500000.0,3.0,1350.0,0.0
29200000.0,3.0,1850.0,0.0
28500000.0,3.0,2000.0,1.0
6500000.0,3.0,850.0,1.0
13000000.0,4.0,1450.0,1.0
4000000.0,2.0,300.0,1.0
4950000.0,3.0,950.0,1.0
28900000.0,3.0,1800.0,0.0
7500000.0,3.0,1000.0,1.0
6500000.0,3.0,1000.0,1.0
7500000.0,3.0,1100.0,1.0
6500000.0,3.0,1000.0,1.0
7500000.0,3.0,1100.0,1.0
10900000.0,3.0,1000.0,0.0
9500000.0,4.0,1100.0,1.0
35500000.0,4.0,2400.0,0.0
62500000.0,4.0,2700.0,0.0
32500000.0,3.0,1800.0,1.0
3800000.0,2.0,750.0,1.0
6500000.0,3.0,1200.0,1.0
5600000.0,3.0,900.0,1.0
7800000.0,4.0,1400.0,1.0
3800000.0,2.0,750.0,1.0
8550000.0,4.0,1400.0,1.0
6500000.0,3.0,1250.0,1.0
5200000.0,3.0,950.0,1.0
2850000.0,2.0,650.0,1.0
3850000.0,2.0,700.0,1.0
2850000.0,2.0,650.0,1.0
4850000.0,3.0,950.0,1.0
3500000.0,2.0,550.0,1.0
28500000.0,3.0,1800.0,1.0
3600000.0,2.0,600.0,1.0
2300000.0,1.0,400.0,1.0
12000000.0,3.0,1080.0,1.0
6588000.0,3.0,810.0,1.0
7500000.0,4.0,1350.0,0.0
5500000.0,1.0,510.0,1.0
4500000.0,2.0,650.0,1.0
5500000.0,3.0,950.0,1.0
10000000.0,3.0,1080.0,1.0
4800000.0,2.0,650.0,1.0
4521000.0,2.0,650.0,1.0
4532000.0,2.0,650.0,1.0
20500000.0,2.0,1600.0,1.0
3200000.0,2.0,650.0,1.0
19500000.0,3.0,1500.0,1.0
12500000.0,3.0,1100.0,1.0
11000000.0,3.0,1080.0,1.0
27200000.000000004,3.0,1699.0,1.0
7500000.0,3.0,850.0,1.0
8000000.0,3.0,1125.0,1.0
29000000.0,3.0,1890.0,0.0
2950000.0,2.0,550.0,1.0
17000000.0,4.0,2000.0,0.0
2900000.0,2.0,600.0,1.0
6800000.0,3.0,850.0,1.0
29800000.0,3.0,2100.0,0.0
19500000.0,3.0,1450.0,0.0
4000000.0,2.0,405.0,1.0
6700000.0,3.0,810.0,1.0
7000000.0,3.0,900.0,1.0
14000000.0,1.0,580.0,1.0
3900000.0,3.0,750.0,1.0
7175000.0,3.0,1000.0,1.0
6130000.0,3.0,900.0,1.0
26200000.0,3.0,1900.0,1.0
2200000.0,1.0,400.0,1.0
28900000.0,3.0,1700.0,0.0
6500000.0,3.0,990.0,1.0
25000000.0,3.0,1890.0,1.0
8000000.0,3.0,1200.0,1.0
43500000.0,3.0,1800.0,0.0
44500000.0,3.0,1800.0,0.0
34500000.0,5.0,1800.0,0.0
4100000.0,3.0,750.0,1.0
3600000.0,2.0,670.0,0.0
8500000.0,3.0,800.0,0.0
7500000.0,3.0,900.0,1.0
17500000.0,3.0,1080.0,0.0
25100000.0,3.0,1890.0,0.0
27500000.0,3.0,1750.0,1.0
5800000.0,4.0,1344.0,1.0
4265000.0,2.0,600.0,1.0
45500000.0,3.0,1800.0,0.0
56500000.0,3.0,1800.0,1.0
37500000.0,4.0,2200.0,1.0
6900000.0,3.0,800.0,1.0
6600000.0,3.0,850.0,1.0
7000000.0,3.0,1000.0,1.0
38400000.0,4.0,2400.0,0.0
32500000.0,3.0,1900.0,1.0
7500000.0,2.0,630.0,1.0
10000000.0,3.0,1350.0,0.0
29000000.0,3.0,1800.0,0.0
45000000.0,4.0,2700.0,0.0
65000000.0,3.0,4050.0,0.0
6400000.0,3.0,850.0,0.0
29800000.0,3.0,1600.0,0.0
36000000.0,3.0,1800.0,1.0
10000000.0,5.0,850.0,1.0
5500000.0,2.0,800.0,1.0
4800000.0,3.0,900.0,1.0
2600000.0,1.0,400.0,1.0
9500000.0,3.0,1350.0,0.0
9800000.0,3.0,1350.0,0.0
25800000.0,3.0,1700.0,1.0
2300000.0,1.0,420.0,0.0
35500000.0,3.0,1800.0,1.0
38500000.0,4.0,2200.0,1.0
38500000.0,4.0,2600.0,1.0
38100000.0,4.0,2400.0,0.0
39900000.0,4.0,2400.0,0.0
24000000.0,3.0,1750.0,1.0
7500000.0,3.0,850.0,1.0
29500000.0,3.0,1700.0,0.0
70000000.0,4.0,2160.0,0.0
15300000.0,4.0,1800.0,0.0
39000000.0,5.0,2000.0,1.0
22100000.0,3.0,1600.0,1.0
50000000.0,4.0,2970.0,1.0
30000000.0,3.0,1800.0,0.0
15000000.0,2.0,1100.0,0.0
34700000.0,4.0,2000.0,1.0
25200000.0,3.0,1650.0,1.0
22100000.0,3.0,1700.0,0.0
4750000.0,3.0,750.0,1.0
29000000.0,3.0,1890.0,0.0
34000000.0,3.0,1800.0,1.0
4000000.0,2.0,600.0,1.0
21500000.0,3.0,1125.0,1.0
38500000.0,4.0,2400.0,1.0
3250000.0,2.0,540.0,1.0
8500000.0,4.0,1200.0,1.0
6000000.0,3.0,850.0,1.0
12000000.0,2.0,756.0,0.0
27500000.0,3.0,1750.0,1.0
6000000.0,3.0,900.0,0.0
5600000.0,3.0,810.0,0.0
5700000.0,3.0,850.0,0.0
5500000.0,3.0,750.0,0.0
3600000.0,2.0,540.0,1.0
37500000.0,4.0,2400.0,1.0
7100000.0,3.0,936.0,1.0
32500000.0,3.0,1900.0,1.0
3200000.0,2.0,540.0,0.0
5000000.0,3.0,800.0,1.0
18800000.0,4.0,1450.0,0.0
11900000.0,3.0,1000.0,0.0
5500000.0,3.0,1000.0,1.0
2200000.0,1.0,450.0,0.0
28800000.0,3.0,1700.0,1.0
45000000.0,3.0,1800.0,0.0
5000000.0,2.0,800.0,0.0
4950000.0,2.0,680.0,0.0
38500000.0,4.0,2600.0,0.0
27500000.0,3.0,1600.0,1.0
5400000.0,1.0,450.0,1.0
28000000.0,3.0,1800.0,1.0
4900000.0,2.0,670.0,0.0
4730000.0,2.0,680.0,0.0
42500000.0,4.0,2400.0,1.0
4651000.0,3.0,900.0,0.0
3000000.0,2.0,650.0,0.0
3000000.0,1.0,500.0,0.0
60000000.0,4.0,4500.0,1.0
35000000.0,3.0,2000.0,1.0
24000000.0,3.0,1250.0,1.0
23500000.0,3.0,1250.0,1.0
9000000.0,3.0,1200.0,1.0
5200000.0,3.0,850.0,0.0
23400000.0,3.0,1600.0,0.0
38500000.0,4.0,2200.0,1.0
11200000.000000002,3.0,1100.0,1.0
22000000.0,2.0,1300.0,1.0
25000000.0,3.0,1900.0,1.0
33000000.0,4.0,2250.0,1.0
39500000.0,3.0,1450.0,1.0
13500000.0,3.0,990.0,1.0
29700000.000000004,3.0,1800.0,1.0
6600000.0,3.0,900.0,0.0
5700000.0,3.0,750.0,1.0
7500000.0,3.0,1000.0,1.0
5200000.0,3.0,810.0,1.0
22100000.0,3.0,1600.0,1.0
4500000.0,2.0,630.0,0.0
7000000.0,3.0,900.0,1.0
8500000.0,3.0,1000.0,1.0
26900000.0,3.0,1450.0,0.0
14500000.0,3.0,1250.0,1.0
34700000.0,4.0,2400.0,0.0
32000000.0,3.0,1800.0,1.0
34000000.0,3.0,1350.0,1.0
27500000.0,3.0,1600.0,0.0
3860000.0,2.0,750.0,1.0
5000000.0,3.0,850.0,0.0
12500000.0,3.0,1000.0,1.0
28000000.0,3.0,1900.0,1.0
5800000.0,2.0,850.0,1.0
7500000.0,3.0,850.0,1.0
32500000.0,4.0,2200.0,1.0
55000000.0,3.0,1620.0,0.0
8000000.0,3.0,1200.0,1.0
8900000.0,3.0,1120.0,1.0
23500000.0,3.0,1080.0,1.0
50000000.0,4.0,2700.0,1.0
28100000.0,3.0,1800.0,1.0
24000000.0,4.0,2300.0,1.0
28900000.0,3.0,1900.0,1.0
13000000.0,4.0,1500.0,1.0
57500000.0,4.0,2100.0,0.0
80000000.0,4.0,3500.0,0.0
50000000.0,3.0,2100.0,0.0
37500000.0,3.0,1700.0,0.0
5500000.0,2.0,800.0,0.0
22100000.0,3.0,1700.0,1.0
32000000.0,3.0,2000.0,1.0
38500000.0,4.0,1800.0,0.0
32500000.0,3.0,2000.0,1.0
4830000.0,2.0,680.0,0.0
27500000.0,3.0,1800.0,1.0
4535000.0,3.0,800.0,1.0
34100000.0,3.0,1800.0,1.0
28500000.0,3.0,1800.0,1.0
35000000.0,3.0,1890.0,0.0
37500000.0,4.0,1890.0,1.0
35000000.0,3.0,1776.0,0.0
28000000.0,4.0,2250.0,0.0
27500000.0,4.0,2250.0,0.0
22100000.0,3.0,1800.0,1.0
27000000.0,3.0,120.0,0.0
32000000.0,3.0,1611.0,0.0
9800000.0,3.0,1350.0,0.0
9400000.0,2.0,850.0,0.0
8500000.0,2.0,850.0,0.0
19500000.0,3.0,1000.0,0.0
35000000.0,3.0,1620.0,0.0
8000000.0,3.0,1100.0,1.0
5250000.0,3.0,810.0,0.0
14200000.0,3.0,1300.0,0.0
14300000.0,3.0,1300.0,1.0
14500000.0,3.0,1300.0,1.0
38500000.0,4.0,2400.0,0.0
28000000.0,3.0,1800.0,0.0
35600000.0,3.0,1800.0,1.0
13500000.0,3.0,1250.0,1.0
24800000.0,3.0,1700.0,0.0
27500000.0,3.0,1850.0,1.0
32500000.0,3.0,1800.0,1.0
72500000.0,4.0,2400.0,1.0
7400000.0,3.0,810.0,1.0
19500000.0,3.0,1500.0,0.0
36500000.0,4.0,2000.0,0.0
70000000.0,4.0,1368.0,0.0
14000000.0,2.0,950.0,1.0
26000000.0,3.0,1350.0,1.0
12500000.0,3.0,1100.0,1.0
25500000.0,3.0,1800.0,1.0
4551000.0,3.0,900.0,0.0
9500000.0,3.0,900.0,1.0
17500000.0,3.0,1250.0,1.0
6700000.0,3.0,900.0,1.0
5500000.0,2.0,800.0,1.0
25700000.0,3.0,1700.0,1.0
3900000.0,2.0,650.0,1.0
32500000.0,3.0,2200.0,1.0
6800000.0,3.0,810.0,1.0
9400000.0,2.0,970.0,0.0
36500000.0,3.0,1800.0,1.0
32500000.0,3.0,1800.0,0.0
7500000.0,3.0,1000.0,1.0
3200000.0,2.0,600.0,0.0
32000000.0,3.0,1800.0,1.0
6000000.0,2.0,800.0,0.0
5500000.0,3.0,1000.0,0.0
5650000.0,1.0,450.0,1.0
3550000.0,2.0,675.0,1.0
3700000.0,2.0,600.0,0.0
8000000.0,3.0,1000.0,1.0
32000000.0,3.0,1700.0,0.0
8500000.0,3.0,1200.0,1.0
5800000.0,3.0,900.0,0.0
54100000.0,4.0,2700.0,0.0
9800000.0,3.0,1400.0,0.0
9000000.0,3.0,850.0,0.0
37500000.0,4.0,2200.0,1.0
17000000.0,3.0,1125.0,1.0
37500000.0,3.0,1800.0,0.0
11000000.0,2.0,850.0,1.0
20000000.0,3.0,1128.0,1.0
9800000.0,3.0,1350.0,0.0
17500000.0,4.0,1500.0,1.0
17500000.0,4.0,1500.0,1.0
5800000.0,3.0,900.0,1.0
9700000.0,1.0,600.0,0.0
14900000.0,3.0,2700.0,0.0
6400000.0,3.0,900.0,1.0
28100000.0,3.0,1900.0,0.0
21000000.0,2.0,1300.0,1.0
36500000.0,4.0,2000.0,0.0
43000000.0,3.0,1800.0,1.0
5600000.0,2.0,810.0,1.0
11000000.0,3.0,1000.0,1.0
9500000.0,2.0,650.0,1.0
4000000.0,2.0,600.0,1.0
3651000.0,2.0,700.0,0.0
7511000.0,4.0,1350.0,0.0
6551000.000000001,3.0,1000.0,0.0
6375000.0,3.0,1200.0,0.0
42500000.0,3.0,2300.0,1.0
4500000.0,2.0,450.0,0.0
2400000.0,2.0,550.0,1.0
3800000.0,2.0,650.0,1.0
15000000.0,6.0,2000.0,0.0
7500000.0,3.0,1000.0,1.0
13500000.0,4.0,1450.0,1.0
13500000.0,4.0,1400.0,1.0
14500000.0,4.0,1450.0,1.0
13000000.0,4.0,1400.0,1.0
9500000.0,3.0,950.0,0.0
6650000.0,3.0,810.0,1.0
11500000.0,2.0,850.0,1.0
85000000.0,3.0,2250.0,1.0
40000000.0,3.0,1710.0,0.0
4300000.0,2.0,600.0,1.0
4200000.0,2.0,600.0,1.0
9000000.0,4.0,1200.0,1.0
28100000.0,3.0,1950.0,0.0
6800000.0,3.0,1250.0,0.0
3400000.0,2.0,650.0,0.0
6500000.0,3.0,900.0,0.0
7900000.0,3.0,900.0,1.0
3200000.0,2.0,600.0,0.0
5500000.0,3.0,828.0,1.0
27500000.0,3.0,1350.0,1.0
40000000.0,3.0,1800.0,1.0
8000000.0,3.0,1200.0,1.0
37500000.0,3.0,1650.0,0.0
4600000.0,3.0,810.0,1.0
16000000.0,4.0,1800.0,0.0
3765999.9999999995,2.0,600.0,1.0
9000000.0,3.0,1200.0,0.0
2300000.0,1.0,500.0,1.0
32000000.0,3.0,1700.0,0.0
10000000.0,3.0,1350.0,0.0
6900000.0,3.0,1000.0,0.0
41000000.0,3.0,1800.0,1.0
36000000.0,3.0,1400.0,1.0
2850000.0,2.0,670.0,1.0
110000000.0,3.0,134.0,0.0
35000000.0,3.0,1700.0,1.0
22500000.0,4.0,2500.0,1.0
9500000.0,3.0,850.0,0.0
4300000.0,2.0,540.0,1.0
6500000.0,4.0,1350.0,1.0
120000000.0,4.0,4900.0,0.0
19000000.0,3.0,2250.0,0.0
3890000.0,2.0,700.0,1.0
8500000.0,4.0,1300.0,0.0
35000000.0,3.0,2000.0,1.0
135000000.0,4.0,4500.0,0.0
25700000.0,3.0,1800.0,1.0
12000000.0,3.0,1000.0,1.0
32600000.0,3.0,1800.0,1.0
38500000.0,3.0,120.0,0.0
22000000.0,3.0,1600.0,1.0
4500000.0,2.0,800.0,0.0
9300000.0,3.0,720.0,1.0
3321000.0,2.0,600.0,1.0
32000000.0,3.0,1800.0,0.0
7500000.0,2.0,675.0,1.0
7000000.0,3.0,1200.0,0.0
4600000.0,3.0,1000.0,0.0
45000000.0,3.0,1440.0,0.0
41000000.0,3.0,1440.0,0.0
25000000.0,3.0,1600.0,1.0
8800000.0,3.0,850.0,0.0
29500000.0,3.0,1750.0,1.0
7450000.0,3.0,1000.0,1.0
2950000.0,2.0,550.0,1.0
4800000.0,2.0,750.0,1.0
75000000.0,4.0,2250.0,0.0
2500000.0,1.0,400.0,1.0
6300000.0,3.0,900.0,1.0
9516000.0,4.0,1200.0,1.0
6500000.0,3.0,900.0,0.0
95000000.0,4.0,2925.0,0.0
8200000.0,3.0,800.0,1.0
22000000.0,3.0,1125.0,1.0
4800000.0,2.0,800.0,0.0
4600000.0,2.0,800.0,0.0
13500000.0,3.0,990.0,1.0
135000000.0,4.0,4500.0,1.0
5400000.0,2.0,900.0,0.0
37500000.0,3.0,1600.0,1.0
37500000.0,3.0,1600.0,1.0
50000000.0,4.0,2000.0,1.0
8500000.0,3.0,1000.0,0.0
3700000.0,2.0,558.0,0.0
16500000.0,3.0,1250.0,1.0
10500000.0,3.0,1100.0,1.0
82500000.0,3.0,1953.0,1.0
32500000.0,3.0,1900.0,1.0
72500000.0,3.0,2250.0,1.0
80000000.0,4.0,2700.0,1.0
25700000.0,3.0,1800.0,1.0
3600000.0,2.0,700.0,1.0
4850000.0,3.0,950.0,1.0
3300000.0,2.0,600.0,0.0
5600000.0,2.0,558.0,0.0
4200000.0,2.0,600.0,1.0
68500000.0,3.0,3000.0,0.0
40000000.0,3.0,120.0,0.0
65000000.0,4.0,2400.0,1.0
6500000.0,2.0,600.0,1.0
3200000.0,2.0,540.0,1.0
39000000.0,4.0,2300.0,1.0
5510000.0,2.0,850.0,1.0
16000000.0,3.0,1350.0,1.0
67500000.0,4.0,2700.0,1.0
62000000.0,5.0,5200.0,1.0
32200000.000000004,3.0,1800.0,1.0
27000000.0,3.0,1560.0,1.0
9800000.0,3.0,1050.0,1.0
22500000.0,3.0,1440.0,1.0
30000000.0,5.0,2000.0,1.0
9500000.0,3.0,900.0,1.0
14500000.0,3.0,1300.0,0.0
14500000.0,3.0,1300.0,1.0
12900000.0,3.0,1000.0,0.0
3600000.0,2.0,600.0,1.0
3400000.0,2.0,650.0,1.0
22000000.0,3.0,1125.0,1.0
2700000.0,1.0,450.0,0.0
34000000.0,3.0,1800.0,1.0
21000000.0,3.0,1125.0,1.0
7800000.0,3.0,900.0,1.0
6800000.0,3.0,900.0,1.0
2200000.0,1.0,400.0,1.0
41000000.0,3.0,1800.0,0.0
3200000.0,2.0,600.0,1.0
1900000.0,1.0,420.0,0.0
3125000.0,2.0,620.0,0.0
3700000.0,2.0,685.0,0.0
3200000.0,2.0,650.0,0.0
5700000.0,3.0,900.0,0.0
3500000.0,2.0,600.0,1.0
78000000.0,4.0,2700.0,1.0
140000000.0,4.0,4500.0,1.0
8700000.0,3.0,1100.0,1.0
8200000.0,3.0,1100.0,1.0
15000000.0,3.0,60.0,0.0
2700000.0,1.0,750.0,0.0
14900000.0,3.0,1350.0,1.0
4300000.0,2.0,600.0,1.0
60000000.0,5.0,4400.0,1.0
9000000.0,4.0,1600.0,0.0
12000000.0,3.0,1350.0,1.0
39000000.0,4.0,2400.0,1.0
22000000.0,2.0,1550.0,1.0
40000000.0,4.0,2300.0,1.0
50000000.0,4.0,2300.0,1.0
28900000.0,3.0,1700.0,0.0
6500000.0,3.0,900.0,1.0
5562000.0,2.0,720.0,1.0
5545000.0,2.0,720.0,1.0
23000000.0,3.0,1260.0,0.0
20500000.0,2.0,1400.0,1.0
20000000.0,3.0,1125.0,1.0
29500000.0,3.0,1687.0,0.0
16000000.0,3.0,1150.0,1.0
21500000.0,3.0,1125.0,1.0
52500000.0,4.0,2160.0,1.0
27000000.0,3.0,1750.0,1.0
25700000.0,3.0,1600.0,0.0
8000000.0,3.0,1000.0,1.0
26500000.0,3.0,1800.0,1.0
25700000.0,3.0,1650.0,1.0
2500000.0,1.0,450.0,0.0
60000000.0,4.0,2800.0,1.0
5000000.0,2.0,900.0,1.0
2400000.0,1.0,500.0,0.0
2600000.0,1.0,500.0,1.0
7700000.0,3.0,1300.0,1.0
17000000.0,4.0,2000.0,1.0
32000000.0,5.0,2000.0,0.0
40000000.0,3.0,1450.0,1.0
23800000.0,3.0,1287.0,0.0
32000000.0,3.0,1125.0,1.0
37800000.0,4.0,2400.0,0.0
27500000.0,3.0,1800.0,0.0
29200000.0,3.0,2000.0,1.0
20500000.0,2.0,1350.0,1.0
5000000.0,2.0,450.0,1.0
5450000.0,2.0,680.0,1.0
5000000.0,3.0,800.0,1.0
30000000.0,3.0,1650.0,1.0
60000000.0,4.0,2100.0,1.0
5900000.0,3.0,900.0,0.0
25200000.0,3.0,1600.0,0.0
6756999.999999999,3.0,900.0,1.0
21800000.0,2.0,1350.0,1.0
40000000.0,3.0,2000.0,1.0
29700000.000000004,3.0,1700.0,1.0
45000000.0,3.0,1900.0,1.0
36500000.0,4.0,2450.0,1.0
10500000.0,3.0,1370.0,0.0
12500000.0,3.0,1125.0,1.0
13500000.0,3.0,900.0,1.0
190000000.0,3.0,2475.0,0.0
26000000.0,3.0,1800.0,0.0
5700000.0,3.0,900.0,1.0
3750000.0,2.0,600.0,0.0
40000000.0,3.0,1800.0,1.0
7000000.0,3.0,1530.0,1.0
41100000.0,4.0,2400.0,1.0
10000000.0,3.0,1050.0,1.0
52500000.0,3.0,1800.0,1.0
18000000.0,3.0,1100.0,1.0
5000000.0,1.0,550.0,1.0
102500000.0,4.0,2700.0,1.0
25700000.0,3.0,1650.0,1.0
5500000.0,2.0,360.0,1.0
9510000.0,3.0,1300.0,1.0
18500000.0,2.0,1500.0,0.0
12500000.0,3.0,850.0,1.0
7500000.0,3.0,1000.0,1.0
31000000.0,3.0,1150.0,0.0
4050000.0,1.0,450.0,1.0
36500000.0,4.0,2200.0,1.0
12000000.0,2.0,1050.0,1.0
8500000.0,3.0,800.0,1.0
32500000.0,3.0,1800.0,1.0
8500000.0,4.0,1700.0,1.0
4700000.0,2.0,750.0,1.0
28000000.0,3.0,2000.0,1.0
13799999.999999998,2.0,950.0,1.0
110000000.0,4.0,3600.0,1.0
28000000.0,3.0,1440.0,0.0
32500000.0,4.0,2200.0,1.0
13400000.0,3.0,1100.0,0.0
7800000.0,3.0,1080.0,0.0
32400000.000000004,3.0,1350.0,1.0
42500000.0,3.0,1800.0,1.0
11500000.0,3.0,900.0,1.0
70000000.0,5.0,2100.0,1.0
8900000.0,3.0,1200.0,1.0
28000000.0,3.0,1800.0,1.0
4000000.0,2.0,650.0,1.0
11500000.0,4.0,1150.0,1.0
36000000.0,3.0,1800.0,1.0
5300000.0,3.0,950.0,0.0
3650000.0,2.0,650.0,0.0
3500000.0,2.0,685.0,0.0
41500000.0,4.0,2300.0,1.0
12500000.0,3.0,1000.0,1.0
7500000.0,3.0,840.0,1.0
43500000.0,3.0,1800.0,1.0
12000000.0,3.0,1000.0,1.0
11500000.0,3.0,1000.0,1.0
13799999.999999998,3.0,1100.0,1.0
59000000.0,3.0,1800.0,1.0
5200000.0,3.0,1000.0,0.0
25000000.0,3.0,1440.0,1.0
22500000.0,3.0,1440.0,1.0
22000000.0,3.0,1440.0,1.0
32000000.0,4.0,2200.0,1.0
30000000.0,3.0,1600.0,0.0
29500000.0,3.0,1800.0,0.0
50000000.0,5.0,2500.0,0.0
22500000.0,3.0,1650.0,1.0
37500000.0,4.0,1800.0,0.0
32500000.0,3.0,1800.0,1.0
32500000.0,4.0,2200.0,0.0
5400000.0,2.0,550.0,1.0
16500000.0,3.0,1300.0,1.0
9500000.0,3.0,900.0,1.0
32500000.0,4.0,2100.0,0.0
5800000.0,2.0,800.0,0.0
28800000.0,3.0,1800.0,1.0
2400000.0,1.0,400.0,1.0
14500000.0,3.0,1300.0,0.0
14500000.0,3.0,1300.0,0.0
2500000.0,2.0,540.0,0.0
6600000.0,3.0,1000.0,1.0
2700000.0,1.0,450.0,0.0
4700000.0,2.0,750.0,1.0
60000000.0,3.0,1900.0,1.0
60000000.0,3.0,1900.0,1.0
68000000.0,3.0,1900.0,1.0
5500000.0,2.0,650.0,1.0
26500000.0,3.0,1800.0,1.0
32500000.0,4.0,2200.0,1.0
59000000.0,4.0,2520.0,1.0
15000000.0,3.0,1100.0,1.0
6500000.0,3.0,850.0,1.0
3500000.0,2.0,570.0,1.0
62500000.0,3.0,1800.0,1.0
22500000.0,3.0,1650.0,1.0
13500000.0,3.0,1100.0,1.0
11200000.000000002,3.0,1000.0,1.0
3550000.0,2.0,660.0,0.0
27500000.0,3.0,1350.0,1.0
17500000.0,4.0,1450.0,1.0
5500000.0,3.0,800.0,1.0
12100000.0,4.0,1450.0,1.0
7500000.0,3.0,900.0,1.0
6000000.0,2.0,495.0,1.0
8200000.0,3.0,1100.0,1.0
6600000.0,3.0,900.0,1.0
9010000.0,3.0,1250.0,1.0
65000000.0,4.0,3600.0,0.0
4300000.0,2.0,900.0,0.0
39000000.0,4.0,2400.0,1.0
12500000.0,4.0,1450.0,1.0
6011000.0,2.0,743.0,0.0
9000000.0,3.0,995.0,0.0
35000000.0,3.0,1700.0,0.0
66000000.0,4.0,2250.0,0.0
29800000.0,3.0,1900.0,0.0
7200000.0,3.0,1000.0,1.0
5997000.0,2.0,760.0,0.0
38000000.0,3.0,2000.0,0.0
125000000.0,4.0,2500.0,0.0
34500000.0,4.0,2200.0,1.0
60000000.0,4.0,2700.0,1.0
62000000.0,4.0,2700.0,1.0
19500000.0,3.0,1125.0,1.0
3100000.0,2.0,650.0,0.0
51500000.0,4.0,3600.0,1.0
3300000.0,2.0,540.0,0.0
21000000.0,2.0,1450.0,1.0
65000000.0,3.0,2250.0,0.0
39000000.0,4.0,2400.0,1.0
34500000.0,4.0,2300.0,1.0
60000000.0,4.0,4400.0,1.0
4200000.0,2.0,600.0,1.0
7000000.0,3.0,1100.0,0.0
57500000.0,3.0,2097.0,0.0
23500000.0,3.0,1550.0,0.0
2350000.0,1.0,405.0,0.0
6653000.0,3.0,900.0,1.0
105000000.0,4.0,4950.0,1.0
5521000.0,2.0,800.0,1.0
18000000.0,3.0,1600.0,0.0
14500000.0,2.0,1200.0,0.0
5800000.0,3.0,1000.0,0.0
3050000.0,2.0,650.0,0.0
23800000.0,3.0,1500.0,0.0
110000000.0,4.0,5997.0,1.0
6565000.000000001,3.0,900.0,1.0
41500000.0,3.0,1800.0,1.0
2600000.0,2.0,450.0,1.0
15000000.0,3.0,1800.0,1.0
13000000.0,3.0,1100.0,1.0
13799999.999999998,3.0,1100.0,1.0
75000000.0,3.0,1872.0,1.0
9500000.0,2.0,650.0,1.0
25500000.0,3.0,1600.0,0.0
33900000.0,4.0,1800.0,0.0
9600000.0,1.0,550.0,1.0
4000000.0,2.0,700.0,1.0
5000000.0,2.0,600.0,0.0
79000000.0,4.0,4900.0,1.0
34000000.0,3.0,1700.0,1.0
32900000.0,3.0,1700.0,0.0
8200000.0,3.0,865.0,1.0
26200000.0,3.0,1500.0,1.0
27500000.0,3.0,1800.0,0.0
13799999.999999998,3.0,1110.0,1.0
12100000.0,3.0,950.0,1.0
9500000.0,3.0,1150.0,0.0
18200000.0,2.0,1200.0,0.0
32000000.0,3.0,1800.0,1.0
29000000.0,3.0,1600.0,1.0
6000000.0,2.0,700.0,1.0
6000000.0,2.0,800.0,1.0
2000000.0,1.0,400.0,1.0
105000000.0,4.0,4500.0,0.0
24800000.0,3.0,1700.0,0.0
28000000.0,4.0,2250.0,1.0
37800000.0,4.0,2200.0,0.0
36000000.0,3.0,120.0,0.0
26500000.0,3.0,2000.0,1.0
24800000.0,3.0,1700.0,0.0
28500000.0,3.0,1600.0,0.0
24500000.0,3.0,1600.0,0.0
26800000.0,3.0,1600.0,0.0
27200000.000000004,3.0,1700.0,0.0
32500000.0,3.0,1800.0,0.0
3650000.0,2.0,550.0,1.0
35500000.0,4.0,1800.0,0.0
18500000.0,3.0,1200.0,0.0
5500000.0,2.0,620.0,1.0
110000000.0,4.0,3600.0,0.0
9500000.0,2.0,750.0,1.0
20500000.0,3.0,1125.0,1.0
35000000.0,3.0,1800.0,1.0
22500000.0,3.0,1125.0,1.0
9700000.0,4.0,1260.0,0.0
19000000.0,3.0,1350.0,0.0
7500000.0,4.0,1350.0,1.0
11200000.000000002,1.0,600.0,1.0
41000000.0,4.0,2200.0,0.0
22000000.0,2.0,1550.0,1.0
39000000.0,4.0,2400.0,1.0
14000000.0,3.0,60.0,0.0
11500000.0,2.0,850.0,1.0
3800000.0,2.0,750.0,1.0
3800000.0,2.0,600.0,1.0
26800000.0,3.0,1958.0,1.0
18500000.0,3.0,60.0,0.0
24800000.0,3.0,1800.0,1.0
24000000.0,3.0,1440.0,1.0
7000000.0,3.0,1000.0,1.0
7000000.0,3.0,1000.0,1.0
14300000.0,3.0,1300.0,0.0
14500000.0,3.0,1300.0,0.0
14500000.0,3.0,1300.0,1.0
14500000.0,3.0,1300.0,1.0
14500000.0,3.0,1300.0,1.0
14400000.0,3.0,1300.0,1.0
14300000.0,3.0,1300.0,1.0
14500000.0,3.0,1300.0,1.0
22500000.0,3.0,1350.0,0.0
2750000.0,1.0,500.0,0.0
32500000.0,3.0,1958.0,1.0
15000000.0,3.0,1125.0,1.0
24800000.0,3.0,1700.0,0.0
23800000.0,3.0,1700.0,0.0
3600000.0,2.0,685.0,0.0
3300000.0,2.0,650.0,0.0
37500000.0,3.0,1700.0,1.0
7500000.0,2.0,700.0,1.0
7500000.0,2.0,700.0,1.0
11000000.0,3.0,1000.0,1.0
14000000.0,3.0,1100.0,1.0
11200000.000000002,3.0,1000.0,1.0
15200000.0,3.0,1100.0,1.0
14000000.0,2.0,1250.0,0.0
27500000.0,3.0,1700.0,0.0
2700000.0,1.0,450.0,0.0
2700000.0,1.0,450.0,0.0
2700000.0,1.0,450.0,0.0
4800000.0,2.0,750.0,1.0
5000000.0,2.0,750.0,1.0
13000000.0,3.0,1100.0,1.0
8700000.0,3.0,1100.0,1.0
9600000.0,3.0,1100.0,1.0
9800000.0,3.0,1100.0,1.0
13500000.0,3.0,1100.0,1.0
41000000.0,4.0,2200.0,1.0
27500000.0,3.0,2000.0,1.0
22100000.0,3.0,1550.0,0.0
14900000.0,3.0,1350.0,1.0
31500000.0,3.0,1800.0,0.0
17400000.0,4.0,1400.0,1.0
15000000.0,3.0,1250.0,1.0
16500000.0,3.0,1200.0,1.0
13799999.999999998,3.0,1100.0,1.0
26200000.0,4.0,2300.0,1.0
9500000.0,3.0,1100.0,1.0
27500000.0,3.0,1350.0,0.0
6200000.0,3.0,1000.0,1.0
8050000.0,3.0,1131.0,0.0
14500000.0,3.0,1000.0,1.0
17500000.0,2.0,1100.0,1.0
23800000.0,3.0,1500.0,0.0
39200000.0,4.0,2200.0,1.0
29900000.000000004,3.0,1950.0,1.0
11500000.0,2.0,900.0,1.0
17500000.0,3.0,1125.0,1.0
29700000.000000004,3.0,1850.0,0.0
18100000.0,2.0,1250.0,0.0
33800000.0,4.0,2200.0,0.0
26000000.0,3.0,1700.0,0.0
16000000.0,2.0,900.0,1.0
32500000.0,4.0,2300.0,1.0
32500000.0,4.0,2200.0,1.0
38500000.0,4.0,2200.0,1.0
6500000.0,3.0,900.0,1.0
70000000.0,4.0,2700.0,1.0
9000000.0,2.0,800.0,1.0
28500000.0,3.0,1440.0,0.0
4500000.0,2.0,600.0,1.0
25800000.0,3.0,1750.0,1.0
29700000.000000004,3.0,1900.0,1.0
5000000.0,2.0,600.0,0.0
31500000.0,3.0,1125.0,1.0
23900000.0,4.0,1600.0,1.0
28500000.0,3.0,1350.0,0.0
7500000.0,3.0,900.0,0.0
22000000.0,2.0,1100.0,0.0
23800000.0,3.0,1700.0,0.0
5800000.0,2.0,800.0,1.0
5500000.0,2.0,800.0,1.0
27000000.0,3.0,1750.0,0.0
11800000.0,3.0,622.0,1.0
46000000.0,4.0,2700.0,1.0
58500000.0,3.0,1872.0,1.0
29000000.0,3.0,2000.0,1.0
65000000.0,4.0,2800.0,0.0
9100000.0,2.0,850.0,0.0
14000000.0,2.0,1250.0,0.0
27500000.0,3.0,1700.0,0.0
7200000.0,3.0,1300.0,1.0
27500000.0,4.0,2350.0,0.0
60000000.0,3.0,2250.0,1.0
7500000.0,3.0,1000.0,1.0
7500000.0,3.0,1000.0,1.0
7500000.0,3.0,1000.0,1.0
7500000.0,3.0,1000.0,1.0
7500000.0,3.0,1000.0,1.0
7500000.0,3.0,1000.0,1.0
8700000.0,3.0,1100.0,1.0
11500000.0,3.0,1150.0,1.0
27500000.0,3.0,1800.0,1.0
29500000.0,3.0,1700.0,1.0
7500000.0,3.0,1000.0,1.0
24000000.0,3.0,1700.0,0.0
1900000.0,1.0,450.0,1.0
38500000.0,4.0,2600.0,0.0
7000000.0,3.0,1000.0,1.0
7100000.0,3.0,1000.0,1.0
7200000.0,3.0,1000.0,1.0
6800000.0,3.0,1000.0,1.0
7500000.0,3.0,1000.0,1.0
6600000.0,3.0,1000.0,1.0
6900000.0,3.0,1000.0,1.0
6850000.0,3.0,1000.0,1.0
11000000.0,4.0,1200.0,1.0
9500000.0,3.0,1000.0,1.0
26000000.0,3.0,1700.0,0.0
41000000.0,4.0,2200.0,0.0
14000000.0,2.0,1050.0,1.0
4000000.0,2.0,810.0,1.0
27500000.0,3.0,1800.0,1.0
10500000.0,3.0,1000.0,1.0
27500000.0,3.0,1350.0,1.0
20000000.0,3.0,1250.0,0.0
34500000.0,4.0,2200.0,1.0
28000000.0,3.0,1800.0,1.0
8500000.0,3.0,1100.0,1.0
27600000.0,3.0,1875.0,1.0
7950000.0,3.0,900.0,1.0
33000000.0,3.0,1700.0,1.0
17500000.0,3.0,1250.0,1.0
30500000.0,3.0,1900.0,1.0
36500000.0,4.0,2400.0,1.0
10000000.0,3.0,1400.0,0.0
9800000.0,3.0,1350.0,0.0
36000000.0,4.0,2300.0,1.0
36500000.0,4.0,2400.0,0.0
12000000.0,2.0,1050.0,1.0
11500000.0,2.0,1300.0,0.0
40100000.0,3.0,1800.0,0.0
26500000.0,3.0,1800.0,1.0
14000000.0,2.0,750.0,0.0
11000000.0,3.0,1000.0,1.0
27500000.0,3.0,1800.0,0.0
11500000.0,3.0,1100.0,1.0
40000000.0,3.0,1800.0,0.0
55000000.0,4.0,2700.0,0.0
3000000.0,1.0,500.0,0.0
3000000.0,1.0,500.0,0.0
17500000.0,3.0,1250.0,1.0
29000000.0,3.0,2000.0,1.0
26000000.0,3.0,1300.0,1.0
5500000.0,3.0,810.0,1.0
5600000.0,3.0,850.0,1.0
7000000.0,3.0,1200.0,1.0
9100000.0,3.0,1150.0,0.0
8400000.0,3.0,1150.0,0.0
13500000.0,3.0,1350.0,1.0
13000000.0,3.0,1395.0,1.0
1560000.0,1.0,400.0,1.0
6700000.0,3.0,810.0,1.0
3500000.0,2.0,540.0,1.0
3600000.0,2.0,540.0,1.0
36500000.0,3.0,1800.0,0.0
9400000.0,3.0,1300.0,0.0
2400000.0,1.0,400.0,1.0
2800000.0,2.0,550.0,1.0
2400000.0,2.0,550.0,1.0
2400000.0,1.0,400.0,1.0
2000000.0,1.0,400.0,1.0
38000000.0,4.0,2000.0,1.0
14500000.0,4.0,1800.0,0.0
15100000.0,4.0,1800.0,0.0
8500000.0,3.0,1150.0,0.0
14600000.0,4.0,1800.0,0.0
38500000.0,4.0,2250.0,1.0
25500000.0,3.0,1650.0,1.0
13500000.0,3.0,1100.0,1.0
24500000.0,3.0,1700.0,1.0
6000000.0,2.0,720.0,1.0
5900000.0,2.0,750.0,1.0
5900000.0,2.0,788.0,1.0
8500000.0,3.0,1100.0,1.0
8400000.0,3.0,1140.0,1.0
9900000.0,3.0,1000.0,1.0
9900000.0,3.0,1030.0,1.0
7900000.0,3.0,1100.0,1.0
5800000.0,2.0,800.0,1.0
7800000.0,2.0,780.0,1.0
7980000.0,3.0,1040.0,1.0
5988000.0,2.0,776.0,1.0
7986000.0,3.0,1087.0,1.0
9300000.0,3.0,1100.0,1.0
6000000.0,2.0,725.0,1.0
8500000.0,3.0,1166.0,1.0
8000000.0,3.0,1050.0,1.0
6000000.0,2.0,750.0,1.0
8000000.0,3.0,1123.0,1.0
7998999.999999999,2.0,799.0,1.0
5930000.0,2.0,712.0,1.0
5988000.0,2.0,789.0,1.0
7998999.999999999,3.0,1040.0,1.0
3400000.0,2.0,540.0,1.0
22400000.000000004,3.0,1440.0,1.0
22600000.0,3.0,1440.0,1.0
50000000.0,4.0,2268.0,1.0
8000000.0,4.0,1300.0,1.0
3500000.0,2.0,450.0,0.0
24800000.0,3.0,1728.0,1.0
17500000.0,4.0,1450.0,1.0
3028000.0,2.0,550.0,1.0
2250000.0,1.0,400.0,1.0
3150000.0,2.0,550.0,1.0
3733000.0,2.0,600.0,1.0
3743000.0,2.0,600.0,1.0
56500000.0,3.0,1800.0,0.0
3000000.0,2.0,600.0,1.0
3475000.0,2.0,600.0,1.0
3567000.0,2.0,600.0,1.0
30000000.0,3.0,1890.0,1.0
7500000.0,2.0,648.0,1.0
34300000.0,4.0,2200.0,1.0
3200000.0,2.0,600.0,1.0
2900000.0,2.0,600.0,1.0
2800000.0,2.0,600.0,1.0
1750000.0,1.0,400.0,1.0
2900000.0,2.0,600.0,1.0
4700000.0,3.0,780.0,1.0
2600000.0,2.0,550.0,1.0
2743000.0,2.0,600.0,1.0
5875000.0,3.0,800.0,1.0
6000000.0,3.0,800.0,1.0
21000000.0,3.0,1650.0,1.0
37000000.0,4.0,2600.0,1.0
16000000.0,3.0,1250.0,0.0
7500000.0,3.0,1200.0,1.0
8000000.0,3.0,1200.0,1.0
7500000.0,3.0,1200.0,1.0
3200000.0,2.0,540.0,1.0
2400000.0,1.0,450.0,1.0
7200000.0,3.0,1000.0,1.0
3400000.0,2.0,685.0,0.0
1950000.0,1.0,420.0,0.0
42500000.0,3.0,2100.0,0.0
16500000.0,5.0,2000.0,1.0
22500000.0,3.0,1080.0,0.0
35000000.0,3.0,1890.0,0.0
27500000.0,3.0,1890.0,0.0
24900000.000000004,4.0,1890.0,1.0
25000000.0,3.0,1890.0,0.0
9500000.0,2.0,648.0,0.0
28100000.0,3.0,1900.0,0.0
3700000.0,2.0,540.0,1.0
3600000.0,2.0,630.0,1.0
25000000.0,5.0,2050.0,0.0
37000000.0,3.0,1650.0,1.0
2835000.0,2.0,600.0,1.0
2753000.0,2.0,600.0,1.0
2500000.0,1.0,400.0,1.0
52000000.0,3.0,1800.0,1.0
54000000.0,3.0,1800.0,1.0
44500000.0,3.0,1800.0,1.0
5300000.0,2.0,800.0,0.0
6500000.0,3.0,1300.0,0.0
7000000.0,3.0,1250.0,0.0
4800000.0,2.0,800.0,0.0
5500000.0,2.0,800.0,0.0
5100000.0,2.0,800.0,0.0
5000000.0,2.0,800.0,0.0
5200000.0,2.0,800.0,0.0
5300000.0,2.0,800.0,0.0
4700000.0,2.0,800.0,0.0
4900000.0,2.0,800.0,0.0
5100000.0,2.0,800.0,0.0
50000000.0,4.0,3600.0,0.0
11500000.0,2.0,720.0,1.0
2500000.0,1.0,720.0,0.0
55000000.0,3.0,1800.0,1.0
5100000.0,2.0,800.0,0.0
5200000.0,2.0,800.0,0.0
8200000.0,3.0,1200.0,0.0
28600000.0,3.0,1500.0,1.0
28800000.0,3.0,1900.0,1.0
36000000.0,3.0,2100.0,1.0
19500000.0,4.0,2000.0,1.0
41000000.0,3.0,1850.0,1.0
25000000.0,3.0,1350.0,0.0
26600000.0,3.0,1600.0,1.0
29000000.0,3.0,1700.0,1.0
9000000.0,3.0,875.0,1.0
4600000.0,2.0,650.0,1.0
28500000.0,4.0,1900.0,1.0
4900000.0,3.0,900.0,1.0
28200000.0,3.0,1800.0,1.0
7500000.0,3.0,1100.0,1.0
2700000.0,1.0,450.0,0.0
6500000.0,3.0,1000.0,1.0
6500000.0,3.0,1000.0,1.0
5500000.0,2.0,900.0,1.0
8500000.0,3.0,1260.0,1.0
8500000.0,3.0,1260.0,1.0
6500000.0,3.0,990.0,1.0
5500000.0,2.0,700.0,1.0
8500000.0,3.0,1260.0,1.0
13500000.0,3.0,1150.0,0.0
6100000.0,3.0,810.0,0.0
38500000.0,4.0,2400.0,1.0
38500000.0,4.0,2600.0,1.0
3500000.0,2.0,610.0,0.0
37400000.0,4.0,2400.0,1.0
9800000.0,3.0,1350.0,0.0
10500000.0,3.0,1400.0,0.0
33500000.0,6.0,3200.0,1.0
28900000.0,3.0,1900.0,1.0
39000000.0,4.0,2200.0,1.0
26800000.0,3.0,1750.0,1.0
34000000.0,4.0,2400.0,1.0
36000000.0,4.0,2300.0,1.0
23000000.0,2.0,1450.0,1.0
19800000.0,2.0,1200.0,1.0
4840000.0,2.0,680.0,0.0
4860000.0,2.0,680.0,0.0
4660000.0,2.0,680.0,0.0
4830000.0,2.0,690.0,0.0
4540000.0,2.0,680.0,0.0
4830000.0,2.0,650.0,0.0
17000000.0,3.0,1200.0,0.0
28500000.0,3.0,1800.0,0.0
25200000.0,3.0,1700.0,1.0
2800000.0,1.0,400.0,1.0
8000000.0,3.0,630.0,1.0
29700000.000000004,3.0,1800.0,1.0
32000000.0,3.0,2000.0,1.0
10000000.0,3.0,1100.0,1.0
27500000.0,3.0,1800.0,1.0
38500000.0,4.0,2200.0,1.0
9000000.0,2.0,950.0,1.0
9000000.0,3.0,1300.0,1.0
14500000.0,3.0,1300.0,0.0
14500000.0,3.0,1300.0,0.0
14500000.0,3.0,1300.0,0.0
14500000.0,3.0,1300.0,0.0
25000000.0,4.0,1900.0,1.0
34000000.0,4.0,2200.0,1.0
7000000.0,3.0,1000.0,1.0
7000000.0,3.0,1000.0,1.0
7000000.0,3.0,1000.0,1.0
4500000.0,2.0,700.0,1.0
9000000.0,3.0,1000.0,1.0
8000000.0,3.0,1146.0,0.0
5999000.0,2.0,799.0,0.0
31500000.0,3.0,1500.0,1.0
4590000.0,2.0,670.0,0.0
4720000.0,2.0,650.0,0.0
4750000.0,2.0,680.0,0.0
4450000.0,2.0,680.0,0.0
4890000.0,2.0,680.0,0.0
5600000.0,2.0,800.0,1.0
17900000.0,6.0,2000.0,0.0
13899999.999999998,4.0,1452.0,0.0
4500000.0,3.0,1000.0,1.0
4500000.0,3.0,1000.0,1.0
25500000.0,3.0,1720.0,1.0
40000000.0,3.0,1550.0,0.0
10500000.0,4.0,1620.0,1.0
10500000.0,4.0,1620.0,1.0
8200000.0,3.0,1215.0,1.0
8200000.0,3.0,1215.0,1.0
5500000.0,2.0,495.0,1.0
11000000.0,4.0,1620.0,1.0
11000000.0,4.0,1620.0,1.0
10500000.0,4.0,1620.0,1.0
8000000.0,3.0,1215.0,1.0
8000000.0,3.0,1215.0,1.0
8200000.0,3.0,1215.0,1.0
35500000.0,3.0,2000.0,1.0
4530000.0,2.0,650.0,0.0
4930000.0,2.0,680.0,0.0
4740000.0,2.0,680.0,0.0
4500000.0,2.0,640.0,0.0
4690000.0,2.0,670.0,0.0
4780000.0,2.0,650.0,0.0
4450000.0,2.0,650.0,0.0
4420000.0,2.0,680.0,0.0
4550000.0,2.0,680.0,0.0
4640000.0,2.0,650.0,0.0
4470000.0,2.0,650.0,0.0
4680000.0,2.0,620.0,0.0
4600000.0,2.0,670.0,0.0
33100000.0,3.0,2100.0,1.0
35000000.0,3.0,1943.0,1.0
27500000.0,3.0,1800.0,1.0
35500000.0,4.0,2200.0,1.0
28000000.0,3.0,1500.0,1.0
30000000.0,3.0,2050.0,1.0
2500000.0,2.0,600.0,1.0
3000000.0,2.0,600.0,1.0
3500000.0,2.0,600.0,1.0
27500000.0,3.0,1800.0,1.0
4300000.0,2.0,650.0,0.0
4630000.0,2.0,670.0,0.0
3560000.0,2.0,600.0,0.0
15000000.0,2.0,900.0,0.0
21000000.0,2.0,1300.0,1.0
38500000.0,4.0,2300.0,1.0
38200000.0,4.0,2200.0,1.0
5820000.0,2.0,810.0,1.0
3521000.0,2.0,800.0,1.0
5211000.0,3.0,900.0,0.0
6800000.0,3.0,810.0,1.0
28500000.0,3.0,2000.0,1.0
34000000.0,3.0,1800.0,1.0
5500000.0,3.0,900.0,0.0
37500000.0,4.0,2200.0,1.0
23500000.0,3.0,1850.0,1.0
42000000.0,4.0,3000.0,1.0
25500000.0,3.0,1800.0,1.0
26800000.0,3.0,1600.0,1.0
27200000.000000004,3.0,1800.0,0.0
20000000.0,3.0,900.0,0.0
28500000.0,3.0,2000.0,1.0
25000000.0,3.0,1800.0,1.0
28500000.0,3.0,1800.0,1.0
35000000.0,3.0,2000.0,1.0
25200000.0,3.0,1550.0,1.0
28900000.0,3.0,1550.0,1.0
36000000.0,3.0,2000.0,1.0
28000000.0,3.0,1800.0,1.0
37500000.0,4.0,2200.0,1.0
29000000.0,3.0,2000.0,1.0
39000000.0,4.0,2000.0,1.0
36500000.0,4.0,2400.0,1.0
25500000.0,3.0,1900.0,1.0
30000000.0,3.0,2000.0,1.0
25200000.0,3.0,1600.0,0.0
27500000.0,3.0,1700.0,0.0
26800000.0,3.0,1800.0,1.0
7200000.0,2.0,950.0,1.0
13200000.0,4.0,1450.0,0.0
42500000.0,4.0,2400.0,1.0
5500000.0,3.0,1632.0,1.0
42500000.0,4.0,2400.0,1.0
42000000.0,4.0,2200.0,1.0
155000000.0,4.0,4500.0,0.0
12900000.0,4.0,1450.0,0.0
12000000.0,4.0,1500.0,1.0
7000000.0,3.0,1000.0,0.0
7000000.0,3.0,1000.0,0.0
9000000.0,2.0,758.0,0.0
27500000.0,3.0,2000.0,1.0
28500000.0,3.0,1800.0,1.0
28500000.0,3.0,1600.0,1.0
4500000.0,3.0,1000.0,1.0
15000000.0,3.0,1200.0,1.0
7950000.0,4.0,1350.0,1.0
5650000.0,3.0,900.0,1.0
5600000.0,3.0,950.0,1.0
5500000.0,3.0,950.0,1.0
4800000.0,2.0,750.0,0.0
4800000.0,2.0,750.0,0.0
2700000.0,1.0,450.0,0.0
38500000.0,4.0,2400.0,1.0
2800000.0,2.0,650.0,1.0
2800000.0,2.0,650.0,1.0
4900000.0,3.0,950.0,1.0
8500000.0,4.0,1400.0,1.0
12500000.0,3.0,850.0,0.0
26200000.0,3.0,1648.0,1.0
19000000.0,3.0,1125.0,1.0
27900000.0,3.0,1800.0,1.0
47500000.0,4.0,2520.0,1.0
39800000.0,4.0,2100.0,1.0
17500000.0,2.0,1000.0,1.0
29500000.0,4.0,1900.0,1.0
24000000.0,3.0,1500.0,1.0
32000000.0,4.0,2000.0,1.0
3600000.0,2.0,500.0,0.0
5500000.0,3.0,850.0,0.0
6600000.0,3.0,850.0,0.0
8000000.0,4.0,1200.0,0.0
3000000.0,2.0,540.0,0.0
45000000.0,3.0,2100.0,1.0
60000000.0,3.0,2100.0,1.0
43500000.0,3.0,1800.0,1.0
57500000.0,4.0,2700.0,1.0
37500000.0,3.0,2000.0,1.0
41100000.0,4.0,1900.0,1.0
3600000.0,2.0,700.0,0.0
7800000.0,4.0,1350.0,0.0
3600000.0,2.0,700.0,0.0
3300000.0,2.0,499.0,1.0
3500000.0,2.0,850.0,1.0
6700000.0,3.0,900.0,1.0
32000000.0,5.0,2000.0,1.0
7600000.0,4.0,1250.0,1.0
3500000.0,2.0,540.0,0.0
27000000.0,3.0,1800.0,1.0
33100000.0,4.0,2200.0,1.0
4100000.0,2.0,600.0,1.0
29600000.0,3.0,1900.0,1.0
21500000.0,2.0,900.0,1.0
10500000.0,3.0,1425.0,0.0
4200000.0,2.0,750.0,0.0
29400000.0,3.0,1900.0,1.0
3000000.0,2.0,560.0,1.0
2700000.0,2.0,560.0,1.0
3000000.0,2.0,560.0,1.0
2600000.0,2.0,540.0,1.0
3100000.0,2.0,560.0,1.0
6000000.0,2.0,1000.0,1.0
28500000.0,3.0,2100.0,1.0
28000000.0,4.0,2500.0,0.0
4800000.0,3.0,810.0,1.0
15000000.0,2.0,1300.0,1.0
27000000.0,3.0,1640.0,1.0
25000000.0,3.0,1900.0,1.0
3000000.0,1.0,500.0,0.0
17000000.0,4.0,1500.0,1.0
4250000.0,2.0,600.0,0.0
33100000.0,4.0,2200.0,1.0
18200000.0,2.0,1200.0,0.0
25200000.0,3.0,1800.0,0.0
5560000.0,2.0,720.0,1.0
3500000.0,2.0,540.0,1.0
3550000.0,2.0,540.0,1.0
8500000.0,3.0,900.0,1.0
7400000.0,3.0,850.0,1.0
3700000.0,2.0,540.0,1.0
28200000.0,3.0,1800.0,1.0
12500000.0,2.0,758.0,0.0
9025000.0,3.0,1260.0,1.0
39000000.0,4.0,2500.0,1.0
45000000.0,4.0,2400.0,1.0
27500000.0,3.0,1400.0,1.0
21500000.0,3.0,1500.0,1.0
27500000.0,3.0,1800.0,1.0
28900000.0,3.0,1950.0,1.0
19500000.0,2.0,1200.0,1.0
32000000.0,3.0,1900.0,1.0
5500000.0,3.0,960.0,0.0
6700000.0,3.0,1000.0,0.0
3800000.0,2.0,685.0,0.0
3400000.0,2.0,680.0,0.0
3500000.0,2.0,680.0,0.0
3450000.0,2.0,680.0,0.0
3600000.0,2.0,650.0,0.0
3450000.0,2.0,680.0,0.0
3600000.0,2.0,650.0,0.0
3500000.0,2.0,650.0,0.0
6000000.0,3.0,1000.0,0.0
6100000.0,3.0,980.0,0.0
3300000.0,2.0,650.0,0.0
3200000.0,2.0,650.0,0.0
6000000.0,3.0,900.0,0.0
5800000.0,3.0,900.0,0.0
5600000.0,3.0,900.0,0.0
6000000.0,3.0,1000.0,0.0
25800000.0,3.0,1800.0,1.0
37500000.0,4.0,2250.0,1.0
28000000.0,3.0,1700.0,1.0
36500000.0,3.0,1800.0,1.0
41000000.0,3.0,1800.0,1.0
40000000.0,3.0,1800.0,1.0
3800000.0,2.0,750.0,1.0
80000000.0,3.0,1953.0,1.0
29800000.0,3.0,1800.0,1.0
36500000.0,4.0,2400.0,1.0
25900000.0,3.0,1850.0,1.0
24800000.0,3.0,1900.0,1.0
39000000.0,4.0,2200.0,1.0
60000000.0,4.0,2700.0,1.0
125000000.0,4.0,2403.0,1.0
85000000.0,3.0,1953.0,1.0
10800000.0,4.0,1450.0,1.0
42500000.0,3.0,1800.0,1.0
41100000.0,4.0,2000.0,1.0
27500000.0,3.0,2200.0,1.0
29500000.0,3.0,1800.0,1.0
6300000.0,3.0,1000.0,0.0
4800000.0,2.0,700.0,1.0
16500000.0,4.0,1800.0,1.0
26000000.0,3.0,1700.0,1.0
12000000.0,2.0,1050.0,1.0
55000000.0,4.0,2520.0,1.0
29000000.0,3.0,1900.0,1.0
2800000.0,2.0,540.0,1.0
2300000.0,1.0,400.0,1.0
2500000.0,2.0,560.0,1.0
2000000.0,1.0,400.0,1.0
2000000.0,1.0,400.0,1.0
43200000.0,3.0,1800.0,1.0
4500000.0,2.0,600.0,0.0
4200000.0,2.0,500.0,0.0
9000000.0,3.0,810.0,0.0
9500000.0,4.0,1200.0,1.0
7500000.0,3.0,1000.0,1.0
34000000.0,3.0,1850.0,1.0
27500000.0,3.0,1800.0,1.0
5500000.0,2.0,950.0,0.0
34000000.0,3.0,1750.0,1.0
24500000.0,3.0,1600.0,0.0
12500000.0,3.0,1000.0,1.0
29200000.0,3.0,1800.0,1.0
7500000.0,3.0,900.0,1.0
5500000.0,2.0,700.0,1.0
25500000.0,3.0,1800.0,1.0
32000000.0,3.0,2000.0,1.0
27200000.000000004,3.0,1422.0,1.0
39000000.0,4.0,1800.0,1.0
5250000.0,1.0,450.0,1.0
5555000.0,1.0,450.0,1.0
4650000.0,1.0,450.0,1.0
4350000.0,1.0,450.0,1.0
25500000.0,3.0,1800.0,1.0
7800000.0,3.0,1000.0,1.0
5400000.0,2.0,800.0,1.0
3350000.0,2.0,600.0,0.0
29800000.0,3.0,2000.0,1.0
26500000.0,3.0,1600.0,1.0
10500000.0,4.0,1350.0,0.0
39000000.0,3.0,2200.0,1.0
4250000.0,1.0,450.0,1.0
4450000.0,1.0,450.0,1.0
37500000.0,4.0,2300.0,1.0
29200000.0,3.0,1800.0,1.0
15000000.0,4.0,1450.0,1.0
28000000.0,3.0,1800.0,1.0
80000000.0,4.0,3600.0,0.0
3350000.0,2.0,650.0,1.0
16000000.0,3.0,747.0,0.0
27000000.0,3.0,1550.0,1.0
26000000.0,3.0,1800.0,1.0
35500000.0,4.0,2200.0,1.0
3750000.0,2.0,540.0,1.0
6000000.0,3.0,850.0,0.0
61500000.0,3.0,1930.0,1.0
9021000.0,3.0,1260.0,1.0
18000000.0,4.0,1400.0,1.0
12500000.0,3.0,1100.0,1.0
10500000.0,3.0,1200.0,1.0
13500000.0,4.0,1400.0,1.0
13000000.0,4.0,1400.0,1.0
11500000.0,3.0,1200.0,1.0
55000000.0,3.0,1800.0,1.0
32500000.0,4.0,2000.0,1.0
24000000.0,6.0,2200.0,0.0
9500000.0,3.0,1350.0,0.0
17500000.0,3.0,1125.0,1.0
21500000.0,3.0,1125.0,1.0
95000000.0,4.0,3000.0,0.0
26000000.0,3.0,2000.0,1.0
31000000.0,3.0,1800.0,1.0
21000000.0,3.0,1125.0,1.0
33500000.0,3.0,1800.0,1.0
21000000.0,3.0,1125.0,1.0
32500000.0,3.0,1800.0,1.0
31500000.0,3.0,1800.0,1.0
20000000.0,3.0,1125.0,1.0
32000000.0,3.0,1800.0,1.0
30500000.0,3.0,1800.0,1.0
35000000.0,3.0,1800.0,1.0
5600000.0,3.0,750.0,1.0
3700000.0,2.0,700.0,0.0
3620000.0000000005,2.0,700.0,0.0
3200000.0,2.0,500.0,0.0
3400000.0,2.0,700.0,0.0
3600000.0,2.0,650.0,0.0
3650000.0,2.0,650.0,0.0
26800000.0,3.0,1800.0,1.0
8650000.0,3.0,900.0,1.0
13100000.0,4.0,1350.0,1.0
13000000.0,4.0,1350.0,1.0
8600000.0,3.0,900.0,1.0
25300000.0,3.0,1600.0,1.0
11500000.0,2.0,850.0,1.0
12000000.0,2.0,900.0,1.0
25500000.0,3.0,1500.0,1.0
5900000.0,3.0,900.0,0.0
6000000.0,3.0,900.0,1.0
5552000.0,2.0,750.0,1.0
3200000.0,2.0,600.0,1.0
3500000.0,2.0,540.0,1.0
6900000.0,3.0,900.0,1.0
3500000.0,2.0,540.0,1.0
67500000.0,4.0,2300.0,1.0
28500000.0,3.0,1800.0,1.0
22500000.0,3.0,1600.0,1.0
39000000.0,4.0,2250.0,1.0
28200000.0,3.0,1500.0,1.0
38500000.0,4.0,2200.0,1.0
25500000.0,3.0,1550.0,1.0
28800000.0,3.0,1600.0,1.0
29200000.0,3.0,1500.0,1.0
26100000.0,3.0,1300.0,1.0
26000000.0,3.0,1800.0,1.0
26000000.0,3.0,1350.0,1.0
32100000.0,4.0,2400.0,0.0
6550000.0,1.0,400.0,1.0
6800000.0,3.0,800.0,1.0
7000000.0,2.0,775.0,1.0
32500000.0,4.0,2500.0,1.0
31000000.0,3.0,1800.0,0.0
16000000.0,3.0,1200.0,1.0
28500000.0,4.0,1890.0,0.0
22500000.0,3.0,1900.0,1.0
51000000.0,5.0,3600.0,1.0
26000000.0,3.0,1800.0,1.0
28000000.0,3.0,1800.0,1.0
14000000.0,3.0,1080.0,0.0
12500000.0,4.0,1400.0,1.0
8500000.0,3.0,1200.0,0.0
21500000.0,3.0,1650.0,0.0
6500000.0,2.0,600.0,1.0
4650000.0,3.0,810.0,1.0
6500000.0,3.0,775.0,1.0
6500000.0,3.0,775.0,1.0
28500000.0,3.0,2000.0,1.0
29800000.0,3.0,2000.0,1.0
37100000.0,4.0,2600.0,1.0
2500000.0,1.0,450.0,1.0
24200000.0,3.0,1700.0,1.0
5800000.0,2.0,800.0,0.0
5500000.0,2.0,800.0,0.0
38000000.0,4.0,2200.0,1.0
14000000.0,3.0,1200.0,1.0
29500000.0,3.0,1900.0,1.0
18400000.0,4.0,1450.0,0.0
24800000.0,3.0,1800.0,1.0
38500000.0,4.0,2500.0,1.0
5200000.0,2.0,750.0,1.0
26500000.0,3.0,2000.0,0.0
3451000.0,2.0,650.0,1.0
24800000.0,3.0,1900.0,1.0
26600000.0,3.0,1800.0,1.0
32000000.0,3.0,2200.0,1.0
7000000.0,3.0,950.0,1.0
12000000.0,3.0,1100.0,1.0
18000000.0,3.0,1350.0,1.0
27500000.0,3.0,1900.0,1.0
3511000.0,2.0,670.0,1.0
52500000.0,3.0,1872.0,0.0
65000000.0,3.0,1872.0,0.0
29800000.0,3.0,1700.0,1.0
6800000.0,3.0,1100.0,0.0
3300000.0,2.0,650.0,1.0
33000000.0,3.0,2250.0,1.0
12100000.0,4.0,1600.0,0.0
3950000.0,2.0,600.0,1.0
3900000.0,2.0,600.0,1.0
29200000.0,3.0,1800.0,1.0
26800000.0,3.0,1700.0,0.0
25800000.0,3.0,1800.0,1.0
5450000.0,2.0,800.0,1.0
5600000.0,2.0,850.0,1.0
38500000.0,4.0,2200.0,0.0
5000000.0,3.0,850.0,1.0
6700000.0,3.0,900.0,1.0
5600000.0,3.0,800.0,1.0
6700000.0,3.0,800.0,1.0
4500000.0,2.0,900.0,0.0
28000000.0,3.0,1900.0,1.0
25500000.0,3.0,1750.0,0.0
17500000.0,2.0,900.0,0.0
28900000.0,3.0,1850.0,1.0
22500000.0,4.0,2200.0,1.0
25500000.0,3.0,1700.0,1.0
9500000.0,3.0,1350.0,0.0
5300000.0,2.0,750.0,1.0
4820000.0,2.0,670.0,0.0
6700000.0,3.0,810.0,1.0
6662000.0,3.0,900.0,1.0
10700000.0,3.0,1400.0,0.0
3500000.0,2.0,600.0,1.0
2280000.0,1.0,400.0,1.0
73800000.0,3.0,2000.0,0.0
13000000.0,3.0,1035.0,1.0
26000000.0,3.0,1700.0,1.0
36500000.0,4.0,2400.0,1.0
2975000.0,2.0,550.0,1.0
18200000.0,3.0,1450.0,1.0
4800000.0,3.0,810.0,1.0
4200000.0,2.0,600.0,1.0
4900000.0,3.0,900.0,1.0
4200000.0,2.0,600.0,1.0
34000000.0,3.0,1800.0,1.0
3400000.0,2.0,600.0,1.0
3500000.0,2.0,600.0,1.0
4300000.0,2.0,600.0,1.0
2500000.0,1.0,400.0,1.0
4300000.0,2.0,600.0,1.0
28500000.0,3.0,1650.0,1.0
38500000.0,4.0,2300.0,1.0
38000000.0,4.0,2200.0,1.0
27000000.0,3.0,1800.0,1.0
14500000.0,2.0,1200.0,1.0
38500000.0,4.0,2400.0,1.0
7200000.0,3.0,900.0,1.0
8000000.0,3.0,1200.0,1.0
5000000.0,2.0,750.0,1.0
2510000.0,1.0,400.0,1.0
6900000.0,3.0,900.0,1.0
7500000.0,3.0,1000.0,1.0
3890000.0,2.0,600.0,1.0
34500000.0,4.0,2450.0,1.0
29500000.0,3.0,1900.0,0.0
27500000.0,3.0,1800.0,1.0
36000000.0,3.0,1800.0,1.0
5450000.0,2.0,800.0,1.0
36000000.0,3.0,1800.0,0.0
34900000.0,4.0,2000.0,0.0
29500000.0,3.0,1900.0,0.0
3500000.0,2.0,600.0,1.0
4100000.0,2.0,780.0,1.0
7509999.999999999,3.0,1000.0,1.0
7800000.0,3.0,900.0,1.0
2200000.0,1.0,400.0,1.0
2900000.0,2.0,550.0,1.0
2800000.0,2.0,600.0,0.0
3600000.0,2.0,650.0,0.0
4800000.0,3.0,900.0,0.0
2650000.0,2.0,600.0,0.0
27000000.0,3.0,1350.0,0.0
8500000.0,3.0,1200.0,1.0
8800000.0,3.0,1200.0,1.0
9015000.0,3.0,1250.0,0.0
11000000.0,2.0,648.0,0.0
18000000.0,3.0,1080.0,0.0
11100000.000000002,2.0,640.0,0.0
16000000.0,3.0,1200.0,1.0
11000000.0,4.0,1200.0,1.0
20000000.0,3.0,1080.0,0.0
14000000.0,3.0,1080.0,0.0
9500000.0,2.0,648.0,0.0
41000000.0,4.0,2500.0,1.0
3400000.0,2.0,600.0,1.0
2750000.0,1.0,360.0,0.0
11000000.0,2.0,900.0,0.0
9020000.0,3.0,1250.0,1.0
32500000.0,3.0,1890.0,0.0
17500000.0,3.0,1080.0,0.0
12500000.0,4.0,1470.0,0.0
8500000.0,3.0,1260.0,0.0
38800000.0,4.0,2600.0,1.0
9800000.0,3.0,1350.0,0.0
9000000.0,3.0,1350.0,0.0
9200000.0,3.0,1350.0,0.0
9500000.0,3.0,1350.0,0.0
7700000.0,3.0,900.0,1.0
5480000.0,2.0,800.0,1.0
5535000.0,2.0,750.0,1.0
4700000.0,2.0,630.0,1.0
11000000.0,4.0,1440.0,0.0
29000000.0,3.0,1800.0,1.0
11000000.0,4.0,1440.0,0.0
3411000.0,2.0,600.0,1.0
8500000.0,3.0,1200.0,1.0
9000000.0,3.0,1250.0,1.0
8500000.0,3.0,1200.0,1.0
2700000.0,2.0,550.0,1.0
8800000.0,3.0,1300.0,0.0
6800000.0,3.0,900.0,0.0
8500000.0,3.0,1050.0,0.0
25000000.0,5.0,1850.0,1.0
5511000.0,3.0,1000.0,0.0
6400000.0,3.0,810.0,1.0
3300000.0,2.0,600.0,1.0
3400000.0,2.0,600.0,1.0
6500000.0,3.0,900.0,1.0
5825000.0,2.0,800.0,0.0
4000000.0,2.0,600.0,1.0
7500000.0,3.0,900.0,1.0
42300000.00000001,3.0,1800.0,1.0
4000000.0,2.0,600.0,1.0
6500000.0,3.0,900.0,1.0
8200000.0,3.0,1300.0,0.0
4500000.0,2.0,540.0,0.0
16500000.0,3.0,1125.0,0.0
7500000.0,2.0,585.0,1.0
9500000.0,3.0,630.0,1.0
85000000.0,4.0,2727.0,1.0
1650000.0,1.0,400.0,1.0
4700000.0,2.0,450.0,1.0
5700000.0,2.0,558.0,0.0
2900000.0,2.0,540.0,1.0
16000000.0,4.0,1850.0,0.0
5820000.0,3.0,900.0,1.0
26500000.0,3.0,1440.0,1.0
16000000.0,4.0,2100.0,0.0
15000000.0,5.0,1255.0,0.0
6500000.0,3.0,900.0,0.0
11000000.0,3.0,1125.0,1.0
9000000.0,3.0,1320.0,0.0
125000000.0,4.0,4500.0,1.0
2800000.0,2.0,540.0,0.0
6500000.0,3.0,750.0,1.0
5700000.0,3.0,900.0,1.0
32500000.0,3.0,2000.0,0.0
3450000.0,2.0,650.0,0.0
4821000.0,3.0,1000.0,0.0
16000000.0,4.0,2100.0,0.0
4700000.0,3.0,850.0,0.0
6000000.0,2.0,620.0,0.0
11000000.0,2.0,969.0,0.0
19000000.0,3.0,1125.0,1.0
17500000.0,3.0,1125.0,1.0
17000000.0,3.0,1080.0,0.0
3000000.0,2.0,720.0,0.0
9300000.0,2.0,850.0,0.0
8500000.0,2.0,850.0,0.0
6500000.0,2.0,900.0,0.0
10500000.0,4.0,1400.0,1.0
6111000.0,3.0,1000.0,0.0
7273000.0,4.0,1350.0,0.0
4821000.0,3.0,900.0,0.0
5551000.0,3.0,1100.0,0.0
4975000.0,3.0,950.0,0.0
4100000.0,4.0,1450.0,0.0
33800000.0,3.0,2000.0,0.0
8200000.0,3.0,800.0,1.0
13000000.0,5.0,1300.0,0.0
67500000.0,5.0,2700.0,1.0
28900000.0,3.0,1700.0,0.0
10000000.0,3.0,1100.0,1.0
11000000.0,3.0,1100.0,1.0
3700000.0,2.0,750.0,0.0
16000000.0,4.0,1900.0,0.0
5560000.0,2.0,800.0,0.0
5600000.0,2.0,800.0,0.0
18500000.0,3.0,1200.0,1.0
14000000.0,3.0,800.0,1.0
15500000.0,4.0,1950.0,1.0
3751000.0,2.0,750.0,0.0
18000000.0,4.0,1730.0,1.0
85000000.0,4.0,2700.0,1.0
35500000.0,4.0,2200.0,1.0
8100000.0,3.0,1130.0,0.0
6000000.0,2.0,765.0,0.0
5989000.0,2.0,782.0,0.0
5925000.0,2.0,788.0,0.0
5998000.0,2.0,798.0,0.0
5936000.0,2.0,796.0,0.0
8455000.0,3.0,1123.0,0.0
8450000.0,3.0,1190.0,0.0
6050000.0,2.0,798.0,0.0
8500000.0,3.0,1130.0,0.0
5995000.0,2.0,758.0,0.0
8487000.0,3.0,1080.0,0.0
5955000.0,2.0,780.0,0.0
7988000.0,3.0,1176.0,0.0
4500000.0,2.0,950.0,1.0
31500000.0,3.0,1800.0,1.0
16500000.0,3.0,1125.0,1.0
32500000.0,3.0,1800.0,1.0
28900000.0,3.0,1750.0,1.0
9700000.0,3.0,680.0,1.0
30000000.0,3.0,1800.0,1.0
8600000.0,2.0,720.0,1.0
137500000.0,4.0,4500.0,0.0
4000000.0,2.0,450.0,0.0
12000000.0,4.0,1000.0,0.0
6000000.0,2.0,700.0,1.0
5500000.0,2.0,650.0,0.0
7000000.0,2.0,540.0,0.0
129500000.0,3.0,170.0,0.0
5700000.0,3.0,900.0,0.0
6800000.0,3.0,1035.0,0.0
5700000.0,3.0,900.0,1.0
7200000.0,3.0,900.0,0.0
13100000.0,3.0,1080.0,0.0
50000000.0,4.0,2250.0,1.0
28500000.0,3.0,1728.0,0.0
4300000.0,2.0,500.0,1.0
3800000.0,2.0,585.0,0.0
2200000.0,1.0,396.0,1.0
29000000.0,3.0,1623.0,1.0
14500000.0,4.0,1530.0,0.0
11500000.0,3.0,1000.0,0.0
5800000.0,2.0,680.0,1.0
130000000.0,4.0,4000.0,0.0
70000000.0,3.0,2100.0,0.0
13000000.0,3.0,1080.0,0.0
19000000.0,2.0,1250.0,1.0
150000000.0,4.0,9000.0,0.0
10500000.0,3.0,1100.0,0.0
3500000.0,2.0,600.0,1.0
4700000.0,2.0,450.0,0.0
100000000.0,4.0,4500.0,1.0
13000000.0,3.0,1250.0,0.0
3500000.0,2.0,750.0,0.0
29200000.0,3.0,1900.0,1.0
5800000.0,2.0,650.0,0.0
44900000.0,3.0,2280.0,1.0
5000000.0,2.0,650.0,0.0
41500000.0,3.0,1350.0,0.0
18500000.0,3.0,1890.0,1.0
150000000.0,5.0,5600.0,1.0
15500000.0,3.0,1200.0,1.0
65000000.0,4.0,2926.0,0.0
130000000.0,4.0,4500.0,1.0
82500000.0,4.0,2700.0,1.0
26800000.0,3.0,1693.0,1.0
80000000.0,4.0,2400.0,1.0
77500000.0,3.0,2400.0,1.0
12500000.0,5.0,1000.0,1.0
4500000.0,2.0,500.0,0.0
110000000.0,4.0,4500.0,1.0
3200000.0,2.0,495.0,0.0
3500000.0,3.0,668.0,0.0
8500000.0,2.0,850.0,0.0
9500000.0,2.0,850.0,0.0
38500000.0,4.0,2600.0,1.0
39500000.0,4.0,2199.0,0.0
8000000.0,3.0,1500.0,0.0
9500000.0,3.0,850.0,1.0
5000000.0,3.0,802.0,1.0
19500000.0,3.0,1350.0,0.0
3650000.0,2.0,550.0,1.0
90000000.0,4.0,2700.0,1.0
85000000.0,4.0,2700.0,1.0
72500000.0,4.0,2700.0,1.0
80000000.0,4.0,2700.0,1.0
8000000.0,3.0,750.0,1.0
16000000.0,3.0,1250.0,1.0
380000000.0,5.0,9000.0,0.0
21000000.0,2.0,1205.0,0.0
2200000.0,1.0,375.0,0.0
45500000.0,3.0,1400.0,0.0
49000000.0,3.0,3500.0,0.0
8400000.0,3.0,1050.0,0.0
5400000.0,2.0,828.0,1.0
6200000.0,3.0,1000.0,0.0
17500000.0,6.0,2100.0,1.0
32500000.0,4.0,1350.0,0.0
18500000.0,3.0,900.0,0.0
16900000.0,3.0,1080.0,0.0
10000000.0,4.0,1200.0,0.0
32500000.0,3.0,1150.0,0.0
18000000.0,3.0,1450.0,0.0
32500000.0,3.0,1350.0,0.0
24000000.0,10.0,4000.0,0.0
11500000.0,3.0,1050.0,1.0
16000000.0,4.0,1800.0,1.0
4500000.0,3.0,1100.0,1.0
32000000.0,3.0,1920.0,1.0
25000000.0,3.0,1710.0,1.0
28500000.0,3.0,1786.0,1.0
31500000.0,3.0,1700.0,1.0
29500000.0,3.0,1688.0,1.0
12000000.0,5.0,900.0,0.0
3500000.0,2.0,600.0,1.0
28000000.0,3.0,1350.0,1.0
35500000.0,4.0,2100.0,1.0
22500000.0,2.0,950.0,1.0
18000000.0,2.0,1620.0,0.0
6500000.0,2.0,800.0,0.0
24500000.0,3.0,1712.0,1.0
9500000.0,2.0,950.0,1.0
5500000.0,2.0,650.0,0.0
17000000.0,3.0,1125.0,0.0
9500000.0,4.0,1399.0,1.0
21000000.0,3.0,1563.0,1.0
3600000.0,2.0,315.0,0.0
13000000.0,3.0,1200.0,0.0
12500000.0,3.0,990.0,1.0
10000000.0,3.0,1080.0,1.0
27600000.0,3.0,1700.0,1.0
11500000.0,4.0,1350.0,1.0
7800000.0,3.0,1000.0,1.0
9500000.0,2.0,850.0,0.0
5200000.0,3.0,900.0,0.0
27500000.0,4.0,2000.0,1.0
15000000.0,5.0,1800.0,0.0
37000000.0,3.0,1800.0,0.0
36000000.0,3.0,1800.0,0.0
30000000.0,3.0,1350.0,0.0
6500000.0,3.0,900.0,1.0
36000000.0,3.0,1800.0,0.0
4700000.0,3.0,800.0,1.0
3250000.0,2.0,600.0,1.0
5800000.0,3.0,900.0,1.0
2150000.0,1.0,450.0,0.0
4800000.0,2.0,650.0,1.0
6500000.0,2.0,600.0,1.0
5500000.0,2.0,594.0,0.0
100000000.0,6.0,1665.0,1.0
25500000.0,3.0,1777.0,1.0
25000000.0,4.0,1550.0,1.0
18000000.0,3.0,1250.0,1.0
11000000.0,2.0,850.0,1.0
3800000.0,2.0,750.0,0.0
21500000.0,3.0,1124.0,0.0
41500000.0,4.0,2025.0,0.0
102500000.0,4.0,4500.0,0.0
26500000.0,3.0,1530.0,0.0
17000000.0,2.0,1200.0,1.0
4500000.0,3.0,800.0,1.0
39800000.0,4.0,2487.0,0.0
4600000.0,2.0,650.0,1.0
9000000.0,3.0,1200.0,0.0
12000000.0,3.0,1050.0,1.0
30000000.0,3.0,1350.0,1.0
8200000.0,3.0,720.0,0.0
20000000.0,3.0,1400.0,0.0
14500000.0,9.0,800.0,0.0
9000000.0,2.0,720.0,1.0
8500000.0,4.0,1201.0,0.0
27500000.0,3.0,1350.0,0.0
3800000.0,2.0,700.0,0.0
8000000.0,3.0,1000.0,0.0
7800000.0,3.0,900.0,0.0
4200000.0,2.0,550.0,1.0
25000000.0,3.0,1750.0,1.0
39000000.0,4.0,2400.0,0.0
28500000.0,4.0,1956.0,0.0
4800000.0,3.0,810.0,1.0
28500000.0,3.0,1350.0,0.0
28000000.0,3.0,1530.0,0.0
21000000.0,3.0,1250.0,0.0
17500000.0,5.0,1600.0,0.0
15000000.0,4.0,1550.0,1.0
7200000.0,3.0,750.0,1.0
5700000.0,2.0,700.0,0.0
24500000.0,3.0,1750.0,0.0
12500000.0,4.0,1350.0,1.0
25000000.0,3.0,1350.0,0.0
8200000.0,2.0,675.0,1.0
3000000.0,1.0,1000.0,1.0
9000000.0,4.0,1170.0,0.0
8000000.0,3.0,1215.0,1.0
40000000.0,3.0,1800.0,0.0
20000000.0,3.0,1125.0,0.0
7500000.0,2.0,950.0,1.0
26500000.0,3.0,1700.0,1.0
8500000.0,2.0,668.0,0.0
28500000.0,3.0,1707.0,0.0
13200000.0,4.0,1800.0,1.0
13500000.0,3.0,1050.0,1.0
9500000.0,3.0,1100.0,0.0
7800000.0,3.0,1000.0,0.0
8500000.0,3.0,1000.0,0.0
7900000.0,3.0,1000.0,0.0
8100000.0,3.0,1000.0,0.0
9500000.0,3.0,1100.0,0.0
7500000.0,3.0,1000.0,0.0
9000000.0,3.0,1000.0,0.0
13000000.0,3.0,1100.0,0.0
8000000.0,3.0,1000.0,0.0
47500000.0,4.0,2925.0,0.0
14000000.0,2.0,750.0,1.0
37000000.0,3.0,1950.0,0.0
36500000.0,3.0,1800.0,0.0
13500000.0,3.0,1100.0,0.0
6000000.0,3.0,750.0,1.0
7500000.0,3.0,900.0,1.0
6700000.0,3.0,900.0,1.0
7300000.0,3.0,850.0,1.0
3400000.0,2.0,750.0,0.0
2800000.0,2.0,650.0,1.0
36000000.0,3.0,1813.0,0.0
9500000.0,3.0,1350.0,1.0
8500000.0,3.0,1000.0,1.0
4900000.0,3.0,900.0,1.0
19800000.0,3.0,1500.0,1.0
8500000.0,3.0,1100.0,0.0
7000000.0,1.0,550.0,1.0
23500000.0,3.0,1238.0,1.0
32500000.0,8.0,3150.0,0.0
5500000.0,2.0,962.0,1.0
3700000.0,2.0,650.0,0.0
5000000.0,3.0,901.0,1.0
3700000.0,2.0,750.0,0.0
5000000.0,3.0,675.0,0.0
9000000.0,3.0,1200.0,0.0
6800000.0,2.0,711.0,0.0
16000000.0,3.0,1200.0,0.0
42500000.0,4.0,2185.0,0.0
16000000.0,3.0,1000.0,1.0
40000000.0,4.0,2250.0,1.0
27500000.0,3.0,1350.0,1.0
27500000.0,3.0,1890.0,0.0
50000000.0,3.0,2200.0,0.0
32000000.0,4.0,2100.0,1.0
80000000.0,10.0,1100.0,0.0
27000000.0,3.0,1700.0,0.0
14500000.0,3.0,1150.0,1.0
8500000.0,3.0,4500.0,0.0
5500000.0,2.0,650.0,1.0
11000000.0,2.0,900.0,0.0
2500000.0,2.0,540.0,1.0
41500000.0,4.0,2350.0,1.0
50000000.0,4.0,3600.0,1.0
5000000.0,1.0,450.0,0.0
16000000.0,5.0,1350.0,0.0
28000000.0,3.0,1777.0,0.0
3500000.0,2.0,750.0,0.0
3700000.0,2.0,750.0,0.0
3600000.0,2.0,750.0,0.0
3900000.0,2.0,750.0,0.0
36500000.0,4.0,2025.0,0.0
9500000.0,4.0,1260.0,0.0
5600000.0,3.0,1000.0,1.0
27500000.0,3.0,1800.0,1.0
13500000.0,3.0,650.0,0.0
31000000.0,3.0,1350.0,0.0
6500000.0,2.0,1000.0,1.0
1500000000.0,3.0,1400.0,0.0
9000000.0,3.0,1400.0,1.0
3500000.0,2.0,800.0,0.0
30000000.0,4.0,2250.0,1.0
29000000.0,3.0,1856.0,0.0
30000000.0,3.0,1800.0,0.0
3950000.0,3.0,750.0,0.0
142500000.0,4.0,4500.0,1.0
27500000.0,3.0,1900.0,1.0
3000000.0,2.0,720.0,1.0
6000000.0,3.0,905.0,1.0
27500000.0,3.0,1350.0,0.0
9500000.0,3.0,1500.0,1.0
6500000.0,3.0,850.0,0.0
32500000.0,3.0,1810.0,0.0
7500000.0,3.0,1000.0,1.0
8600000.0,3.0,1000.0,1.0
2900000.0,1.0,445.0,0.0
5700000.0,1.0,900.0,0.0
3000000.0,1.0,1000.0,0.0
8000000.0,3.0,900.0,1.0
3600000.0,2.0,550.0,1.0
5000000.0,2.0,500.0,0.0
24000000.0,3.0,1320.0,0.0
34800000.0,3.0,1850.0,1.0
8000000.0,2.0,522.0,0.0
120000000.0,4.0,4500.0,0.0
65000000.0,4.0,2925.0,0.0
22000000.0,3.0,1350.0,0.0
14500000.0,3.0,1100.0,1.0
3700000.0,2.0,750.0,0.0
10100000.0,4.0,1350.0,1.0
4000000.0,2.0,525.0,1.0
3000000.0,1.0,425.0,0.0
17500000.0,4.0,1440.0,0.0
52500000.0,3.0,1250.0,0.0
37800000.0,4.0,2400.0,1.0
8800000.0,5.0,900.0,1.0
8500000.0,3.0,1350.0,0.0
10000000.0,3.0,900.0,0.0
14000000.0,3.0,1200.0,1.0
26000000.0,3.0,1428.0,0.0
58000000.0,4.0,2466.0,1.0
3500000.0,2.0,750.0,0.0
2700000.0,2.0,510.0,1.0
47400000.0,3.0,1950.0,1.0
5400000.0,3.0,650.0,0.0
5500000.0,2.0,650.0,1.0
15500000.0,3.0,1337.0,1.0
41000000.0,3.0,1800.0,1.0
7800000.0,3.0,1000.0,0.0
2000000.0,1.0,450.0,0.0
5400000.0,2.0,650.0,1.0
3300000.0,2.0,653.0,1.0
12500000.0,3.0,1200.0,1.0
15000000.0,3.0,1200.0,1.0
34500000.0,3.0,1800.0,0.0
6800000.0,3.0,891.0,0.0
7225000.0,3.0,1050.0,1.0
8700000.0,3.0,1050.0,1.0
105000000.0,4.0,4050.0,1.0
15000000.0,4.0,2000.0,0.0
6000000.0,2.0,700.0,0.0
260000000.0,4.0,9000.0,0.0
25000000.0,4.0,2250.0,0.0
62500000.0,4.0,2925.0,0.0
3500000.0,2.0,750.0,0.0
160000000.0,4.0,3600.0,0.0
7500000.0,3.0,950.0,0.0
3500000.0,1.0,380.0,0.0
18500000.0,3.0,900.0,0.0
57600000.0,3.0,1125.0,0.0
19500000.0,3.0,900.0,0.0
15000000.0,3.0,1200.0,1.0
3800000.0,2.0,750.0,0.0
3500000.0,2.0,750.0,0.0
3400000.0,2.0,750.0,0.0
3600000.0,2.0,750.0,0.0
17500000.0,3.0,1053.0,0.0
11000000.0,3.0,1200.0,0.0
65000000.0,4.0,2925.0,0.0
42500000.0,3.0,1440.0,1.0
37900000.0,4.0,2250.0,1.0
7000000.0,3.0,1035.0,1.0
26000000.0,3.0,1440.0,1.0
11000000.0,4.0,1200.0,1.0
64500000.0,4.0,2925.0,0.0
8000000.0,2.0,810.0,0.0
6500000.0,3.0,1001.0,1.0
3900000.0,2.0,750.0,0.0
49000000.0,4.0,2700.0,0.0
17000000.0,3.0,1200.0,0.0
19000000.0,5.0,2200.0,0.0
19500000.0,3.0,1080.0,1.0
47500000.0,4.0,2026.0,0.0
16000000.0,3.0,1200.0,1.0
66500000.0,4.0,2925.0,0.0
11000000.0,2.0,800.0,1.0
3951000.0,2.0,700.0,0.0
5300000.0,3.0,810.0,1.0
29500000.0,3.0,1800.0,1.0
27000000.0,4.0,2200.0,0.0
2000000.0,1.0,495.0,0.0
17500000.0,3.0,1250.0,0.0
3900000.0,2.0,675.0,0.0
1590000.0,5.0,430.0,1.0
29000000.0,4.0,1350.0,0.0
8500000.0,3.0,900.0,1.0
24500000.0,3.0,1350.0,0.0
9500000.0,3.0,1025.0,1.0
24500000.0,3.0,1648.0,0.0
3000000.0,2.0,1450.0,1.0
110000000.0,10.0,7200.0,1.0
16500000.0,3.0,1125.0,1.0
12500000.0,3.0,900.0,1.0
27500000.0,3.0,1800.0,1.0
16000000.0,3.0,1350.0,0.0
5000000.0,3.0,680.0,0.0
34500000.0,3.0,1801.0,0.0
26500000.0,3.0,1700.0,0.0
22500000.0,2.0,950.0,0.0
8600000.0,2.0,800.0,1.0
6500000.0,3.0,1000.0,1.0
6100000.0,3.0,810.0,1.0
16000000.0,3.0,1700.0,1.0
5460000.0,2.0,650.0,1.0
9600000.0,3.0,1000.0,0.0
33000000.0,3.0,1728.0,1.0
17000000.0,3.0,1050.0,1.0
32500000.0,5.0,2250.0,1.0
23500000.0,5.0,2150.0,1.0
22500000.0,3.0,1450.0,1.0
9150000.0,3.0,1000.0,1.0
6500000.0,3.0,1080.0,1.0
3900000.0,2.0,750.0,0.0
20000000.0,3.0,1275.0,1.0
62500000.0,4.0,2700.0,1.0
55000000.0,4.0,3600.0,1.0
39000000.0,3.0,1800.0,1.0
23500000.0,3.0,1125.0,1.0
25000000.0,3.0,1125.0,1.0
50000000.0,4.0,2250.0,1.0
58000000.0,4.0,2700.0,1.0
10000000.0,4.0,1400.0,1.0
13500000.0,2.0,1000.0,1.0
14000000.0,2.0,1000.0,1.0
9000000.0,2.0,720.0,1.0
25000000.0,3.0,1648.0,0.0
8000000.0,3.0,1000.0,0.0
8500000.0,3.0,1000.0,0.0
7800000.0,3.0,1000.0,0.0
272500000.0,3.0,3375.0,0.0
420000000.0,3.0,1400.0,0.0
16000000.0,3.0,1124.0,0.0
18500000.0,3.0,1124.0,0.0
29000000.0,4.0,2250.0,1.0
37500000.0,6.0,3000.0,1.0
51500000.0,3.0,2025.0,0.0
22000000.0,2.0,1250.0,1.0
8500000.0,2.0,850.0,0.0
32500000.0,3.0,1350.0,1.0
3400000.0,2.0,632.0,1.0
18200000.0,2.0,1290.0,1.0
10000000.0,3.0,1100.0,1.0
26000000.0,3.0,1600.0,1.0
7500000.0,3.0,1000.0,0.0
24500000.0,4.0,2000.0,1.0
7500000.0,2.0,669.0,1.0
4600000.0,2.0,450.0,1.0
5450000.0,2.0,650.0,1.0
27500000.0,3.0,1350.0,0.0
27000000.0,3.0,1350.0,0.0
8000000.0,2.0,1050.0,1.0
8500000.0,2.0,750.0,0.0
12000000.0,3.0,750.0,1.0
14500000.0,4.0,1200.0,1.0
3650000.0,2.0,650.0,0.0
12000000.0,3.0,1080.0,0.0
41000000.0,3.0,1800.0,1.0
5475000.0,2.0,650.0,0.0
6000000.0,2.0,700.0,1.0
31000000.0,3.0,1350.0,0.0
20500000.0,2.0,1200.0,1.0
3500000.0,2.0,600.0,1.0
3500000.0,2.0,750.0,0.0
3500000.0,2.0,750.0,0.0
3600000.0,2.0,750.0,0.0
3400000.0,2.0,750.0,0.0
21500000.0,2.0,1250.0,1.0
38500000.0,4.0,2250.0,1.0
46000000.0,4.0,2250.0,0.0
7400000.0,3.0,810.0,1.0
3650000.0,2.0,600.0,1.0
4500000.0,2.0,650.0,1.0
6600000.0,3.0,760.0,1.0
5500000.0,3.0,850.0,1.0
6540000.000000001,3.0,850.0,1.0
7500000.0,3.0,850.0,1.0
75000000.0,4.0,3800.0,1.0
7400000.0,3.0,1000.0,1.0
2200000.0,1.0,450.0,0.0
8500000.0,3.0,1000.0,0.0
23700000.0,3.0,1850.0,1.0
8400000.0,3.0,1000.0,0.0
12500000.0,3.0,650.0,0.0
6300000.0,3.0,350.0,0.0
15000000.0,4.0,1550.0,1.0
12500000.0,3.0,650.0,0.0
15000000.0,4.0,1500.0,1.0
5200000.0,3.0,756.0,1.0
9500000.0,3.0,1000.0,1.0
14000000.0,3.0,1250.0,0.0
7200000.0,3.0,850.0,1.0
8500000.0,2.0,800.0,1.0
13500000.0,3.0,1100.0,1.0
17000000.0,4.0,1050.0,1.0
7500000.0,2.0,800.0,1.0
9500000.0,3.0,900.0,1.0
22500000.0,3.0,1550.0,1.0
32500000.0,4.0,2000.0,1.0
37500000.0,3.0,1350.0,1.0
5500000.0,3.0,900.0,1.0
3200000.0,2.0,540.0,1.0
5500000.0,2.0,500.0,1.0
5000000.0,2.0,500.0,0.0
12000000.0,3.0,1350.0,0.0
5100000.0,2.0,350.0,0.0
72500000.0,4.0,2350.0,0.0
2600000.0,1.0,450.0,0.0
29000000.0,3.0,1600.0,1.0
18800000.0,3.0,1400.0,0.0
36500000.0,3.0,1800.0,0.0
3400000.0,2.0,650.0,0.0
44000000.0,3.0,1600.0,1.0
27500000.0,3.0,1350.0,0.0
26500000.0,3.0,1350.0,0.0
15000000.0,4.0,1750.0,1.0
4450000.0,2.0,700.0,1.0
5600000.0,3.0,990.0,1.0
15000000.0,4.0,1500.0,0.0
3600000.0,2.0,550.0,1.0
3710000.0,2.0,550.0,1.0
8000000.0,3.0,1400.0,1.0
17500000.0,4.0,1980.0,0.0
8800000.0,4.0,1260.0,0.0
15000000.0,3.0,1200.0,1.0
25200000.0,3.0,1548.0,0.0
5500000.0,3.0,900.0,1.0
7300000.0,3.0,1000.0,0.0
10200000.0,4.0,1500.0,1.0
16000000.0,4.0,1980.0,0.0
18500000.0,3.0,1450.0,0.0
3900000.0,2.0,700.0,1.0
5027000.0,2.0,550.0,0.0
8000000.0,3.0,1000.0,0.0
32500000.0,4.0,2029.0,0.0
18600000.0,3.0,1350.0,1.0
30500000.0,3.0,60.0,0.0
16000000.0,3.0,1400.0,0.0
8450000.0,3.0,1000.0,1.0
10200000.0,4.0,1350.0,1.0
5500000.0,2.0,650.0,1.0
8500000.0,3.0,1000.0,1.0
9500000.0,2.0,950.0,1.0
8500000.0,3.0,1350.0,1.0
9500000.0,3.0,1450.0,1.0
25000000.0,3.0,1350.0,0.0
34500000.0,4.0,2098.0,0.0
8500000.0,3.0,1100.0,0.0
25000000.0,3.0,1800.0,1.0
16500000.0,2.0,1200.0,1.0
17500000.0,3.0,1500.0,1.0
22500000.0,3.0,48.0,0.0
19000000.0,4.0,2250.0,0.0
19000000.0,2.0,1200.0,1.0
3800000.0,2.0,750.0,0.0
3500000.0,2.0,700.0,0.0
7500000.0,3.0,800.0,0.0
7500000.0,3.0,900.0,0.0
32500000.0,3.0,1818.0,1.0
8100000.0,3.0,1000.0,1.0
8500000.0,3.0,900.0,1.0
18000000.0,5.0,1300.0,0.0
21500000.0,3.0,1250.0,0.0
32500000.0,3.0,1400.0,0.0
52500000.0,4.0,2000.0,1.0
7500000.0,2.0,750.0,1.0
16000000.0,3.0,1150.0,0.0
28000000.0,4.0,2200.0,0.0
5950000.0,3.0,900.0,1.0
55000000.0,5.0,3000.0,0.0
36500000.0,3.0,1801.0,0.0
27500000.0,3.0,1350.0,1.0
8500000.0,3.0,1100.0,1.0
12500000.0,3.0,1250.0,1.0
9200000.0,3.0,1000.0,1.0
17000000.0,2.0,1200.0,1.0
17000000.0,3.0,1200.0,0.0
9500000.0,3.0,32.0,0.0
18500000.0,3.0,1400.0,1.0
26500000.0,3.0,1200.0,0.0
3500000.0,1.0,1200.0,0.0
29000000.0,3.0,1659.0,1.0
13000000.0,4.0,1350.0,1.0
7000000.0,3.0,950.0,0.0
70000000.0,6.0,3600.0,1.0
31000000.0,3.0,1350.0,1.0
3650000.0,2.0,550.0,1.0
8500000.0,3.0,1000.0,1.0
35000000.0,3.0,750.0,0.0
3500000.0,2.0,650.0,0.0
3400000.0,2.0,750.0,0.0
31500000.0,3.0,1800.0,1.0
27000000.0,4.0,2300.0,1.0
19500000.0,4.0,1150.0,1.0
3700000.0,2.0,550.0,1.0
31000000.0,3.0,1800.0,1.0
29000000.0,3.0,1850.0,1.0
28000000.0,3.0,1750.0,1.0
3400000.0,2.0,750.0,0.0
23000000.0,3.0,1700.0,1.0
40000000.0,3.0,1800.0,0.0
8400000.0,3.0,950.0,1.0
8400000.0,3.0,1000.0,1.0
5350000.0,2.0,650.0,1.0
19100000.0,3.0,1125.0,0.0
59500000.0,3.0,1953.0,0.0
32000000.0,3.0,1818.0,0.0
390000000.0,5.0,7200.0,1.0
26000000.0,4.0,2250.0,1.0
9000000.0,3.0,1200.0,1.0
2950000.0,2.0,500.0,0.0
18500000.0,3.0,1350.0,0.0
6000000.0,2.0,804.0,0.0
12500000.0,3.0,1005.0,0.0
6000000.0,3.0,1000.0,0.0
6000000.0,3.0,1000.0,1.0
8500000.0,4.0,1000.0,0.0
16000000.0,4.0,1850.0,0.0
25000000.0,3.0,1440.0,1.0
5470000.0,2.0,650.0,1.0
13500000.0,3.0,1000.0,0.0
34000000.0,3.0,1950.0,0.0
5800000.0,3.0,800.0,0.0
23200000.0,3.0,1300.0,1.0
30000000.0,5.0,2400.0,1.0
17500000.0,2.0,1000.0,1.0
6700000.0,3.0,990.0,0.0
9500000.0,4.0,1260.0,0.0
19000000.0,2.0,1200.0,1.0
20000000.0,4.0,2350.0,1.0
3700000.0,2.0,750.0,0.0
32000000.0,3.0,1940.0,0.0
5000000.0,3.0,1000.0,1.0
5490000.0,2.0,650.0,1.0
18000000.0,2.0,1200.0,0.0
8000000.0,3.0,1200.0,1.0
19000000.0,3.0,1105.0,1.0
23800000.0,3.0,1800.0,0.0
31000000.0,3.0,1800.0,0.0
17500000.0,3.0,1500.0,1.0
17500000.0,3.0,1500.0,1.0
20000000.0,3.0,1600.0,1.0
7000000.0,3.0,800.0,1.0
8800000.0,4.0,1215.0,0.0
48500000.0,3.0,1800.0,1.0
16500000.0,2.0,1200.0,1.0
16800000.0,2.0,1200.0,1.0
54500000.0,3.0,1750.0,0.0
52500000.0,3.0,1650.0,0.0
9450000.0,3.0,1000.0,1.0
5525000.0,2.0,650.0,1.0
5425000.0,2.0,650.0,1.0
10500000.0,3.0,1050.0,1.0
8550000.0,3.0,1000.0,1.0
8425000.0,3.0,1000.0,1.0
8410000.0,3.0,1000.0,1.0
100000000.0,4.0,2700.0,1.0
27000000.0,3.0,1350.0,0.0
12000000.0,3.0,1160.0,0.0
36500000.0,4.0,2200.0,0.0
8000000.0,3.0,850.0,1.0
6500000.0,3.0,1200.0,1.0
27500000.0,3.0,1550.0,1.0
10000000.0,4.0,1260.0,1.0
10000000.0,3.0,1125.0,1.0
29500000.0,3.0,1550.0,1.0
25000000.0,3.0,1800.0,1.0
85000000.0,4.0,2300.0,1.0
6000000.0,2.0,556.0,0.0
40000000.0,3.0,1800.0,0.0
600000000.0,12.0,6000.0,1.0
55000000.0,4.0,2701.0,0.0
105000000.0,4.0,4500.0,0.0
20500000.0,3.0,1450.0,1.0
70000000.0,4.0,2250.0,1.0
15500000.0,3.0,1200.0,1.0
18500000.0,3.0,1125.0,1.0
55000000.0,4.0,3600.0,1.0
161000000.0,4.0,2925.0,0.0
550000000.0,6.0,10000.0,1.0
35000000.0,3.0,1800.0,0.0
45000000.0,4.0,2700.0,0.0
5450000.0,2.0,650.0,1.0
21200000.0,4.0,2480.0,1.0
12700000.0,3.0,1200.0,0.0
160000000.0,5.0,3500.0,1.0
3800000.0,2.0,720.0,0.0
50000000.0,4.0,3240.0,1.0
13000000.0,3.0,900.0,0.0
5000000.0,2.0,500.0,0.0
3600000.0,2.0,750.0,0.0
23000000.0,4.0,2350.0,0.0
45000000.0,3.0,2000.0,1.0
3300000.0,2.0,630.0,1.0
42500000.0,4.0,2228.0,1.0
4200000.0,2.0,500.0,0.0
5700000.0,3.0,810.0,0.0
15800000.0,3.0,1225.0,1.0
96000000.0,4.0,1800.0,1.0
125000000.0,4.0,4200.0,1.0
420000000.0,4.0,7200.0,1.0
15000000.0,2.0,1200.0,1.0
35200000.0,4.0,2250.0,1.0
12000000.0,2.0,900.0,1.0
102500000.0,6.0,1800.0,1.0
32500000.0,3.0,1800.0,1.0
2950000.0,2.0,520.0,1.0
16000000.0,2.0,900.0,0.0
17000000.0,3.0,901.0,1.0
26500000.0,3.0,1548.0,1.0
39000000.0,4.0,1800.0,1.0
125000000.0,4.0,2500.0,0.0
24000000.0,3.0,1600.0,0.0
24000000.0,3.0,1600.0,0.0
22800000.0,3.0,1700.0,0.0
28500000.0,3.0,1700.0,0.0
7500000.0,2.0,690.0,1.0
3000000.0,2.0,500.0,0.0
16500000.0,4.0,1450.0,1.0
45000000.0,4.0,2400.0,1.0
29000000.0,4.0,2350.0,1.0
22500000.0,3.0,1100.0,0.0
24500000.0,3.0,1600.0,1.0
2500000.0,2.0,650.0,1.0
5500000.0,2.0,294.0,1.0
13600000.000000002,2.0,1000.0,0.0
35000000.0,3.0,2000.0,0.0
52500000.0,3.0,1650.0,0.0
62500000.0,3.0,1800.0,0.0
6500000.0,3.0,900.0,1.0
150000000.0,4.0,4500.0,0.0
24000000.0,4.0,2350.0,1.0
4760000.0,2.0,680.0,0.0
8000000.0,3.0,1200.0,0.0
4600000.0,2.0,690.0,0.0
4700000.0,2.0,680.0,0.0
4400000.0,2.0,750.0,0.0
270000000.0,5.0,10000.0,0.0
21500000.0,2.0,1350.0,0.0
15000000.0,2.0,1200.0,0.0
65000000.0,4.0,3600.0,0.0
8000000.0,3.0,1850.0,1.0
13000000.0,3.0,1100.0,0.0
17500000.0,4.0,1400.0,1.0
20500000.0,3.0,1500.0,1.0
3750000.0,2.0,540.0,0.0
80000000.0,3.0,4950.0,1.0
26000000.0,3.0,1620.0,0.0
4100000.0,2.0,560.0,0.0
42500000.0,3.0,2000.0,1.0
17500000.0,3.0,1050.0,1.0
21000000.0,3.0,60.0,0.0
42500000.0,3.0,2000.0,1.0
5800000.0,3.0,1000.0,0.0
35500000.0,4.0,2300.0,0.0
10500000.0,2.0,1000.0,1.0
19000000.0,2.0,1200.0,0.0
15000000.0,1.0,900.0,0.0
17400000.0,3.0,1350.0,0.0
36000000.0,3.0,1800.0,1.0
43000000.0,4.0,3600.0,1.0
15100000.0,3.0,1730.0,1.0
37500000.0,4.0,2340.0,0.0
67500000.0,4.0,3200.0,1.0
22500000.0,3.0,1125.0,0.0
52500000.0,4.0,2700.0,1.0
14000000.0,2.0,1200.0,1.0
37000000.0,4.0,2300.0,1.0
85000000.0,9.0,1350.0,1.0
7500000.0,3.0,800.0,0.0
21900000.0,4.0,2508.0,1.0
23500000.0,2.0,900.0,0.0
5400000.0,2.0,620.0,0.0
39500000.0,3.0,1800.0,0.0
85000000.0,4.0,4500.0,1.0
14500000.0,3.0,1000.0,1.0
47500000.0,4.0,2700.0,1.0
21100000.0,4.0,2500.0,1.0
14400000.0,3.0,1600.0,1.0
21200000.0,4.0,2525.0,1.0
42500000.0,4.0,2175.0,1.0
41000000.0,4.0,3200.0,0.0
2900000.0,2.0,550.0,0.0
11000000.0,2.0,650.0,0.0
6700000.0,3.0,972.0,0.0
13000000.0,3.0,1500.0,1.0
21000000.0,4.0,1250.0,0.0
260000000.0,5.0,10000.0,0.0
8400000.0,3.0,850.0,0.0
3000000.0,2.0,750.0,0.0
35000000.0,6.0,2500.0,1.0
5000000.0,2.0,750.0,1.0
200000000.0,4.0,5000.0,1.0
3000000.0,2.0,550.0,1.0
24000000.0,3.0,1700.0,0.0
28200000.0,3.0,1850.0,1.0
46000000.0,4.0,2250.0,1.0
12000000.0,3.0,1250.0,1.0
4500000.0,3.0,910.0,1.0
10500000.0,3.0,1150.0,1.0
31500000.0,4.0,1800.0,1.0
29000000.0,3.0,1350.0,0.0
220000000.0,4.0,4500.0,0.0
9500000.0,3.0,1050.0,0.0
10200000.0,4.0,1200.0,0.0
7500000.0,3.0,950.0,0.0
8600000.0,3.0,1020.0,0.0
57500000.0,4.0,2700.0,0.0
7500000.0,4.0,1115.0,1.0
16000000.0,5.0,1800.0,0.0
14500000.0,2.0,850.0,1.0
85000000.0,3.0,1800.0,0.0
7000000.0,3.0,800.0,0.0
4500000.0,2.0,550.0,0.0
32500000.0,3.0,2150.0,1.0
130000000.0,3.0,2700.0,1.0
8500000.0,4.0,1000.0,1.0
154500000.0,4.0,3600.0,0.0
7600000.0,3.0,1800.0,0.0
50000000.0,4.0,2385.0,1.0
3800000.0,3.0,750.0,1.0
14000000.0,3.0,1250.0,0.0
16000000.0,3.0,1500.0,1.0
38500000.0,4.0,2025.0,0.0
10500000.0,3.0,900.0,0.0
4000000.0,2.0,630.0,1.0
21000000.0,3.0,1125.0,1.0
45000000.0,4.0,3600.0,0.0
13500000.0,2.0,1000.0,0.0
11000000.0,2.0,950.0,0.0
40000000.0,4.0,2700.0,1.0
21000000.0,3.0,1206.0,1.0
22600000.0,3.0,1206.0,1.0
23500000.0,3.0,1250.0,1.0
7500000.0,2.0,760.0,0.0
8000000.0,3.0,1200.0,1.0
8500000.0,4.0,1080.0,1.0
26000000.0,3.0,1500.0,1.0
40000000.0,3.0,2000.0,1.0
14000000.0,2.0,1200.0,0.0
36000000.0,3.0,1150.0,0.0
32500000.0,3.0,1125.0,1.0
68500000.0,4.0,2800.0,1.0
15500000.0,3.0,1100.0,1.0
11500000.0,2.0,756.0,0.0
21000000.0,3.0,1800.0,0.0
18600000.0,2.0,1250.0,1.0
5800000.0,3.0,1000.0,0.0
13500000.0,3.0,1200.0,1.0
107500000.0,4.0,2890.0,0.0
57000000.0,4.0,2340.0,0.0
97500000.0,3.0,2500.0,1.0
140000000.0,6.0,7000.0,1.0
45000000.0,4.0,2250.0,0.0
31000000.0,3.0,1150.0,0.0
17500000.0,3.0,1100.0,1.0
1900000.0,1.0,400.0,1.0
29800000.0,3.0,1800.0,1.0
76500000.0,4.0,2700.0,1.0
27500000.0,3.0,1700.0,0.0
11500000.0,3.0,1980.0,1.0
19200000.0,2.0,1200.0,1.0
110000000.0,6.0,3780.0,1.0
25000000.0,3.0,1310.0,1.0
7000000.0,3.0,850.0,1.0
40000000.0,3.0,1800.0,1.0
55000000.0,4.0,2700.0,1.0
65000000.0,4.0,5000.0,1.0
6000000.0,2.0,700.0,1.0
19000000.0,3.0,1125.0,1.0
9000000.0,2.0,700.0,1.0
27000000.0,3.0,1400.0,1.0
49500000.0,3.0,1800.0,0.0
38500000.0,4.0,2200.0,1.0
21500000.0,5.0,1550.0,1.0
41400000.0,4.0,2800.0,0.0
6000000.0,3.0,950.0,1.0
60000000.0,4.0,2600.0,1.0
30500000.0,4.0,1700.0,1.0
5000000.0,3.0,1000.0,1.0
34500000.0,3.0,1800.0,1.0
4600000.0,2.0,550.0,0.0
14500000.0,5.0,1500.0,1.0
27500000.0,3.0,1600.0,1.0
22500000.0,3.0,1350.0,0.0
21500000.0,3.0,1125.0,1.0
20000000.0,3.0,1125.0,1.0
11000000.0,5.0,1500.0,1.0
6500000.0,3.0,810.0,1.0
14500000.0,3.0,1100.0,1.0
30000000.0,4.0,1400.0,1.0
30000000.0,3.0,1800.0,1.0
9500000.0,4.0,1000.0,1.0
3500000.0,2.0,750.0,0.0
3200000.0,2.0,750.0,0.0
3600000.0,2.0,750.0,0.0
4500000.0,2.0,650.0,1.0
77500000.0,3.0,1953.0,1.0
3700000.0,2.0,750.0,0.0
3500000.0,2.0,750.0,0.0
3800000.0,2.0,750.0,0.0
3700000.0,2.0,750.0,0.0
3800000.0,2.0,750.0,0.0
24000000.0,4.0,2500.0,0.0
11000000.0,3.0,1500.0,0.0
6000000.0,3.0,1100.0,0.0
7000000.0,2.0,850.0,1.0
8500000.0,3.0,2000.0,1.0
10400000.0,3.0,1100.0,1.0
7500000.0,3.0,720.0,0.0
44600000.0,3.0,1800.0,1.0
100000000.0,4.0,2700.0,0.0
5600000.0,3.0,1000.0,0.0
5800000.0,3.0,1000.0,0.0
5400000.0,3.0,1000.0,0.0
5700000.0,3.0,1000.0,0.0
5700000.0,3.0,1000.0,0.0
5500000.0,3.0,1000.0,0.0
15000000.0,4.0,1620.0,1.0
97500000.0,4.0,3150.0,1.0
3800000.0,2.0,750.0,0.0
49000000.0,3.0,1800.0,1.0
40000000.0,6.0,3200.0,1.0
90000000.0,3.0,2016.0,0.0
15100000.0,3.0,1722.0,1.0
24500000.0,4.0,2250.0,0.0
45000000.0,3.0,1800.0,1.0
9000000.0,3.0,1200.0,1.0
11000000.0,3.0,810.0,1.0
16600000.0,3.0,1300.0,0.0
2400000.0,1.0,320.0,1.0
10500000.0,3.0,1150.0,0.0
17000000.0,2.0,1100.0,1.0
45000000.0,4.0,2250.0,0.0
3150000.0,2.0,540.0,1.0
14000000.0,3.0,1100.0,1.0
15100000.0,3.0,1750.0,0.0
15100000.0,3.0,1750.0,0.0
13700000.000000002,3.0,1605.0,0.0
21200000.0,4.0,2500.0,0.0
13700000.000000002,3.0,1600.0,0.0
15100000.0,3.0,1750.0,0.0
21200000.0,4.0,2500.0,0.0
15800000.0,3.0,1750.0,0.0
15100000.0,3.0,1750.0,0.0
15100000.0,3.0,1750.0,0.0
21000000.0,3.0,1700.0,1.0
1800000.0,1.0,325.0,0.0
25500000.0,3.0,1440.0,0.0
8500000.0,3.0,1000.0,1.0
8000000.0,3.0,900.0,1.0
45000000.0,4.0,2250.0,0.0
28200000.0,5.0,2200.0,1.0
34000000.0,4.0,2200.0,1.0
16900000.0,5.0,2550.0,1.0
3500000.0,1.0,400.0,1.0
42000000.0,4.0,4500.0,0.0
14500000.0,2.0,1200.0,0.0
85000000.0,4.0,4500.0,1.0
6500000.0,3.0,900.0,1.0
37000000.0,2.0,1732.0,1.0
30000000.0,3.0,1683.0,1.0
30000000.0,3.0,1350.0,1.0
15000000.0,2.0,1800.0,1.0
22800000.0,3.0,1350.0,1.0
27000000.0,3.0,1350.0,1.0
120000000.0,3.0,1800.0,0.0
14300000.0,3.0,1718.0,0.0
15600000.0,3.0,1760.0,1.0
21200000.0,4.0,2400.0,0.0
15700000.0,3.0,1760.0,0.0
14200000.0,3.0,1605.0,0.0
15100000.0,3.0,1730.0,0.0
15100000.0,3.0,1680.0,1.0
13700000.000000002,3.0,1601.0,1.0
13700000.000000002,3.0,1600.0,0.0
13700000.000000002,3.0,1600.0,0.0
13700000.000000002,3.0,1611.0,0.0
15100000.0,3.0,1755.0,0.0
13700000.000000002,3.0,1620.0,0.0
13700000.000000002,3.0,1595.0,0.0
13700000.000000002,3.0,1600.0,0.0
15100000.0,3.0,1750.0,1.0
14400000.0,3.0,1610.0,0.0
15100000.0,3.0,1715.0,0.0
13700000.000000002,3.0,1602.0,1.0
13700000.000000002,3.0,1605.0,0.0
1600000.0,3.0,300.0,0.0
39000000.0,4.0,3400.0,0.0
22500000.0,3.0,1260.0,0.0
15100000.0,3.0,1720.0,1.0
13700000.000000002,3.0,1600.0,1.0
14300000.0,3.0,1608.0,0.0
21200000.0,4.0,2500.0,0.0
15100000.0,3.0,1720.0,1.0
15100000.0,3.0,1705.0,1.0
15100000.0,3.0,1710.0,1.0
13700000.000000002,3.0,1602.0,1.0
15100000.0,3.0,1710.0,1.0
15100000.0,3.0,1695.0,1.0
15100000.0,3.0,1750.0,1.0
15800000.0,3.0,1750.0,1.0
15100000.0,3.0,1710.0,0.0
13700000.000000002,3.0,1615.0,1.0
21200000.0,4.0,2510.0,1.0
15100000.0,3.0,1708.0,1.0
13700000.000000002,3.0,1605.0,1.0
13700000.000000002,3.0,1601.0,1.0
15100000.0,3.0,1740.0,1.0
15700000.0,3.0,1755.0,1.0
15100000.0,3.0,1700.0,1.0
51500000.0,3.0,1850.0,1.0
81000000.0,3.0,2250.0,1.0
52100000.0,3.0,2000.0,1.0
82500000.0,3.0,2250.0,1.0
95000000.0,3.0,2016.0,0.0
3200000.0,2.0,600.0,1.0
32500000.0,3.0,1600.0,1.0
19500000.0,4.0,1300.0,1.0
26000000.0,3.0,1500.0,1.0
8200000.0,2.0,700.0,1.0
10500000.0,2.0,700.0,1.0
14200000.0,3.0,1615.0,1.0
13700000.000000002,3.0,1610.0,1.0
13700000.000000002,3.0,1610.0,1.0
21200000.0,4.0,2500.0,1.0
21200000.0,4.0,2510.0,1.0
13700000.000000002,3.0,1625.0,1.0
15900000.0,3.0,1700.0,1.0
14200000.0,3.0,1600.0,1.0
21100000.0,4.0,2530.0,1.0
15100000.0,3.0,1700.0,1.0
21200000.0,4.0,2501.0,1.0
19000000.0,3.0,1400.0,0.0
31500000.0,3.0,1350.0,0.0
22000000.0,4.0,1450.0,1.0
13700000.000000002,3.0,1625.0,1.0
21200000.0,4.0,2500.0,1.0
15800000.0,3.0,1750.0,1.0
13700000.000000002,3.0,1610.0,1.0
13700000.000000002,3.0,1625.0,1.0
15700000.0,3.0,1780.0,1.0
15100000.0,3.0,1755.0,1.0
15800000.0,3.0,1750.0,1.0
15700000.0,3.0,1750.0,1.0
21100000.0,4.0,2400.0,1.0
13700000.000000002,3.0,1575.0,1.0
13700000.000000002,3.0,1760.0,1.0
15200000.0,3.0,1740.0,1.0
15200000.0,3.0,1730.0,1.0
15900000.0,3.0,1700.0,1.0
15100000.0,3.0,1701.0,1.0
15100000.0,3.0,1699.0,1.0
14200000.0,3.0,1625.0,1.0
21200000.0,4.0,2475.0,1.0
13700000.000000002,3.0,1480.0,1.0
13700000.000000002,3.0,1775.0,1.0
15100000.0,3.0,1725.0,1.0
15100000.0,3.0,1725.0,1.0
21700000.0,4.0,2500.0,1.0
15800000.0,3.0,1760.0,1.0
14300000.0,3.0,1625.0,1.0
14300000.0,3.0,1620.0,1.0
15800000.0,3.0,1780.0,1.0
15200000.0,3.0,1755.0,1.0
15100000.0,3.0,1760.0,0.0
33500000.0,3.0,1503.0,1.0
15100000.0,3.0,1735.0,1.0
13700000.000000002,3.0,1610.0,1.0
21100000.0,4.0,2510.0,1.0
15100000.0,3.0,1750.0,1.0
13799999.999999998,3.0,1500.0,1.0
15500000.0,3.0,1790.0,1.0
21300000.0,4.0,2545.0,1.0
14900000.0,3.0,1625.0,1.0
21200000.0,4.0,2545.0,1.0
53300000.0,3.0,2250.0,1.0
72500000.0,4.0,2700.0,1.0
32500000.0,3.0,1900.0,1.0
32500000.0,3.0,2400.0,1.0
55100000.0,3.0,2250.0,1.0
22100000.0,2.0,1100.0,0.0
23500000.0,3.0,1650.0,1.0
18800000.0,2.0,1450.0,1.0
6500000.0,2.0,680.0,1.0
7500000.0,2.0,800.0,0.0
15000000.0,4.0,2160.0,1.0
180000000.0,4.0,5000.0,1.0
135000000.0,4.0,4950.0,0.0
7500000.0,2.0,830.0,0.0
13000000.0,3.0,1000.0,1.0
80000000.0,4.0,2400.0,0.0
67000000.0,3.0,1750.0,0.0
79000000.0,4.0,2550.0,0.0
80000000.0,4.0,2550.0,0.0
39900000.0,3.0,1800.0,0.0
28000000.0,3.0,1800.0,1.0
102000000.0,4.0,2250.0,1.0
12400000.0,3.0,1350.0,1.0
12500000.0,3.0,1350.0,1.0
17000000.0,3.0,1050.0,1.0
5400000.0,2.0,750.0,0.0
11399999.999999998,3.0,1250.0,0.0
15500000.0,3.0,1150.0,1.0
55000000.0,5.0,2450.0,1.0
13000000.0,3.0,1200.0,0.0
23500000.0,3.0,1440.0,0.0
29000000.0,4.0,2250.0,0.0
600000000.0,12.0,6000.0,1.0
7300000.0,2.0,800.0,1.0
105000000.0,12.0,1350.0,1.0
100000000.0,3.0,1400.0,0.0
19000000.0,3.0,1100.0,0.0
30000000.0,3.0,1800.0,1.0
18500000.0,3.0,1100.0,0.0
20900000.0,2.0,900.0,0.0
9500000.0,3.0,1035.0,1.0
2500000.0,1.0,410.0,1.0
12000000.0,4.0,1400.0,1.0
12500000.0,4.0,1440.0,1.0
8500000.0,3.0,1000.0,0.0
40000000.0,3.0,1800.0,1.0
46000000.0,4.0,2500.0,1.0
28000000.0,3.0,1800.0,1.0
30000000.0,3.0,1700.0,0.0
22000000.0,3.0,1650.0,0.0
16000000.0,4.0,2250.0,1.0
34900000.0,3.0,1440.0,0.0
15100000.0,3.0,1725.0,1.0
35000000.0,3.0,1950.0,1.0
290000000.0,4.0,5400.0,0.0
33000000.0,3.0,1350.0,0.0
17500000.0,2.0,1200.0,0.0
2900000.0,2.0,450.0,1.0
5000000.0,2.0,900.0,0.0
30000000.0,4.0,2250.0,0.0
8551000.0,4.0,1600.0,1.0
6720999.999999999,3.0,1250.0,1.0
4000000.0,2.0,540.0,1.0
8000000.0,3.0,900.0,1.0
7500000.0,3.0,1125.0,1.0
54100000.0,3.0,1950.0,1.0
6000000.0,2.0,3000.0,1.0
15100000.0,3.0,1700.0,1.0
11000000.0,2.0,1000.0,1.0
47500000.0,4.0,2178.0,1.0
7500000.0,3.0,1000.0,0.0
8200000.0,5.0,800.0,1.0
5400000.0,2.0,660.0,0.0
8800000.0,3.0,1030.0,0.0
5500000.0,3.0,900.0,1.0
39000000.0,3.0,1600.0,0.0
63500000.0,6.0,1125.0,0.0
10500000.0,2.0,900.0,1.0
24000000.0,2.0,1250.0,1.0
30000000.0,3.0,1440.0,1.0
15000000.0,4.0,1450.0,1.0
9300000.0,3.0,1000.0,1.0
300000000.0,6.0,7000.0,1.0
6000000.0,2.0,560.0,1.0
9500000.0,3.0,1107.0,1.0
67500000.0,4.0,3250.0,1.0
13000000.0,2.0,900.0,1.0
6000000.0,3.0,900.0,1.0
26000000.0,3.0,1350.0,1.0
11000000.0,4.0,1215.0,1.0
6000000.0,2.0,650.0,1.0
2600000.0,1.0,450.0,1.0
43500000.0,3.0,1350.0,0.0
35000000.0,3.0,1685.0,1.0
100000000.0,4.0,2700.0,1.0
45000000.0,3.0,1350.0,0.0
91000000.0,4.0,4158.0,0.0
21000000.0,2.0,1200.0,1.0
21000000.0,3.0,1400.0,1.0
30000000.0,3.0,1350.0,0.0
6000000.0,2.0,700.0,1.0
8500000.0,3.0,900.0,1.0
85000000.0,4.0,4500.0,1.0
62100000.0,3.0,2250.0,1.0
97500000.0,4.0,3330.0,0.0
9000000.0,3.0,800.0,1.0
25000000.0,4.0,1350.0,1.0
35000000.0,3.0,1800.0,1.0
55000000.0,3.0,1872.0,0.0
25000000.0,3.0,1500.0,1.0
32500000.0,3.0,2250.0,0.0
4800000.0,3.0,730.0,1.0
24500000.0,3.0,1900.0,1.0
9000000.0,3.0,1050.0,0.0
28000000.0,3.0,1530.0,0.0
22500000.0,3.0,1208.0,0.0
3200000.0,2.0,540.0,1.0
13000000.0,3.0,950.0,1.0
11500000.0,3.0,1242.0,1.0
150000000.0,3.0,1400.0,0.0
115000000.0,4.0,2560.0,0.0
14000000.0,2.0,950.0,1.0
57500000.0,4.0,2700.0,1.0
4500000.0,2.0,450.0,1.0
14500000.0,1.0,850.0,1.0
2300000.0,1.0,400.0,1.0
5000000.0,3.0,32.0,0.0
15000000.0,5.0,1600.0,1.0
36500000.0,3.0,2700.0,1.0
20000000.0,3.0,1500.0,1.0
19000000.0,2.0,1150.0,0.0
6500000.0,3.0,900.0,1.0
3000000.0,2.0,550.0,1.0
12000000.0,4.0,1350.0,1.0
27500000.0,3.0,1440.0,1.0
45000000.0,4.0,2448.0,1.0
7500000.0,2.0,630.0,1.0
9500000.0,3.0,900.0,1.0
5600000.0,3.0,810.0,1.0
3500000.0,2.0,600.0,1.0
2800000.0,1.0,400.0,1.0
13500000.0,3.0,990.0,1.0
13500000.0,3.0,990.0,1.0
24000000.0,3.0,1125.0,0.0
41500000.0,5.0,2500.0,1.0
70000000.0,3.0,2250.0,1.0
8500000.0,3.0,1450.0,1.0
118500000.0,4.0,4500.0,1.0
4654000.0,3.0,800.0,1.0
39800000.0,3.0,1900.0,1.0
15000000.0,4.0,2050.0,1.0
19500000.0,3.0,1200.0,1.0
8500000.0,3.0,850.0,1.0
3100000.0,2.0,600.0,0.0
67500000.0,4.0,2340.0,1.0
55000000.0,3.0,1872.0,1.0
81500000.0,4.0,2700.0,0.0
117500000.0,4.0,4050.0,1.0
28500000.0,5.0,1350.0,1.0
27500000.0,3.0,1650.0,0.0
18500000.0,2.0,1200.0,0.0
10000000.0,2.0,700.0,1.0
5000000.0,2.0,1000.0,0.0
12000000.0,4.0,1683.0,1.0
12000000.0,4.0,1260.0,1.0
30000000.0,3.0,1503.0,1.0
49500000.0,3.0,1800.0,1.0
5600000.0,2.0,680.0,1.0
16000000.0,2.0,1200.0,0.0
6500000.0,3.0,1080.0,0.0
9450000.0,2.0,720.0,1.0
11000000.0,4.0,1200.0,1.0
8500000.0,4.0,1050.0,1.0
110000000.0,3.0,5855.0,0.0
87500000.0,4.0,4100.0,1.0
25500000.0,2.0,1250.0,1.0
22000000.0,3.0,1200.0,1.0
4700000.0,3.0,750.0,1.0
19900000.0,3.0,1125.0,0.0
8490000.0,3.0,919.0,1.0
60000000.0,5.0,2250.0,0.0
11000000.0,3.0,900.0,1.0
17500000.0,3.0,1200.0,1.0
8000000.0,3.0,850.0,0.0
11000000.0,3.0,1000.0,0.0
60000000.0,5.0,2280.0,1.0
3200000.0,2.0,500.0,1.0
3100000.0,2.0,500.0,1.0
5000000.0,3.0,750.0,1.0
11500000.0,3.0,900.0,1.0
12500000.0,3.0,950.0,1.0
60000000.0,3.0,2400.0,1.0
13000000.0,3.0,1000.0,1.0
10800000.0,3.0,1000.0,1.0
11000000.0,3.0,1000.0,1.0
14500000.0,3.0,1250.0,1.0
9500000.0,3.0,1100.0,1.0
60000000.0,3.0,1800.0,0.0
13500000.0,2.0,950.0,1.0
7200000.0,2.0,700.0,1.0
22100000.0,3.0,1650.0,1.0
30000000.0,8.0,3000.0,1.0
70000000.0,3.0,1200.0,0.0
13500000.0,3.0,1050.0,1.0
13600000.000000002,3.0,990.0,1.0
25000000.0,4.0,1650.0,1.0
19000000.0,4.0,1300.0,1.0
115000000.0,3.0,2925.0,1.0
6700000.0,3.0,810.0,1.0
9500000.0,3.0,850.0,1.0
57500000.0,3.0,1872.0,1.0
9000000.0,3.0,850.0,1.0
3400000.0,2.0,540.0,1.0
25000000.0,4.0,1850.0,0.0
24700000.000000004,4.0,1800.0,1.0
140000000.0,4.0,3833.0,1.0
13799999.999999998,2.0,1200.0,1.0
44900000.0,3.0,2025.0,1.0
13000000.0,3.0,1150.0,1.0
8000000.0,2.0,750.0,1.0
24800000.0,4.0,1500.0,1.0
24000000.0,4.0,1500.0,1.0
33000000.0,6.0,2000.0,1.0
23500000.0,6.0,2000.0,1.0
8200000.0,2.0,750.0,1.0
10200000.0,3.0,900.0,1.0
24500000.0,4.0,1500.0,1.0
18500000.0,4.0,1500.0,1.0
19000000.0,4.0,1500.0,1.0
23600000.0,6.0,2000.0,1.0
35000000.0,3.0,1600.0,1.0
30000000.0,3.0,1683.0,1.0
170000000.0,3.0,1400.0,0.0
4491000.0,2.0,500.0,0.0
7700000.0,2.0,700.0,1.0
21000000.0,3.0,1600.0,1.0
5300000.0,3.0,850.0,1.0
25500000.0,4.0,2250.0,0.0
26500000.0,4.0,2250.0,0.0
28300000.0,4.0,2250.0,0.0
25200000.0,4.0,2250.0,1.0
29900000.000000004,4.0,2250.0,1.0
12000000.0,4.0,1350.0,1.0
17500000.0,4.0,1800.0,1.0
25200000.0,4.0,2100.0,1.0
25100000.0,3.0,1550.0,1.0
18000000.0,2.0,1250.0,1.0
28000000.0,4.0,2000.0,1.0
6900000.0,3.0,840.0,0.0
54000000.0,4.0,2700.0,0.0
3000000.0,2.0,450.0,1.0
29500000.0,4.0,2250.0,1.0
29000000.0,4.0,2250.0,1.0
3200000.0,2.0,540.0,1.0
10000000.0,3.0,900.0,1.0
17500000.0,3.0,1125.0,1.0
21000000.0,3.0,1800.0,0.0
13000000.0,4.0,1570.0,1.0
14500000.0,3.0,1100.0,1.0
15000000.0,3.0,1000.0,1.0
6500000.0,3.0,32.0,0.0
4000000.0,1.0,540.0,1.0
67500000.0,3.0,1450.0,0.0
25000000.0,3.0,2250.0,0.0
15000000.0,3.0,1000.0,1.0
9500000.0,3.0,1000.0,0.0
34500000.0,3.0,1800.0,0.0
21500000.0,3.0,1650.0,1.0
320000000.0,12.0,3600.0,1.0
15500000.0,4.0,1400.0,1.0
16500000.0,3.0,1000.0,1.0
10500000.0,2.0,900.0,1.0
25900000.0,3.0,1800.0,1.0
16800000.0,4.0,1450.0,1.0
15000000.0,3.0,1200.0,1.0
12600000.0,3.0,1000.0,1.0
24000000.0,4.0,1850.0,1.0
25500000.0,4.0,1850.0,1.0
12700000.0,3.0,1100.0,1.0
23500000.0,4.0,1500.0,1.0
21000000.0,4.0,1500.0,1.0
16000000.0,5.0,1500.0,1.0
3300000.0,1.0,600.0,1.0
38000000.0,4.0,1800.0,1.0
23500000.0,4.0,1500.0,1.0
32500000.0,4.0,1500.0,1.0
23600000.0,4.0,1500.0,1.0
20000000.0,4.0,1500.0,1.0
19700000.0,4.0,1500.0,1.0
10600000.0,2.0,750.0,1.0
7500000.0,2.0,750.0,1.0
2200000.0,1.0,500.0,1.0
2500000.0,2.0,700.0,1.0
2700000.0,2.0,700.0,1.0
5500000.0,3.0,900.0,1.0
18000000.0,4.0,1620.0,1.0
12500000.0,3.0,1000.0,1.0
28500000.0,4.0,2250.0,1.0
58500000.0,4.0,3600.0,1.0
57000000.0,4.0,3600.0,1.0
16500000.0,2.0,1200.0,1.0
20000000.0,3.0,2000.0,1.0
15500000.0,2.0,1200.0,0.0
3900000.0,2.0,500.0,0.0
2500000.0,2.0,650.0,1.0
34500000.0,4.0,2250.0,1.0
25000000.0,3.0,1670.0,1.0
25000000.0,3.0,1675.0,1.0
17000000.0,3.0,1700.0,1.0
23500000.0,3.0,1125.0,1.0
2600000.0,3.0,950.0,1.0
32000000.0,3.0,1700.0,1.0
25800000.0,3.0,1600.0,0.0
165000000.0,6.0,2520.0,1.0
157500000.0,4.0,2925.0,0.0
23000000.0,3.0,1200.0,1.0
52500000.0,4.0,2520.0,0.0
3600000.0,2.0,540.0,1.0
3500000.0,2.0,554.0,1.0
3200000.0,2.0,500.0,1.0
9500000.0,4.0,1050.0,1.0
400000000.0,10.0,12000.0,1.0
32500000.0,3.0,1440.0,1.0
29500000.0,3.0,1206.0,1.0
40000000.0,4.0,2150.0,1.0
27500000.0,2.0,900.0,1.0
9000000.0,3.0,1200.0,1.0
5700000.0,3.0,810.0,1.0
23500000.0,3.0,1350.0,1.0
24500000.0,3.0,1300.0,1.0
27000000.0,6.0,2000.0,1.0
30500000.0,3.0,1750.0,1.0
232500000.0,4.0,7569.0,1.0
100000000.0,4.0,2700.0,1.0
26500000.0,3.0,1500.0,1.0
5400000.0,3.0,900.0,1.0
40000000.0,3.0,2500.0,1.0
49500000.0,4.0,2900.0,0.0
14000000.0,3.0,1175.0,0.0
6700000.0,3.0,850.0,1.0
7300000.0,2.0,700.0,1.0
102500000.0,4.0,3200.0,1.0
6400000.0,3.0,800.0,1.0
53500000.0,4.0,2700.0,0.0
3000000.0,1.0,450.0,1.0
5500000.0,2.0,500.0,1.0
6900000.0,3.0,1000.0,1.0
48000000.0,4.0,2200.0,1.0
27700000.0,5.0,2000.0,1.0
17500000.0,4.0,1530.0,0.0
18500000.0,3.0,1105.0,1.0
25000000.0,4.0,1700.0,1.0
80000000.0,4.0,3000.0,1.0
75000000.0,4.0,4050.0,1.0
110000000.0,3.0,1800.0,0.0
12000000.0,4.0,1350.0,1.0
32500000.0,3.0,1800.0,1.0
4500000.0,2.0,500.0,0.0
12500000.0,3.0,1100.0,1.0
19000000.0,2.0,1200.0,1.0
95000000.0,3.0,2925.0,0.0
37500000.0,4.0,4500.0,1.0
250000000.0,5.0,10683.0,1.0
8300000.0,3.0,850.0,1.0
6500000.0,2.0,650.0,1.0
18000000.0,2.0,750.0,0.0
13000000.0,2.0,756.0,1.0
69000000.0,3.0,1750.0,0.0
130000000.0,4.0,3600.0,0.0
6500000.0,3.0,900.0,1.0
100000000.0,4.0,2700.0,1.0
32500000.0,3.0,1800.0,0.0
58500000.0,4.0,3330.0,0.0
9300000.0,3.0,1125.0,1.0
11900000.0,3.0,1500.0,1.0
11800000.0,3.0,1500.0,1.0
9900000.0,3.0,1300.0,1.0
11900000.0,3.0,1500.0,1.0
12000000.0,3.0,1500.0,1.0
8600000.0,3.0,850.0,1.0
6900000.0,2.0,655.0,1.0
6700000.0,2.0,650.0,1.0
32500000.0,4.0,1900.0,1.0
110000000.0,12.0,6500.0,1.0
35000000.0,4.0,1800.0,1.0
37000000.0,3.0,1800.0,0.0
16000000.0,3.0,900.0,0.0
42500000.0,4.0,2097.0,1.0
6500000.0,3.0,850.0,1.0
400000000.0,4.0,3000.0,1.0
12500000.0,3.0,1250.0,0.0
31900000.0,5.0,2100.0,1.0
90000000.0,4.0,2700.0,1.0
42600000.0,4.0,2250.0,0.0
20000000.0,3.0,900.0,1.0
20500000.0,2.0,900.0,1.0
52900000.0,5.0,4200.0,1.0
4500000.0,1.0,500.0,1.0
5200000.0,3.0,1350.0,0.0
26000000.0,3.0,1700.0,1.0
29000000.0,3.0,1800.0,1.0
22100000.0,3.0,1700.0,1.0
5000000.0,2.0,450.0,1.0
6700000.0,2.0,700.0,1.0
26500000.0,3.0,1700.0,1.0
12000000.0,4.0,1500.0,1.0
28000000.0,2.0,1200.0,1.0
28000000.0,3.0,1900.0,1.0
39000000.0,3.0,1800.0,0.0
8900000.0,3.0,850.0,1.0
16700000.0,4.0,1800.0,1.0
35000000.0,3.0,1425.0,1.0
2800000.0,2.0,550.0,1.0
85000000.0,3.0,2000.0,1.0
35000000.0,3.0,1800.0,0.0
17500000.0,3.0,1350.0,1.0
11000000.0,2.0,1100.0,0.0
4500000.0,2.0,540.0,1.0
29000000.0,3.0,1800.0,0.0
11500000.0,4.0,1890.0,1.0
37500000.0,4.0,2400.0,0.0
55100000.0,4.0,2350.0,1.0
28000000.0,3.0,1900.0,1.0
33800000.0,4.0,2400.0,0.0
44900000.0,4.0,3200.0,1.0
23500000.0,4.0,1300.0,1.0
23500000.0,4.0,2150.0,1.0
8500000.0,3.0,688.0,1.0
9800000.0,3.0,850.0,1.0
9500000.0,3.0,915.0,1.0
15000000.0,3.0,1032.0,1.0
14800000.0,3.0,1032.0,1.0
22000000.0,4.0,1500.0,1.0
21000000.0,4.0,1292.0,1.0
20500000.0,4.0,1292.0,1.0
19000000.0,4.0,1292.0,1.0
25900000.0,3.0,1800.0,1.0
31500000.0,3.0,1683.0,0.0
12000000.0,3.0,1350.0,1.0
21000000.0,3.0,1700.0,1.0
42500000.0,4.0,2448.0,1.0
7900000.0,3.0,850.0,1.0
19000000.0,3.0,1125.0,1.0
8000000.0,2.0,680.0,0.0
3800000.0,2.0,750.0,1.0
4850000.0,3.0,900.0,1.0
16500000.0,5.0,1600.0,1.0
10700000.0,3.0,1150.0,1.0
79000000.0,4.0,2800.0,1.0
77500000.0,4.0,2800.0,1.0
2675000.0,2.0,540.0,1.0
29000000.0,3.0,1206.0,1.0
3800000.0,2.0,675.0,1.0
28500000.0,3.0,1500.0,1.0
33100000.0,4.0,2600.0,0.0
11000000.0,4.0,1600.0,1.0
192500000.0,4.0,3600.0,0.0
25900000.0,3.0,1700.0,1.0
26900000.0,3.0,1850.0,1.0
55000000.0,3.0,2250.0,1.0
14000000.0,5.0,1500.0,1.0
141000000.0,4.0,4050.0,1.0
27000000.0,3.0,1350.0,0.0
12500000.0,3.0,1350.0,1.0
5800000.0,3.0,850.0,0.0
103500000.0,4.0,2700.0,1.0
26000000.0,3.0,1800.0,1.0
19000000.0,3.0,1125.0,0.0
55000000.0,4.0,2448.0,1.0
35000000.0,3.0,1800.0,0.0
34000000.0,3.0,1150.0,0.0
14000000.0,3.0,1296.0,1.0
35000000.0,6.0,2500.0,1.0
35200000.0,3.0,1800.0,0.0
9000000.0,3.0,1100.0,1.0
22500000.0,3.0,1900.0,0.0
15400000.0,4.0,1900.0,1.0
175000000.0,4.0,3500.0,1.0
36000000.0,3.0,1800.0,0.0
50000000.0,3.0,4050.0,1.0
34500000.0,3.0,1600.0,0.0
43500000.0,3.0,900.0,0.0
8000000.0,2.0,445.0,1.0
12500000.0,4.0,1300.0,1.0
9500000.0,3.0,1100.0,1.0
80000000.0,4.0,1800.0,0.0
31500000.0,4.0,1900.0,1.0
56500000.0,3.0,1500.0,1.0
68000000.0,3.0,1500.0,1.0
20500000.0,2.0,900.0,1.0
28500000.0,3.0,1500.0,0.0
39500000.0,3.0,2200.0,0.0
25700000.0,3.0,1600.0,0.0
26000000.0,3.0,1700.0,0.0
27000000.0,3.0,1700.0,0.0
18000000.0,3.0,1050.0,1.0
45000000.0,4.0,2250.0,1.0
21000000.0,4.0,2000.0,1.0
30000000.0,3.0,1800.0,0.0
60000000.0,5.0,5994.0,0.0
52500000.0,4.0,2466.0,1.0
28000000.0,5.0,1700.0,1.0
11000000.0,3.0,900.0,1.0
2800000.0,2.0,500.0,0.0
15000000.0,2.0,1200.0,1.0
20500000.0,4.0,1500.0,1.0
45000000.0,4.0,5000.0,1.0
10500000.0,3.0,1150.0,1.0
23000000.0,3.0,1500.0,1.0
5500000.0,2.0,700.0,1.0
31500000.0,4.0,2000.0,1.0
160000000.0,8.0,4500.0,1.0
15500000.0,3.0,1000.0,1.0
1800000.0,1.0,450.0,1.0
94000000.0,8.0,1350.0,0.0
12600000.0,3.0,1350.0,1.0
12300000.0,3.0,1350.0,1.0
3200000.0,2.0,850.0,1.0
7481000.0,3.0,900.0,0.0
6500000.0,3.0,850.0,0.0
9200000.0,4.0,1000.0,1.0
5500000.0,2.0,720.0,0.0
32500000.0,3.0,1800.0,1.0
14000000.0,2.0,756.0,1.0
27500000.0,3.0,1800.0,1.0
34500000.0,3.0,1800.0,1.0
12000000.0,2.0,850.0,1.0
15000000.0,2.0,900.0,1.0
35000000.0,3.0,1800.0,1.0
42500000.0,4.0,4500.0,1.0
52500000.0,3.0,1800.0,0.0
24900000.000000004,3.0,1750.0,1.0
75000000.0,4.0,4050.0,1.0
40500000.0,3.0,1440.0,1.0
30000000.0,3.0,1800.0,1.0
28000000.0,3.0,1350.0,1.0
36000000.0,3.0,1800.0,1.0
75000000.0,4.0,3600.0,0.0
90000000.0,6.0,3600.0,0.0
47500000.0,4.0,900.0,0.0
11000000.0,2.0,756.0,1.0
155000000.0,10.0,1800.0,1.0
85000000.0,4.0,2200.0,1.0
16299999.999999998,4.0,1800.0,1.0
45000000.0,3.0,1800.0,0.0
5000000.0,3.0,950.0,1.0
250000000.0,5.0,5000.0,0.0
4100000.0,1.0,400.0,0.0
90000000.0,4.0,3600.0,1.0
85000000.0,4.0,3000.0,1.0
95000000.0,5.0,1350.0,1.0
10000000.0,2.0,1000.0,1.0
10000000.0,2.0,900.0,1.0
22500000.0,5.0,1450.0,1.0
5500000.0,3.0,810.0,1.0
5100000.0,3.0,850.0,1.0
1950000.0,1.0,400.0,1.0
5200000.0,3.0,858.0,1.0
4400000.0,3.0,850.0,1.0
45000000.0,4.0,2250.0,0.0
265000000.0,4.0,7200.0,1.0
16800000.0,4.0,1800.0,1.0
16200000.000000002,4.0,1800.0,1.0
58500000.0,4.0,2520.0,1.0
58000000.0,3.0,1500.0,1.0
35600000.0,4.0,2000.0,0.0
25000000.0,3.0,1500.0,0.0
6400000.0,2.0,700.0,1.0
22500000.0,4.0,1800.0,1.0
27500000.0,2.0,1400.0,1.0
41500000.0,4.0,2400.0,1.0
8700000.0,3.0,850.0,0.0
17000000.0,4.0,1530.0,1.0
3200000.0,2.0,660.0,1.0
95000000.0,4.0,3600.0,1.0
47500000.0,4.0,2340.0,1.0
30000000.0,3.0,1750.0,1.0
25000000.0,3.0,1600.0,0.0
45000000.0,4.0,2300.0,1.0
30000000.0,3.0,1568.0,1.0
82500000.0,4.0,3150.0,0.0
15500000.0,4.0,1400.0,0.0
25800000.0,3.0,1600.0,1.0
25200000.0,3.0,1500.0,1.0
35000000.0,3.0,1800.0,1.0
32500000.0,3.0,1800.0,1.0
39000000.0,4.0,2000.0,1.0
38500000.0,4.0,2100.0,1.0
35100000.0,3.0,1800.0,1.0
80000000.0,4.0,2700.0,0.0
50000000.0,2.0,2500.0,1.0
10500000.0,3.0,1100.0,1.0
80000000.0,4.0,2385.0,0.0
25000000.0,4.0,2350.0,1.0
38500000.0,3.0,1600.0,1.0
430000000.0,12.0,8500.0,1.0
17000000.0,4.0,1800.0,1.0
16200000.000000002,4.0,1800.0,1.0
35000000.0,3.0,1800.0,1.0
25000000.0,3.0,1320.0,1.0
6500000.0,3.0,850.0,1.0
23500000.0,3.0,1650.0,1.0
91000000.0,4.0,4050.0,1.0
30000000.0,3.0,1800.0,0.0
19600000.0,3.0,1250.0,0.0
31000000.0,3.0,1800.0,0.0
18500000.0,3.0,1400.0,0.0
75000000.0,3.0,2250.0,1.0
60000000.0,3.0,1728.0,0.0
29500000.0,3.0,1800.0,1.0
33100000.0,4.0,2200.0,0.0
25900000.0,3.0,1600.0,0.0
8500000.0,3.0,1101.0,1.0
59000000.0,6.0,1125.0,0.0
13899999.999999998,2.0,1000.0,1.0
35500000.0,4.0,2400.0,1.0
29500000.0,3.0,1750.0,1.0
23700000.0,3.0,1700.0,1.0
35000000.0,4.0,2100.0,1.0
28500000.0,4.0,2100.0,1.0
33000000.0,4.0,1900.0,1.0
24000000.0,3.0,1700.0,1.0
34000000.0,3.0,1440.0,1.0
17000000.0,4.0,1800.0,1.0
67500000.0,4.0,3285.0,0.0
45000000.0,4.0,2520.0,0.0
45000000.0,4.0,2700.0,1.0
80000000.0,4.0,1800.0,1.0
33000000.0,3.0,1150.0,0.0
45000000.0,4.0,2250.0,1.0
3400000.0,1.0,550.0,0.0
120000000.0,4.0,4500.0,0.0
12000000.0,2.0,1000.0,1.0
10000000.0,3.0,1150.0,0.0
13000000.0,3.0,1350.0,0.0
9700000.0,3.0,1200.0,1.0
96000000.0,3.0,1800.0,0.0
80000000.0,4.0,2700.0,1.0
31500000.0,3.0,1800.0,0.0
45000000.0,4.0,2000.0,0.0
37500000.0,4.0,1900.0,0.0
390000000.0,6.0,4900.0,1.0
32500000.0,3.0,1800.0,1.0
50000000.0,4.0,2520.0,1.0
49000000.0,4.0,2448.0,1.0
32500000.0,3.0,1440.0,1.0
2600000.0,1.0,320.0,1.0
57500000.0,4.0,2520.0,0.0
60000000.0,4.0,3285.0,0.0
21000000.0,3.0,1150.0,1.0
52500000.0,3.0,1800.0,1.0
2900000.0,2.0,550.0,1.0
70000000.0,3.0,1450.0,1.0
51100000.0,3.0,1950.0,1.0
18000000.0,3.0,1000.0,1.0
65000000.0,4.0,2600.0,1.0
21000000.0,3.0,1350.0,1.0
8500000.0,3.0,800.0,1.0
22500000.0,4.0,1600.0,1.0
11000000.0,3.0,1100.0,1.0
8000000.0,3.0,950.0,1.0
13000000.0,3.0,1100.0,1.0
36500000.0,3.0,1800.0,0.0
3600000.0,2.0,600.0,1.0
27500000.0,3.0,1143.0,1.0
30000000.0,3.0,1260.0,1.0
30000000.0,3.0,1600.0,0.0
26000000.0,3.0,1800.0,0.0
24000000.0,3.0,1600.0,0.0
30000000.0,3.0,1900.0,0.0
8500000.0,3.0,800.0,1.0
15600000.0,4.0,1600.0,1.0
169899999.99999997,4.0,2750.0,0.0
2830000.0,2.0,625.0,1.0
25000000.0,4.0,1900.0,0.0
3300000.0,1.0,600.0,1.0
48000000.0,4.0,3000.0,1.0
77500000.0,4.0,2700.0,1.0
46500000.0,3.0,1800.0,1.0
61500000.0,3.0,1900.0,1.0
35000000.0,3.0,1800.0,0.0
25000000.0,3.0,1500.0,1.0
5500000.0,3.0,6000.0,1.0
38500000.0,4.0,2200.0,0.0
20000000.0,3.0,1400.0,1.0
24000000.0,3.0,1200.0,1.0
15100000.0,2.0,1000.0,1.0
28500000.0,3.0,1700.0,0.0
300000000.0,6.0,5000.0,1.0
7200000.0,2.0,500.0,1.0
250000000.0,7.0,8000.0,1.0
6200000.0,2.0,720.0,1.0
52500000.0,3.0,1800.0,1.0
9500000.0,2.0,800.0,0.0
44000000.0,3.0,1350.0,0.0
45000000.0,3.0,1800.0,0.0
28500000.0,3.0,1350.0,0.0
33500000.0,3.0,1450.0,1.0
13400000.0,3.0,1260.0,0.0
46000000.0,4.0,2500.0,0.0
35000000.0,3.0,1800.0,0.0
43500000.0,3.0,1800.0,0.0
200000000.0,4.0,3600.0,1.0
6551000.000000001,3.0,1000.0,1.0
18000000.0,3.0,1100.0,1.0
47500000.0,3.0,2000.0,1.0
4650000.0,3.0,850.0,0.0
2800000.0,2.0,540.0,0.0
47500000.0,4.0,2170.0,1.0
12200000.0,3.0,1250.0,1.0
77500000.0,3.0,1800.0,1.0
72500000.0,4.0,2700.0,0.0
2350000.0,2.0,500.0,1.0
15000000.0,4.0,1800.0,1.0
16000000.0,4.0,1800.0,1.0
16500000.0,4.0,1800.0,1.0
42500000.0,4.0,2300.0,1.0
45000000.0,4.0,2268.0,1.0
44000000.0,4.0,2300.0,1.0
16000000.0,3.0,1600.0,1.0
31000000.0,3.0,1700.0,1.0
2800000.0,2.0,500.0,0.0
5200000.0,3.0,810.0,0.0
3250000.0,2.0,540.0,0.0
52500000.0,4.0,2268.0,1.0
7200000.0,3.0,675.0,0.0
8600000.0,3.0,800.0,1.0
3500000.0,1.0,400.0,1.0
120000000.0,5.0,7000.0,1.0
34500000.0,3.0,1800.0,1.0
2700000.0,2.0,495.0,1.0
7000000.0,3.0,770.0,1.0
125000000.0,4.0,2200.0,0.0
70000000.0,4.0,2500.0,1.0
120000000.0,4.0,4950.0,0.0
250000000.0,4.0,8000.0,1.0
6500000.0,3.0,1400.0,1.0
2600000.0,2.0,510.0,1.0
1900000.0,1.0,405.0,0.0
135000000.0,4.0,3750.0,0.0
15500000.0,5.0,1630.0,0.0
17500000.0,4.0,1400.0,1.0
20000000.0,4.0,1450.0,1.0
26500000.0,6.0,2000.0,1.0
13000000.0,3.0,1100.0,1.0
14500000.0,5.0,1750.0,0.0
400000000.0,4.0,3600.0,1.0
45000000.0,4.0,2250.0,0.0
23500000.0,3.0,1125.0,0.0
20900000.0,3.0,900.0,0.0
27900000.0,3.0,1530.0,0.0
50000000.0,4.0,2250.0,1.0
16500000.0,5.0,1530.0,0.0
18500000.0,3.0,1200.0,1.0
17000000.0,2.0,1050.0,1.0
26000000.0,3.0,1450.0,1.0
23500000.0,3.0,1368.0,1.0
13000000.0,4.0,1450.0,1.0
12500000.0,3.0,1100.0,0.0
46000000.0,4.0,2700.0,0.0
13700000.000000002,3.0,1260.0,0.0
11500000.0,3.0,1250.0,0.0
37500000.0,3.0,2600.0,1.0
35000000.0,3.0,1440.0,0.0
92500000.0,4.0,2700.0,0.0
80000000.0,4.0,4950.0,0.0
27500000.0,2.0,900.0,1.0
35000000.0,3.0,1800.0,1.0
39000000.0,5.0,1620.0,1.0
31000000.0,3.0,1850.0,1.0
30000000.0,3.0,1600.0,1.0
33500000.0,3.0,1850.0,1.0
47500000.0,4.0,2268.0,1.0
5000000.0,3.0,300.0,0.0
29000000.0,3.0,1700.0,0.0
33900000.0,4.0,2100.0,0.0
42500000.0,3.0,2200.0,1.0
9500000.0,3.0,1500.0,1.0
29000000.0,5.0,2500.0,1.0
5600000.0,3.0,810.0,1.0
6700000.0,3.0,810.0,1.0
84500000.0,4.0,3500.0,1.0
2300000.0,2.0,500.0,1.0
5800000.0,3.0,850.0,1.0
6100000.0,3.0,810.0,1.0
17500000.0,3.0,1000.0,1.0
11000000.0,3.0,1150.0,0.0
18500000.0,5.0,1650.0,0.0
40000000.0,3.0,1800.0,1.0
8500000.0,3.0,1350.0,1.0
17000000.0,4.0,1890.0,1.0
6600000.0,2.0,680.0,0.0
25500000.0,3.0,1550.0,1.0
22500000.0,3.0,1210.0,1.0
30000000.0,5.0,1800.0,1.0
47400000.0,4.0,2425.0,1.0
55000000.0,4.0,2425.0,1.0
45000000.0,4.0,1450.0,1.0
52500000.0,4.0,2425.0,1.0
45000000.0,4.0,2425.0,1.0
55000000.0,4.0,2700.0,0.0
42500000.0,3.0,1825.0,1.0
36000000.0,3.0,1800.0,0.0
57500000.0,3.0,1800.0,1.0
37000000.0,3.0,1875.0,1.0
15100000.0,3.0,1750.0,0.0
15100000.0,3.0,1750.0,0.0
15100000.0,3.0,1700.0,0.0
13700000.000000002,3.0,1600.0,0.0
15100000.0,3.0,1750.0,0.0
15100000.0,3.0,1750.0,0.0
15100000.0,3.0,1750.0,0.0
13700000.000000002,3.0,1580.0,0.0
15100000.0,3.0,1750.0,0.0
15100000.0,3.0,1750.0,0.0
15100000.0,3.0,1750.0,0.0
13700000.000000002,3.0,1600.0,0.0
26500000.0,3.0,1350.0,1.0
13000000.0,3.0,950.0,1.0
3000000.0,2.0,540.0,1.0
13500000.0,3.0,990.0,1.0
26000000.0,4.0,2300.0,1.0
50000000.0,4.0,3600.0,1.0
9500000.0,3.0,950.0,1.0
62500000.0,3.0,1800.0,0.0
41000000.0,8.0,3024.0,0.0
55000000.0,3.0,2250.0,1.0
39000000.0,3.0,1800.0,1.0
32000000.0,3.0,1500.0,1.0
2500000.0,2.0,540.0,1.0
28900000.0,3.0,2000.0,1.0
30000000.0,3.0,1800.0,1.0
38000000.0,3.0,1800.0,1.0
13500000.0,2.0,1200.0,1.0
31500000.0,3.0,1800.0,1.0
40500000.0,3.0,1350.0,0.0
32500000.0,4.0,2100.0,1.0
28900000.0,3.0,1700.0,0.0
95000000.0,4.0,4950.0,1.0
2800000.0,2.0,600.0,0.0
29200000.0,3.0,1800.0,1.0
36800000.0,4.0,2000.0,1.0
28500000.0,3.0,1900.0,1.0
25500000.0,4.0,1800.0,1.0
7495999.999999999,3.0,900.0,0.0
4483000.0,2.0,500.0,0.0
90000000.0,4.0,3500.0,1.0
65000000.0,3.0,2097.0,0.0
13700000.000000002,3.0,1600.0,0.0
13700000.000000002,3.0,1615.0,0.0
15100000.0,3.0,1725.0,1.0
14200000.0,3.0,1615.0,0.0
39000000.0,4.0,2350.0,1.0
76000000.0,3.0,2124.0,1.0
135000000.0,4.0,2750.0,0.0
13700000.000000002,3.0,1612.0,1.0
15100000.0,3.0,1625.0,1.0
13700000.000000002,3.0,1595.0,1.0
13700000.000000002,3.0,1580.0,1.0
26000000.0,3.0,1350.0,0.0
4200000.0,2.0,700.0,1.0
4000000.0,2.0,700.0,1.0
24000000.0,3.0,1500.0,1.0
90000000.0,4.0,4000.0,1.0
35000000.0,3.0,1750.0,0.0
2500000.0,1.0,500.0,1.0
25000000.0,3.0,1600.0,0.0
24900000.000000004,3.0,1700.0,0.0
212500000.0,4.0,4500.0,0.0
52500000.0,4.0,2448.0,1.0
19900000.0,3.0,1500.0,1.0
11000000.0,4.0,1600.0,1.0
11000000.0,4.0,1600.0,1.0
11000000.0,4.0,1600.0,1.0
11000000.0,4.0,1600.0,1.0
27500000.0,3.0,1900.0,1.0
28500000.0,3.0,1600.0,1.0
2100000.0,1.0,400.0,1.0
2500000.0,1.0,350.0,1.0
44800000.00000001,3.0,1900.0,1.0
69500000.0,4.0,3000.0,1.0
76500000.0,4.0,2700.0,1.0
59100000.0,4.0,2700.0,1.0
35000000.0,3.0,1440.0,1.0
5700000.0,2.0,800.0,1.0
44900000.0,3.0,1900.0,1.0
29000000.0,3.0,2000.0,1.0
28000000.0,3.0,1350.0,0.0
15100000.0,3.0,1760.0,1.0
7000000.0,4.0,1200.0,1.0
36000000.0,3.0,1800.0,1.0
13700000.000000002,3.0,1750.0,1.0
13700000.000000002,3.0,1605.0,1.0
13700000.000000002,3.0,1630.0,1.0
15100000.0,3.0,1725.0,1.0
13700000.000000002,3.0,1610.0,1.0
6251000.0,3.0,950.0,1.0
18000000.0,3.0,1620.0,0.0
5800000.0,3.0,900.0,1.0
5200000.0,3.0,920.0,1.0
170000000.0,4.0,3600.0,0.0
190000000.0,4.0,5400.0,0.0
13500000.0,2.0,900.0,0.0
105000000.0,4.0,3200.0,1.0
14500000.0,3.0,1750.0,1.0
15100000.0,3.0,1775.0,1.0
21100000.0,4.0,2420.0,0.0
15200000.0,3.0,1700.0,1.0
13700000.000000002,3.0,1530.0,1.0
13700000.000000002,3.0,1500.0,1.0
36000000.0,4.0,2178.0,1.0
18000000.0,5.0,1175.0,0.0
6500000.0,3.0,990.0,1.0
18500000.0,2.0,1000.0,1.0
36500000.0,4.0,2000.0,1.0
15000000.0,3.0,1780.0,1.0
46000000.0,3.0,1800.0,0.0
86500000.0,4.0,3600.0,1.0
2800000.0,2.0,540.0,1.0
3200000.0,2.0,540.0,1.0
13500000.0,3.0,1300.0,1.0
2000000.0,1.0,400.0,1.0
72500000.0,3.0,2250.0,1.0
58000000.0,3.0,1892.0,0.0
28900000.0,5.0,2100.0,1.0
11000000.0,2.0,1000.0,1.0
52500000.0,3.0,2850.0,0.0
27500000.0,3.0,1600.0,1.0
23700000.0,3.0,1600.0,0.0
28000000.0,2.0,1250.0,0.0
34000000.0,3.0,1800.0,0.0
48500000.0,3.0,2400.0,0.0
55000000.0,3.0,2600.0,0.0
155000000.0,4.0,3200.0,0.0
34500000.0,3.0,1150.0,0.0
6400000.0,3.0,850.0,0.0
160000000.0,4.0,9000.0,1.0
14500000.0,2.0,756.0,1.0
70000000.0,5.0,1200.0,1.0
47500000.0,3.0,1350.0,0.0
37500000.0,3.0,1500.0,0.0
50000000.0,3.0,1800.0,1.0
9021000.0,4.0,1300.0,1.0
7500000.0,2.0,750.0,1.0
18000000.0,3.0,1300.0,1.0
3500000.0,2.0,630.0,1.0
20000000.0,3.0,1125.0,1.0
15500000.0,4.0,2228.0,1.0
16500000.0,2.0,900.0,0.0
27500000.0,3.0,1620.0,0.0
15000000.0,4.0,1500.0,1.0
21500000.0,3.0,1750.0,1.0
3000000.0,2.0,450.0,1.0
31000000.0,3.0,1800.0,0.0
28000000.0,3.0,1700.0,0.0
14000000.0,2.0,900.0,0.0
9500000.0,2.0,900.0,0.0
57500000.0,4.0,2700.0,0.0
450000000.0,6.0,10000.0,0.0
4600000.0,3.0,810.0,1.0
32500000.0,3.0,1450.0,1.0
82500000.0,4.0,2700.0,1.0
71000000.0,3.0,2160.0,1.0
187500000.0,4.0,4860.0,1.0
71500000.0,3.0,2250.0,1.0
129500000.0,4.0,4500.0,1.0
54500000.0,3.0,1872.0,1.0
81000000.0,3.0,2160.0,1.0
81500000.0,3.0,2250.0,1.0
107000000.0,4.0,2700.0,1.0
120000000.0,4.0,2450.0,1.0
15800000.0,3.0,1450.0,0.0
98300000.0,5.0,1800.0,1.0
8900000.0,3.0,850.0,0.0
16500000.0,2.0,900.0,0.0
34000000.0,3.0,1150.0,0.0
80000000.0,4.0,2800.0,0.0
5200000.0,5.0,650.0,0.0
60000000.0,3.0,1575.0,0.0
130000000.0,4.0,2000.0,1.0
57500000.0,3.0,1300.0,1.0
81000000.0,3.0,2160.0,1.0
100000000.0,4.0,3600.0,0.0
30000000.0,3.0,1172.0,1.0
11000000.0,2.0,900.0,0.0
55000000.0,4.0,2448.0,1.0
65000000.0,4.0,4000.0,1.0
10000000.0,3.0,1125.0,1.0
27000000.0,3.0,1800.0,1.0
28000000.0,3.0,2000.0,1.0
5100000.0,2.0,750.0,0.0
11000000.0,3.0,1150.0,0.0
3575000.0,2.0,720.0,1.0
50000000.0,4.0,2385.0,0.0
39500000.0,3.0,1500.0,1.0
75000000.0,3.0,1700.0,1.0
30000000.0,3.0,1377.0,0.0
25000000.0,3.0,1440.0,1.0
7484999.999999999,3.0,900.0,0.0
7481999.999999999,3.0,900.0,0.0
3200000.0,2.0,600.0,1.0
3300000.0,2.0,600.0,1.0
50000000.0,3.0,1400.0,0.0
132500000.0,4.0,4500.0,0.0
56000000.0,3.0,1935.0,0.0
52500000.0,4.0,2412.0,1.0
75000000.0,3.0,2097.0,1.0
5400000.0,3.0,870.0,1.0
31000000.0,4.0,2500.0,1.0
12500000.0,4.0,1604.0,1.0
3200000.0,2.0,680.0,1.0
16000000.0,3.0,1800.0,0.0
8500000.0,3.0,800.0,1.0
3050000.0,2.0,500.0,1.0
135000000.0,4.0,2700.0,0.0
26200000.0,3.0,1800.0,1.0
5000000.0,3.0,810.0,1.0
3150000.0,2.0,540.0,1.0
6400000.0,3.0,850.0,0.0
37000000.0,2.0,1732.0,1.0
100000000.0,5.0,8060.0,0.0
132500000.0,8.0,9900.0,0.0
22500000.0,2.0,900.0,1.0
50000000.0,4.0,2700.0,1.0
28000000.0,3.0,1350.0,0.0
17500000.0,2.0,1000.0,1.0
18000000.0,3.0,1150.0,1.0
35000000.0,3.0,1800.0,1.0
11000000.0,4.0,1600.0,1.0
8500000.0,3.0,1200.0,1.0
154000000.0,4.0,3600.0,1.0
6800000.0,3.0,1000.0,1.0
45000000.0,3.0,1900.0,1.0
80000000.0,4.0,1350.0,1.0
4500000.0,2.0,490.0,0.0
53000000.0,6.0,1125.0,0.0
5000000.0,2.0,720.0,1.0
20500000.0,3.0,1300.0,1.0
52500000.0,4.0,2650.0,1.0
41000000.0,3.0,1450.0,1.0
28000000.0,3.0,1500.0,1.0
5551000.0,3.0,750.0,1.0
100000000.0,3.0,1800.0,1.0
32500000.0,3.0,1800.0,0.0
32200000.000000004,4.0,2300.0,1.0
21000000.0,2.0,1200.0,0.0
8500000.0,3.0,1200.0,1.0
23600000.0,3.0,1350.0,1.0
13500000.0,3.0,1000.0,0.0
32500000.0,3.0,1300.0,1.0
27500000.0,3.0,1200.0,1.0
11800000.0,2.0,816.0,1.0
18000000.0,3.0,1050.0,1.0
11500000.0,2.0,1050.0,1.0
26000000.0,3.0,1650.0,1.0
9500000.0,3.0,1100.0,0.0
12500000.0,2.0,1000.0,1.0
60000000.0,3.0,1800.0,1.0
127500000.0,4.0,8280.0,1.0
107500000.0,4.0,4140.0,1.0
65000000.0,3.0,1800.0,1.0
29800000.0,3.0,1700.0,1.0
180000000.0,4.0,3600.0,1.0
38000000.0,2.0,1732.0,1.0
18000000.0,3.0,1000.0,1.0
130000000.0,4.0,3600.0,0.0
16000000.0,3.0,1050.0,1.0
2500000.0,2.0,500.0,1.0
150000000.0,4.0,3780.0,0.0
135000000.0,3.0,9000.0,0.0
27500000.0,5.0,2050.0,1.0
8000000.0,2.0,972.0,0.0
25500000.0,3.0,1450.0,1.0
30500000.0,3.0,1150.0,0.0
6900000.0,3.0,1100.0,1.0
71500000.0,4.0,2700.0,1.0
350000000.0,4.0,10000.0,0.0
112500000.0,3.0,2016.0,1.0
17000000.0,3.0,1000.0,1.0
23700000.0,3.0,1350.0,1.0
30500000.0,5.0,2000.0,1.0
26000000.0,3.0,2000.0,0.0
7000000.0,3.0,1000.0,1.0
8000000.0,4.0,1800.0,0.0
42100000.0,3.0,1800.0,1.0
85000000.0,3.0,1350.0,0.0
3000000.0,2.0,600.0,1.0
29800000.0,3.0,1700.0,0.0
23800000.0,5.0,1700.0,0.0
8500000.0,3.0,800.0,1.0
40000000.0,3.0,2000.0,1.0
85000000.0,4.0,2700.0,0.0
62000000.0,3.0,1800.0,0.0
9000000.0,4.0,1000.0,1.0
50000000.0,3.0,1660.0,1.0
48000000.0,3.0,1800.0,1.0
6700000.0,3.0,900.0,1.0
12000000.0,4.0,1400.0,1.0
15000000.0,4.0,1400.0,1.0
26500000.0,3.0,2000.0,1.0
20000000.0,2.0,1200.0,1.0
37500000.0,3.0,1800.0,1.0
85000000.0,4.0,3600.0,1.0
185000000.0,4.0,4500.0,0.0
56000000.0,4.0,2520.0,1.0
62500000.0,3.0,1800.0,1.0
70000000.0,4.0,2700.0,1.0
15500000.0,3.0,1050.0,1.0
4495000.0,2.0,500.0,0.0
4483000.0,2.0,500.0,0.0
4492000.0,2.0,500.0,0.0
8500000.0,3.0,1215.0,1.0
21500000.0,3.0,1300.0,1.0
70000000.0,3.0,1872.0,1.0
8500000.0,3.0,700.0,1.0
27500000.0,3.0,1350.0,1.0
24000000.0,3.0,1400.0,1.0
31000000.0,3.0,1450.0,1.0
24000000.0,3.0,1300.0,1.0
65000000.0,3.0,1800.0,1.0
7550000.0,3.0,1000.0,1.0
33500000.0,4.0,2200.0,1.0
31500000.0,4.0,2000.0,1.0
35000000.0,3.0,1143.0,0.0
22500000.0,3.0,1250.0,1.0
120000000.0,4.0,3600.0,1.0
292500000.0,4.0,4500.0,0.0
235000000.0,4.0,4500.0,0.0
13500000.0,2.0,900.0,0.0
16000000.0,3.0,1200.0,1.0
165000000.0,3.0,1400.0,0.0
6600000.0,3.0,810.0,1.0
65000000.0,4.0,3240.0,1.0
54500000.0,4.0,2520.0,1.0
85000000.0,3.0,2000.0,1.0
37500000.0,3.0,1800.0,0.0
125000000.0,4.0,5994.0,0.0
55000000.0,3.0,1500.0,1.0
100000000.0,4.0,3000.0,1.0
37500000.0,3.0,1530.0,1.0
32500000.0,4.0,2200.0,1.0
25800000.0,3.0,1800.0,1.0
27900000.0,3.0,1900.0,1.0
26700000.0,3.0,1800.0,1.0
28000000.0,3.0,2200.0,1.0
42500000.0,4.0,3000.0,1.0
37800000.0,4.0,2200.0,1.0
280000000.0,4.0,4500.0,1.0
44500000.0,4.0,2700.0,0.0
35500000.0,3.0,1850.0,0.0
15500000.0,2.0,1000.0,0.0
6500000.0,3.0,900.0,1.0
4500000.0,2.0,900.0,1.0
32000000.0,6.0,3420.0,1.0
70000000.0,4.0,2250.0,1.0
31500000.0,3.0,1350.0,1.0
130000000.0,5.0,9900.0,0.0
3900000.0,3.0,653.0,1.0
37000000.0,3.0,1150.0,0.0
8500000.0,3.0,850.0,1.0
27500000.0,4.0,2350.0,0.0
7900000.0,2.0,650.0,1.0
8600000.0,3.0,850.0,1.0
90000000.0,6.0,3500.0,1.0
35000000.0,4.0,1650.0,1.0
13500000.0,3.0,1400.0,0.0
26500000.0,3.0,1250.0,1.0
41500000.0,4.0,2350.0,1.0
13799999.999999998,3.0,1100.0,1.0
9500000.0,3.0,850.0,1.0
7500000.0,2.0,700.0,1.0
9500000.0,3.0,1100.0,1.0
9500000.0,3.0,850.0,1.0
14500000.0,3.0,1250.0,1.0
9000000.0,3.0,950.0,1.0
27000000.0,4.0,2350.0,1.0
9500000.0,3.0,800.0,1.0
5400000.0,2.0,550.0,1.0
115000000.0,4.0,2970.0,0.0
26500000.0,3.0,1759.0,1.0
80000000.0,3.0,2500.0,1.0
33500000.0,6.0,2100.0,1.0
4000000.0,2.0,720.0,1.0
23800000.0,3.0,1350.0,0.0
67500000.0,4.0,3510.0,0.0
51000000.0,3.0,1800.0,1.0
3800000.0,2.0,900.0,1.0
20000000.0,3.0,1250.0,1.0
7500000.0,3.0,1300.0,1.0
120000000.0,4.0,4050.0,1.0
21500000.0,3.0,1250.0,1.0
7500000.0,3.0,800.0,0.0
6500000.0,2.0,650.0,0.0
12500000.0,3.0,1305.0,1.0
12000000.0,3.0,1000.0,0.0
63500000.0,3.0,2070.0,0.0
10000000.0,2.0,750.0,1.0
8000000.0,2.0,700.0,1.0
65000000.0,3.0,1872.0,1.0
165000000.0,4.0,4500.0,1.0
68000000.0,3.0,1872.0,1.0
95000000.0,4.0,2799.0,1.0
105000000.0,4.0,2772.0,1.0
220000000.0,4.0,4500.0,1.0
23500000.0,3.0,1350.0,0.0
30000000.0,3.0,1800.0,1.0
15000000.0,3.0,1250.0,1.0
15000000.0,2.0,1050.0,1.0
18000000.0,3.0,1050.0,1.0
12500000.0,2.0,1050.0,1.0
17000000.0,2.0,1050.0,1.0
90000000.0,4.0,2600.0,1.0
85000000.0,4.0,2700.0,1.0
100000000.0,4.0,3060.0,1.0
140000000.0,5.0,2700.0,0.0
220000000.0,4.0,5400.0,0.0
66000000.0,3.0,2115.0,0.0
69500000.0,4.0,4050.0,1.0
49500000.0,4.0,2450.0,1.0
34000000.0,3.0,1440.0,1.0
45500000.0,4.0,2200.0,1.0
23500000.0,4.0,1350.0,1.0
12500000.0,4.0,1900.0,1.0
17500000.0,4.0,1450.0,0.0
62500000.0,3.0,2700.0,1.0
37500000.0,3.0,2700.0,1.0
37500000.0,3.0,1800.0,1.0
55000000.0,4.0,2610.0,1.0
36000000.0,3.0,1800.0,0.0
6200000.0,3.0,950.0,1.0
35000000.0,3.0,1800.0,1.0
34000000.0,3.0,1800.0,1.0
52500000.0,3.0,1972.0,0.0
100000000.0,4.0,2700.0,0.0
15000000.0,4.0,1200.0,1.0
91500000.0,4.0,5000.0,1.0
23000000.0,3.0,1350.0,0.0
13100000.0,3.0,1050.0,0.0
51000000.0,4.0,3000.0,1.0
77500000.0,4.0,2550.0,0.0
64500000.0,3.0,1750.0,0.0
8500000.0,2.0,750.0,1.0
18000000.0,3.0,1125.0,0.0
46000000.0,4.0,2754.0,1.0
50000000.0,4.0,2448.0,1.0
70000000.0,4.0,3510.0,1.0
29000000.0,3.0,1540.0,1.0
55000000.0,4.0,3490.0,1.0
33500000.0,3.0,1600.0,1.0
42500000.0,4.0,2565.0,1.0
65000000.0,4.0,4050.0,1.0
34000000.0,3.0,1440.0,1.0
85000000.0,4.0,4050.0,1.0
39000000.0,3.0,1440.0,1.0
50000000.0,4.0,2500.0,1.0
17500000.0,4.0,1485.0,1.0
7500000.0,2.0,675.0,1.0
165000000.0,4.0,4500.0,0.0
180000000.0,4.0,4050.0,0.0
140000000.0,4.0,4050.0,0.0
95000000.0,4.0,2799.0,0.0
115000000.0,4.0,2799.0,0.0
85000000.0,4.0,2700.0,0.0
60000000.0,5.0,2250.0,0.0
95000000.0,4.0,2799.0,0.0
22800000.0,3.0,1350.0,0.0
39000000.0,3.0,1450.0,1.0
17200000.0,3.0,1300.0,0.0
15800000.0,3.0,1250.0,1.0
8800000.0,3.0,850.0,1.0
85000000.0,4.0,2200.0,0.0
85000000.0,4.0,2200.0,0.0
105000000.0,4.0,2200.0,0.0
75000000.0,4.0,2550.0,0.0
11000000.0,4.0,1600.0,1.0
5800000.0,2.0,600.0,1.0
160000000.0,4.0,2500.0,0.0
13000000.0,3.0,1250.0,1.0
80000000.0,4.0,2700.0,1.0
110000000.0,4.0,2700.0,1.0
80000000.0,4.0,2502.0,1.0
65000000.0,4.0,2295.0,1.0
220000000.0,4.0,5850.0,1.0
72500000.0,3.0,1800.0,1.0
175000000.0,4.0,4500.0,0.0
55000000.0,3.0,1800.0,0.0
160000000.0,4.0,4050.0,0.0
75000000.0,4.0,2700.0,0.0
145000000.0,4.0,4500.0,0.0
80000000.0,3.0,1953.0,0.0
30000000.0,3.0,1300.0,1.0
7200000.0,3.0,800.0,1.0
18000000.0,2.0,1200.0,1.0
13500000.0,3.0,900.0,0.0
34800000.0,3.0,1350.0,0.0
110000000.0,5.0,1600.0,1.0
102500000.0,4.0,2925.0,0.0
4490000.0,2.0,500.0,0.0
4493000.0,2.0,500.0,0.0
70000000.0,4.0,3330.0,1.0
35000000.0,3.0,1665.0,1.0
30000000.0,3.0,1150.0,0.0
65000000.0,3.0,1950.0,0.0
42100000.0,3.0,2050.0,1.0
22500000.0,3.0,1350.0,0.0
250000000.0,4.0,5400.0,1.0
145000000.0,4.0,4500.0,1.0
94000000.0,4.0,2700.0,1.0
90000000.0,4.0,2700.0,1.0
9000000.0,3.0,60.0,0.0
15500000.0,3.0,1340.0,0.0
57500000.0,4.0,2600.0,1.0
8500000.0,3.0,800.0,1.0
50000000.0,4.0,3600.0,1.0
60000000.0,8.0,6000.0,1.0
17500000.0,3.0,1100.0,1.0
115000000.0,4.0,2700.0,1.0
157500000.0,4.0,2925.0,0.0
64000000.0,4.0,2700.0,1.0
42500000.0,3.0,1500.0,1.0
8000000.0,2.0,900.0,1.0
55000000.0,3.0,1600.0,1.0
6000000.0,2.0,700.0,1.0
12000000.0,2.0,875.0,0.0
16000000.0,2.0,900.0,1.0
58000000.0,3.0,1800.0,1.0
2700000.0,2.0,550.0,1.0
1350000.0,1.0,320.0,1.0
55000000.0,4.0,2700.0,0.0
39000000.0,3.0,1800.0,0.0
2500000.0,2.0,600.0,1.0
21000000.0,2.0,900.0,1.0
42500000.0,4.0,2400.0,1.0
24000000.0,10.0,550.0,0.0
162500000.0,4.0,2925.0,0.0
27800000.0,3.0,1350.0,1.0
26500000.0,3.0,2100.0,0.0
67500000.0,3.0,3150.0,0.0
16000000.0,3.0,900.0,1.0
18500000.0,2.0,950.0,0.0
4700000.0,2.0,720.0,1.0
60000000.0,4.0,2900.0,1.0
29000000.0,3.0,1800.0,1.0
45000000.0,4.0,2250.0,1.0
28500000.0,3.0,1260.0,0.0
21500000.0,3.0,1440.0,0.0
57500000.0,3.0,1200.0,1.0
150000000.0,3.0,2492.0,0.0
8500000.0,3.0,1200.0,1.0
80000000.0,4.0,2700.0,1.0
25000000.0,3.0,1350.0,1.0
25000000.0,3.0,1200.0,1.0
45000000.0,4.0,2250.0,1.0
23000000.0,3.0,1125.0,1.0
25000000.0,3.0,1350.0,1.0
45000000.0,4.0,2250.0,1.0
4300000.0,5.0,1150.0,1.0
8500000.0,3.0,1350.0,1.0
8500000.0,3.0,1200.0,1.0
7200000.0,3.0,800.0,1.0
10500000.0,4.0,1300.0,1.0
42500000.0,4.0,3900.0,0.0
18500000.0,3.0,1800.0,1.0
16700000.0,3.0,1150.0,1.0
10800000.0,3.0,1100.0,1.0
11500000.0,3.0,1100.0,1.0
9500000.0,3.0,1100.0,1.0
150000000.0,4.0,5400.0,1.0
27500000.0,3.0,1350.0,1.0
6500000.0,3.0,850.0,1.0
66000000.0,4.0,2700.0,0.0
14000000.0,2.0,816.0,1.0
7000000.0,2.0,720.0,0.0
37500000.0,4.0,1500.0,1.0
32000000.0,3.0,1440.0,1.0
7200000.0,2.0,720.0,1.0
7000000.0,2.0,720.0,1.0
7500000.0,2.0,688.0,1.0
7500000.0,2.0,690.0,1.0
9000000.0,3.0,700.0,1.0
3300000.0,1.0,400.0,1.0
180000000.0,4.0,4200.0,1.0
20000000.0,3.0,1500.0,1.0
6000000.0,3.0,1000.0,1.0
5100000.0,3.0,810.0,1.0
6500000.0,3.0,900.0,1.0
7100000.0,3.0,900.0,1.0
15500000.0,4.0,1350.0,1.0
46000000.0,4.0,2250.0,0.0
7500000.0,3.0,1250.0,1.0
18200000.0,2.0,1250.0,1.0
12700000.0,2.0,1000.0,0.0
26800000.0,3.0,1600.0,1.0
39200000.0,4.0,2400.0,1.0
45000000.0,4.0,2500.0,1.0
34000000.0,4.0,2600.0,1.0
36000000.0,4.0,2400.0,1.0
32100000.0,4.0,2400.0,1.0
38000000.0,4.0,2400.0,1.0
35500000.0,4.0,2400.0,1.0
65000000.0,3.0,1800.0,1.0
450000000.0,8.0,6000.0,1.0
28000000.0,3.0,1300.0,1.0
35200000.0,4.0,2200.0,1.0
175000000.0,6.0,2520.0,1.0
8000000.0,3.0,1125.0,1.0
39500000.0,3.0,2200.0,1.0
44000000.0,3.0,1850.0,1.0
61000000.0,3.0,1800.0,0.0
65000000.0,3.0,2700.0,0.0
27100000.0,3.0,1600.0,0.0
25200000.0,3.0,1700.0,0.0
120000000.0,3.0,1800.0,0.0
260000000.0,3.0,5000.0,0.0
53000000.0,4.0,2450.0,1.0
11000000.0,3.0,900.0,1.0
42400000.0,3.0,1800.0,1.0
35000000.0,3.0,1450.0,1.0
51000000.0,4.0,2268.0,1.0
78000000.0,4.0,3600.0,1.0
42500000.0,3.0,1800.0,1.0
22500000.0,3.0,1800.0,1.0
87500000.0,4.0,2700.0,1.0
31000000.0,3.0,1440.0,1.0
27500000.0,3.0,1950.0,1.0
44000000.0,4.0,2700.0,1.0
45000000.0,4.0,2700.0,1.0
50000000.0,4.0,2700.0,1.0
16000000.0,3.0,1100.0,0.0
90000000.0,4.0,4050.0,1.0
55000000.0,4.0,2450.0,1.0
80000000.0,4.0,4050.0,1.0
95000000.0,4.0,4185.0,1.0
80000000.0,4.0,2799.0,1.0
57500000.0,3.0,1800.0,1.0
125000000.0,4.0,3375.0,1.0
80000000.0,3.0,1953.0,1.0
52500000.0,3.0,1800.0,1.0
140000000.0,4.0,4500.0,1.0
85000000.0,4.0,2700.0,1.0
35000000.0,3.0,1125.0,1.0
55000000.0,3.0,1800.0,1.0
57000000.0,3.0,1800.0,1.0
19000000.0,3.0,1100.0,1.0
80000000.0,4.0,2500.0,1.0
160000000.0,4.0,4500.0,1.0
72500000.0,3.0,2097.0,0.0
35000000.0,3.0,1800.0,1.0
62500000.0,3.0,1800.0,0.0
55000000.0,3.0,1800.0,0.0
5500000.0,2.0,750.0,1.0
8500000.0,3.0,1100.0,1.0
8300000.0,3.0,1100.0,1.0
17500000.0,4.0,1450.0,1.0
7700000.0,3.0,1100.0,1.0
3700000.0,2.0,600.0,1.0
12200000.0,3.0,1250.0,1.0
110000000.0,4.0,4000.0,1.0
120000000.0,4.0,3400.0,1.0
13600000.000000002,3.0,1150.0,0.0
40000000.0,3.0,1800.0,1.0
38000000.0,3.0,1800.0,1.0
11000000.0,3.0,900.0,1.0
38000000.0,4.0,2150.0,1.0
4500000.0,3.0,810.0,1.0
9500000.0,3.0,1150.0,1.0
4200000.0,1.0,225.0,1.0
28000000.0,4.0,1900.0,1.0
217300000.0,3.0,1400.0,0.0
160000000.0,5.0,3000.0,1.0
85000000.0,3.0,2700.0,1.0
57500000.0,3.0,1953.0,1.0
9000000.0,3.0,1100.0,1.0
8000000.0,3.0,1000.0,1.0
35500000.0,5.0,1900.0,1.0
32500000.0,4.0,2250.0,0.0
30000000.0,3.0,1900.0,0.0
45000000.0,4.0,2450.0,1.0
150000000.0,4.0,4500.0,0.0
105000000.0,4.0,2385.0,1.0
82500000.0,4.0,2385.0,0.0
2500000.0,2.0,450.0,0.0
24900000.000000004,3.0,1810.0,1.0
2251000.0,2.0,450.0,1.0
16500000.0,4.0,1800.0,1.0
17000000.0,4.0,1800.0,1.0
62500000.0,3.0,1800.0,1.0
31500000.0,3.0,1350.0,1.0
42500000.0,4.0,1800.0,1.0
61000000.0,3.0,1800.0,0.0
150000000.0,4.0,3500.0,1.0
32500000.0,3.0,1500.0,1.0
9200000.0,2.0,900.0,0.0
85000000.0,4.0,2800.0,1.0
23000000.0,3.0,1350.0,1.0
23000000.0,3.0,1400.0,1.0
25500000.0,3.0,1350.0,1.0
28500000.0,3.0,1450.0,1.0
13000000.0,2.0,1000.0,0.0
25000000.0,4.0,2970.0,1.0
7490000.000000001,3.0,900.0,0.0
4484000.0,2.0,500.0,0.0
4482000.0,2.0,500.0,0.0
17500000.0,2.0,950.0,1.0
20500000.0,3.0,1350.0,1.0
24500000.0,4.0,1450.0,1.0
25500000.0,3.0,1300.0,1.0
4200000.0,2.0,900.0,1.0
75000000.0,4.0,2700.0,1.0
8500000.0,2.0,1100.0,0.0
28000000.0,3.0,1700.0,0.0
93500000.0,4.0,3150.0,0.0
120000000.0,4.0,3500.0,1.0
11500000.0,3.0,1150.0,1.0
12500000.0,4.0,2200.0,1.0
14000000.0,2.0,1000.0,1.0
64000000.0,4.0,2700.0,0.0
56500000.0,3.0,1800.0,0.0
24900000.000000004,3.0,1800.0,1.0
3500000.0,2.0,600.0,1.0
57500000.0,3.0,1925.0,0.0
55000000.0,3.0,1800.0,0.0
25900000.0,3.0,1700.0,0.0
55000000.0,4.0,1800.0,1.0
100000000.0,4.0,2700.0,1.0
18500000.0,3.0,1140.0,1.0
13000000.0,2.0,900.0,1.0
50000000.0,3.0,1450.0,1.0
7500000.0,3.0,900.0,1.0
10000000.0,3.0,1000.0,1.0
61000000.0,3.0,1800.0,0.0
27500000.0,2.0,900.0,1.0
23500000.0,2.0,900.0,1.0
12500000.0,2.0,1000.0,1.0
16500000.0,3.0,1124.0,1.0
16500000.0,4.0,1800.0,1.0
35000000.0,3.0,1350.0,0.0
62500000.0,3.0,1800.0,0.0
9600000.0,3.0,900.0,1.0
8000000.0,3.0,900.0,1.0
25000000.0,3.0,1750.0,1.0
125000000.0,4.0,3600.0,1.0
29800000.0,5.0,1850.0,1.0
14000000.0,3.0,1620.0,1.0
25000000.0,3.0,2000.0,1.0
21000000.0,3.0,1500.0,1.0
4100000.0,2.0,670.0,1.0
5600000.0,3.0,905.0,1.0
55000000.0,4.0,2200.0,0.0
28500000.0,3.0,1750.0,0.0
34900000.0,4.0,2000.0,0.0
28500000.0,3.0,1600.0,0.0
29400000.0,3.0,1650.0,0.0
32500000.0,4.0,2300.0,1.0
47500000.0,4.0,3600.0,1.0
27500000.0,4.0,2100.0,1.0
20800000.0,2.0,1100.0,1.0
33000000.0,3.0,1125.0,0.0
32000000.0,3.0,1150.0,0.0
42500000.0,3.0,1800.0,0.0
36500000.0,3.0,1800.0,0.0
25000000.0,3.0,1850.0,0.0
15500000.0,3.0,1600.0,1.0
3275000.0,2.0,630.0,1.0
120000000.0,4.0,2025.0,0.0
105000000.0,4.0,2800.0,1.0
25000000.0,3.0,1800.0,1.0
45000000.0,3.0,1350.0,0.0
2200000.0,2.0,510.0,1.0
25000000.0,4.0,2350.0,1.0
50000000.0,3.0,2400.0,1.0
8500000.0,4.0,1350.0,0.0
6000000.0,3.0,910.0,1.0
3200000.0,1.0,400.0,1.0
38000000.0,3.0,1800.0,1.0
45000000.0,3.0,1800.0,0.0
52000000.0,4.0,2600.0,1.0
25000000.0,3.0,2200.0,1.0
9000000.0,5.0,550.0,1.0
40000000.0,3.0,2000.0,1.0
150000000.0,4.0,3000.0,1.0
7000000.0,2.0,700.0,1.0
34000000.0,3.0,2200.0,0.0
82500000.0,4.0,2800.0,1.0
82500000.0,4.0,2700.0,0.0
210000000.0,5.0,9200.0,1.0
140000000.0,4.0,3200.0,1.0
23000000.0,3.0,1600.0,1.0
105000000.0,4.0,3000.0,1.0
75000000.0,4.0,2200.0,1.0
42500000.0,3.0,1800.0,0.0
17800000.0,3.0,1100.0,1.0
190000000.0,4.0,3000.0,1.0
82500000.0,4.0,2300.0,1.0
105000000.0,4.0,2300.0,1.0
185000000.0,4.0,3000.0,1.0
85000000.0,4.0,2300.0,1.0
72500000.0,4.0,2700.0,1.0
35000000.0,3.0,1800.0,1.0
7500000.0,3.0,900.0,0.0
5500000.0,3.0,900.0,0.0
26400000.0,3.0,1700.0,1.0
61500000.0,3.0,1800.0,0.0
57500000.0,3.0,1852.0,0.0
73000000.0,3.0,1980.0,0.0
45000000.0,3.0,1350.0,0.0
19000000.0,3.0,1105.0,1.0
61000000.0,3.0,1980.0,0.0
50000000.0,4.0,2412.0,1.0
75000000.0,4.0,2800.0,1.0
71500000.0,4.0,2250.0,1.0
28000000.0,3.0,1143.0,1.0
51000000.0,4.0,2250.0,1.0
40000000.0,3.0,1260.0,1.0
30000000.0,3.0,1440.0,1.0
95000000.0,4.0,4000.0,1.0
34000000.0,3.0,1336.0,1.0
41000000.0,3.0,1765.0,1.0
25000000.0,3.0,1206.0,1.0
33000000.0,3.0,1170.0,1.0
95000000.0,4.0,3600.0,1.0
29000000.0,3.0,1206.0,1.0
30000000.0,3.0,1450.0,1.0
29000000.0,3.0,1450.0,1.0
24000000.0,3.0,1350.0,1.0
24000000.0,3.0,1350.0,1.0
42500000.0,4.0,2300.0,1.0
35000000.0,4.0,1750.0,1.0
80000000.0,4.0,2700.0,1.0
25000000.0,3.0,1700.0,0.0
38000000.0,4.0,2200.0,0.0
3500000.0,2.0,558.0,1.0
50000000.0,4.0,2448.0,1.0
18500000.0,3.0,1150.0,1.0
27500000.0,3.0,1700.0,1.0
25800000.0,4.0,2350.0,1.0
25700000.0,4.0,2350.0,1.0
180000000.0,4.0,6000.0,1.0
70000000.0,4.0,3600.0,1.0
7500000.0,2.0,720.0,1.0
7200000.0,3.0,850.0,1.0
2600000.0,1.0,450.0,0.0
31900000.0,4.0,2200.0,1.0
14000000.0,2.0,1126.0,1.0
9500000.0,3.0,1080.0,1.0
140000000.0,5.0,3600.0,1.0
150000000.0,4.0,2500.0,1.0
170000000.0,5.0,4200.0,1.0
120000000.0,4.0,3000.0,1.0
5500000.0,3.0,860.0,1.0
21500000.0,3.0,1650.0,1.0
180000000.0,5.0,2300.0,1.0
360000000.0,4.0,7200.0,1.0
4000000.0,2.0,550.0,1.0
65000000.0,4.0,2700.0,0.0
87500000.0,4.0,2700.0,1.0
12000000.0,2.0,900.0,0.0
90000000.0,3.0,1900.0,1.0
125000000.0,4.0,2450.0,1.0
42500000.0,3.0,1150.0,0.0
2500000.0,1.0,450.0,0.0
9000000.0,3.0,1350.0,1.0
70000000.0,3.0,2000.0,1.0
7000000.0,2.0,750.0,1.0
26500000.0,4.0,2350.0,1.0
19000000.0,4.0,2250.0,1.0
26500000.0,3.0,1700.0,1.0
36500000.0,3.0,1550.0,1.0
20000000.0,3.0,900.0,0.0
20900000.0,3.0,1125.0,0.0
1800000.0,3.0,600.0,0.0
12100000.0,3.0,1000.0,1.0
14500000.0,3.0,950.0,1.0
6500000.0,2.0,650.0,1.0
6550000.0,2.0,700.0,1.0
39000000.0,3.0,1800.0,0.0
55000000.0,3.0,2400.0,1.0
85000000.0,3.0,2200.0,0.0
55000000.0,3.0,1800.0,0.0
65000000.0,3.0,1800.0,1.0
55000000.0,3.0,1800.0,1.0
100000000.0,4.0,2700.0,1.0
160000000.0,4.0,6000.0,1.0
9300000.0,3.0,1150.0,0.0
25000000.0,4.0,2300.0,0.0
35000000.0,3.0,1400.0,0.0
26000000.0,2.0,1100.0,1.0
27500000.0,2.0,1100.0,1.0
27500000.0,2.0,1150.0,0.0
25000000.0,4.0,2350.0,1.0
28500000.0,4.0,2300.0,1.0
26200000.0,4.0,2300.0,1.0
44500000.0,3.0,1800.0,1.0
25000000.0,3.0,1900.0,1.0
33000000.0,3.0,1900.0,1.0
34500000.0,3.0,1950.0,1.0
52500000.0,4.0,2500.0,1.0
35000000.0,3.0,1950.0,1.0
43500000.0,4.0,2450.0,1.0
44000000.0,4.0,2500.0,1.0
49500000.0,4.0,2550.0,1.0
5900000.0,3.0,1200.0,1.0
9500000.0,3.0,1125.0,1.0
9950000.0,3.0,1500.0,1.0
15000000.0,4.0,1800.0,1.0
9800000.0,3.0,1500.0,1.0
62500000.0,4.0,2700.0,0.0
9500000.0,3.0,1125.0,1.0
9400000.0,3.0,1125.0,1.0
17500000.0,3.0,1050.0,1.0
7500000.0,2.0,700.0,1.0
9500000.0,3.0,800.0,1.0
23000000.0,3.0,1700.0,1.0
17800000.0,2.0,1550.0,1.0
9000000.0,3.0,900.0,0.0
8700000.0,3.0,800.0,0.0
7000000.0,3.0,1000.0,1.0
8500000.0,3.0,1200.0,1.0
11000000.0,4.0,1600.0,1.0
7000000.0,3.0,1000.0,1.0
8500000.0,3.0,1200.0,1.0
8500000.0,3.0,1200.0,1.0
18500000.0,4.0,1450.0,0.0
61100000.0,3.0,3000.0,0.0
77100000.0,4.0,3800.0,0.0
9200000.0,3.0,1100.0,0.0
10000000.0,3.0,1125.0,0.0
9700000.0,3.0,1100.0,0.0
180000000.0,4.0,5400.0,1.0
120000000.0,4.0,2700.0,1.0
57500000.0,3.0,1892.0,0.0
93000000.0,5.0,5700.0,1.0
58000000.0,3.0,1800.0,0.0
59500000.0,3.0,1980.0,0.0
70000000.0,4.0,2700.0,1.0
14500000.0,2.0,1000.0,0.0
21000000.0,2.0,900.0,1.0
33500000.0,3.0,2400.0,0.0
25000000.0,3.0,1700.0,1.0
18000000.0,4.0,1400.0,0.0
7500000.0,2.0,700.0,0.0
17500000.0,4.0,1450.0,0.0
57500000.0,3.0,1800.0,1.0
200000000.0,4.0,5400.0,1.0
77500000.0,4.0,4500.0,1.0
62500000.0,4.0,2700.0,1.0
87500000.0,4.0,3600.0,1.0
180000000.0,4.0,5400.0,1.0
53000000.0,4.0,2880.0,0.0
6000000.0,2.0,720.0,1.0
27500000.0,3.0,1600.0,0.0
7500000.0,3.0,800.0,1.0
29000000.0,4.0,2500.0,1.0
140000000.0,4.0,3600.0,1.0
120000000.0,4.0,2700.0,1.0
70000000.0,4.0,2700.0,1.0
65000000.0,3.0,1800.0,1.0
16000000.0,2.0,1200.0,1.0
33500000.0,4.0,2400.0,0.0
86500000.0,4.0,2300.0,1.0
90000000.0,4.0,2300.0,1.0
25000000.0,3.0,1800.0,1.0
35000000.0,5.0,3100.0,0.0
33500000.0,3.0,1700.0,1.0
28500000.0,3.0,2250.0,1.0
4000000.0,2.0,600.0,1.0
35000000.0,5.0,3100.0,1.0
195000000.0,4.0,4500.0,1.0
120000000.0,4.0,2700.0,1.0
140000000.0,4.0,2700.0,1.0
140000000.0,4.0,2700.0,1.0
35500000.0,4.0,2400.0,0.0
13100000.0,3.0,1400.0,1.0
27000000.0,3.0,1700.0,0.0
34000000.0,4.0,2200.0,0.0
24200000.0,3.0,1700.0,0.0
25800000.0,3.0,1750.0,0.0
24500000.0,3.0,1700.0,0.0
70000000.0,3.0,1200.0,0.0
25000000.0,3.0,1800.0,1.0
8000000.0,2.0,850.0,1.0
44800000.00000001,4.0,2400.0,1.0
8000000.0,3.0,1500.0,1.0
26100000.0,3.0,2100.0,1.0
32500000.0,3.0,1850.0,1.0
18200000.0,2.0,1400.0,1.0
21200000.0,5.0,1500.0,1.0
21000000.0,2.0,1450.0,1.0
28900000.0,3.0,1700.0,1.0
27900000.0,3.0,1600.0,1.0
59500000.0,4.0,2200.0,1.0
20000000.0,2.0,1400.0,1.0
23800000.0,3.0,1600.0,1.0
34000000.0,4.0,2600.0,0.0
41000000.0,3.0,1800.0,0.0
90000000.0,3.0,1350.0,0.0
19000000.0,2.0,1100.0,1.0
19000000.0,2.0,1100.0,1.0
21000000.0,3.0,1125.0,0.0
30000000.0,3.0,1800.0,1.0
12500000.0,2.0,700.0,1.0
4500000.0,2.0,800.0,1.0
130000000.0,4.0,2700.0,1.0
31000000.0,3.0,1800.0,0.0
27500000.0,3.0,1500.0,1.0
40000000.0,4.0,2150.0,1.0
4500000.0,2.0,800.0,1.0
2600000.0,2.0,700.0,1.0
37000000.0,4.0,2400.0,1.0
17000000.0,2.0,1000.0,0.0
41000000.0,3.0,1953.0,1.0
26200000.0,3.0,1700.0,1.0
19000000.0,3.0,1500.0,1.0
4800000.0,2.0,780.0,1.0
60000000.0,4.0,2520.0,0.0
75000000.0,4.0,2700.0,0.0
90000000.0,4.0,2700.0,0.0
77500000.0,4.0,2700.0,0.0
80000000.0,4.0,2700.0,0.0
2600000.0,1.0,450.0,0.0
150000000.0,4.0,4050.0,1.0
11500000.0,3.0,1000.0,1.0
14000000.0,3.0,1350.0,1.0
25000000.0,3.0,1620.0,0.0
30500000.0,2.0,900.0,0.0
24500000.0,3.0,1620.0,0.0
25500000.0,3.0,1600.0,0.0
33500000.0,3.0,2400.0,1.0
14000000.0,3.0,1000.0,0.0
21500000.0,2.0,1400.0,0.0
28000000.0,3.0,1700.0,0.0
105000000.0,4.0,4995.0,0.0
36000000.0,3.0,1800.0,0.0
7500000.0,2.0,720.0,1.0
13500000.0,3.0,1250.0,1.0
7700000.0,3.0,750.0,1.0
6000000.0,2.0,650.0,1.0
7500000.0,2.0,700.0,1.0
15500000.0,4.0,1250.0,1.0
5500000.0,2.0,675.0,1.0
30600000.0,3.0,1700.0,0.0
9000000.0,2.0,800.0,0.0
33500000.0,3.0,1125.0,1.0
36500000.0,3.0,1800.0,0.0
110000000.0,4.0,3200.0,1.0
5200000.0,2.0,780.0,1.0
55000000.0,4.0,2100.0,0.0
38000000.0,3.0,1850.0,0.0
21000000.0,2.0,900.0,0.0
210000000.0,3.0,27000.0,0.0
26200000.0,3.0,1700.0,1.0
2800000.0,2.0,460.0,1.0
7000000.0,2.0,744.0,0.0
4000000.0,2.0,540.0,1.0
2300000.0,1.0,400.0,1.0
6000000.0,2.0,650.0,0.0
19000000.0,3.0,1440.0,1.0
33000000.0,3.0,1125.0,1.0
3400000.0,1.0,450.0,0.0
15000000.0,2.0,1000.0,1.0
51500000.0,4.0,1800.0,1.0
18000000.0,3.0,1125.0,1.0
35000000.0,3.0,1800.0,0.0
3800000.0,3.0,700.0,1.0
34000000.0,4.0,2250.0,0.0
25000000.0,3.0,1850.0,1.0
5500000.0,3.0,760.0,0.0
130000000.0,4.0,2700.0,1.0
23000000.0,2.0,850.0,1.0
18500000.0,4.0,2450.0,0.0
8500000.0,3.0,1200.0,1.0
8500000.0,3.0,1200.0,1.0
8500000.0,3.0,1200.0,1.0
11000000.0,4.0,1600.0,1.0
8500000.0,3.0,1200.0,1.0
8500000.0,3.0,1200.0,1.0
8500000.0,3.0,1200.0,1.0
8500000.0,3.0,1200.0,1.0
18400000.0,3.0,1450.0,0.0
65000000.0,4.0,3600.0,0.0
11000000.0,4.0,1600.0,1.0
11000000.0,4.0,1600.0,1.0
25000000.0,3.0,1700.0,0.0
4050000.0,2.0,550.0,1.0
35000000.0,3.0,1800.0,1.0
27100000.0,3.0,1700.0,1.0
80000000.0,4.0,2700.0,1.0
45500000.0,4.0,2300.0,0.0
10000000.0,3.0,1200.0,1.0
2900000.0,2.0,450.0,1.0
13000000.0,3.0,468.0,1.0
24500000.0,3.0,1651.0,0.0
44500000.0,5.0,3500.0,1.0
6300000.0,3.0,810.0,1.0
15000000.0,5.0,1200.0,0.0
3600000.0,2.0,675.0,1.0
3400000.0,2.0,600.0,1.0
13500000.0,4.0,1350.0,0.0
31000000.0,5.0,2000.0,0.0
6700000.0,3.0,900.0,1.0
170000000.0,4.0,3600.0,1.0
1500000.0,1.0,450.0,1.0
12000000.0,3.0,1050.0,1.0
5900000.0,2.0,650.0,1.0
6500000.0,3.0,1100.0,1.0
7500000.0,3.0,1500.0,1.0
37500000.0,3.0,1953.0,1.0
14500000.0,3.0,1800.0,1.0
9500000.0,2.0,685.0,1.0
15500000.0,3.0,1000.0,0.0
7000000.0,3.0,900.0,1.0
7700000.0,3.0,845.0,1.0
11800000.0,3.0,1320.0,1.0
7500000.0,3.0,900.0,1.0
24500000.0,6.0,2100.0,1.0
13500000.0,2.0,816.0,1.0
6300000.0,3.0,850.0,0.0
29700000.000000004,4.0,2300.0,1.0
27500000.0,4.0,2500.0,1.0
9500000.0,3.0,1080.0,0.0
16500000.0,3.0,1100.0,1.0
3432000.0,2.0,550.0,1.0
5877000.0,3.0,800.0,1.0
4600000.0,3.0,810.0,1.0
7200000.0,1.0,500.0,1.0
16500000.0,3.0,1000.0,0.0
4000000.0,2.0,585.0,1.0
400000000.0,4.0,5500.0,0.0
50000000.0,4.0,2700.0,0.0
7500000.0,3.0,1000.0,1.0
8500000.0,2.0,765.0,1.0
48000000.0,3.0,1900.0,1.0
30000000.0,3.0,1800.0,1.0
2350000.0,1.0,500.0,1.0
2100000.0,1.0,500.0,1.0
2400000.0,1.0,500.0,1.0
2250000.0,1.0,500.0,1.0
2300000.0,1.0,500.0,1.0
2000000.0,1.0,500.0,1.0
2500000.0,1.0,500.0,1.0
4500000.0,2.0,800.0,1.0
4200000.0,2.0,800.0,1.0
22500000.0,4.0,2300.0,1.0
9000000.0,3.0,1100.0,1.0
28500000.0,4.0,2300.0,1.0
85000000.0,4.0,2700.0,1.0
25000000.0,2.0,1050.0,0.0
4000000.0,1.0,450.0,0.0
31000000.0,3.0,2000.0,1.0
17700000.0,2.0,1200.0,1.0
38500000.0,3.0,2000.0,1.0
350000000.0,4.0,9000.0,0.0
20000000.0,4.0,1600.0,1.0
41500000.0,5.0,2800.0,1.0
13000000.0,3.0,1100.0,1.0
3500000.0,2.0,950.0,1.0
8500000.0,3.0,1000.0,1.0
27000000.0,4.0,2350.0,1.0
25800000.0,4.0,2350.0,1.0
27000000.0,4.0,2350.0,1.0
31000000.0,3.0,1500.0,0.0
18000000.0,3.0,1440.0,1.0
9500000.0,3.0,1200.0,1.0
50000000.0,4.0,1800.0,1.0
6500000.0,3.0,850.0,0.0
4500000.0,2.0,750.0,1.0
12000000.0,3.0,1080.0,1.0
6500000.0,2.0,600.0,1.0
13000000.0,4.0,2160.0,1.0
34000000.0,3.0,1872.0,1.0
170000000.0,4.0,4400.0,1.0
8900000.0,3.0,1050.0,1.0
30000000.0,4.0,2400.0,1.0
62500000.0,4.0,2700.0,1.0
8800000.0,3.0,810.0,0.0
3200000.0,2.0,685.0,0.0
5500000.0,2.0,800.0,1.0
5500000.0,2.0,990.0,0.0
25000000.0,3.0,1528.0,1.0
65000000.0,4.0,2250.0,1.0
12000000.0,3.0,1100.0,1.0
150000000.0,4.0,6210.0,1.0
32500000.0,3.0,1600.0,1.0
29000000.0,3.0,1687.0,1.0
33500000.0,3.0,1701.0,1.0
16000000.0,4.0,1800.0,1.0
4500000.0,3.0,1000.0,0.0
16500000.0,3.0,1390.0,1.0
3600000.0,2.0,500.0,0.0
300000000.0,4.0,2600.0,1.0
26000000.0,3.0,1500.0,1.0
125000000.0,4.0,4500.0,1.0
5000000.0,3.0,950.0,1.0
42600000.0,4.0,2200.0,0.0
19900000.0,5.0,1700.0,1.0
40000000.0,3.0,1850.0,0.0
24000000.0,3.0,1800.0,1.0
7450000.0,3.0,1200.0,1.0
85000000.0,4.0,2700.0,1.0
17500000.0,3.0,1530.0,1.0
17000000.0,4.0,1600.0,1.0
26500000.0,3.0,1375.0,1.0
16500000.0,3.0,1200.0,1.0
3500000.0,2.0,405.0,1.0
140000000.0,4.0,3690.0,0.0
35000000.0,3.0,1872.0,1.0
32500000.0,3.0,1620.0,1.0
9700000.0,3.0,1200.0,0.0
15000000.0,2.0,1200.0,1.0
45199999.99999999,4.0,2500.0,1.0
24800000.0,4.0,2480.0,0.0
24500000.0,3.0,1700.0,1.0
9000000.0,2.0,900.0,0.0
8200000.0,2.0,900.0,0.0
8000000.0,2.0,900.0,0.0
9000000.0,2.0,900.0,0.0
62000000.0,3.0,1872.0,1.0
5000000.0,5.0,670.0,1.0
95000000.0,3.0,1600.0,0.0
4851000.0,3.0,1000.0,1.0
6000000.0,1.0,500.0,1.0
5500000.0,3.0,850.0,0.0
27000000.0,3.0,1710.0,1.0
130000000.0,4.0,4500.0,1.0
29500000.0,3.0,1300.0,0.0
7500000.0,3.0,1125.0,1.0
4200000.0,2.0,900.0,1.0
4500000.0,1.0,550.0,1.0
2450000.0,2.0,850.0,1.0
160000000.0,4.0,5850.0,0.0
50500000.0,3.0,2250.0,0.0
5000000.0,2.0,900.0,1.0
8000000.0,3.0,900.0,0.0
28000000.0,3.0,1350.0,0.0
12800000.0,3.0,1150.0,1.0
4000000.0,2.0,780.0,0.0
145000000.0,4.0,3600.0,1.0
4300000.0,3.0,900.0,0.0
32500000.0,4.0,2199.0,1.0
6500000.0,3.0,600.0,1.0
2800000.0,2.0,550.0,1.0
22700000.0,3.0,1450.0,1.0
15500000.0,2.0,1050.0,1.0
5000000.0,3.0,950.0,1.0
26500000.0,3.0,1800.0,1.0
17000000.0,2.0,1100.0,1.0
27500000.0,3.0,1850.0,1.0
29500000.0,3.0,1525.0,1.0
3600000.0,2.0,600.0,0.0
28500000.0,3.0,2000.0,1.0
4000000.0,2.0,675.0,0.0
16000000.0,4.0,1800.0,1.0
8600000.0,3.0,1350.0,1.0
4300000.0,3.0,1100.0,0.0
470000000.0,7.0,96000.0,1.0
25500000.0,4.0,2350.0,1.0
12700000.0,3.0,950.0,1.0
26000000.0,4.0,2250.0,1.0
2800000.0,2.0,400.0,0.0
3000000.0,2.0,450.0,0.0
12500000.0,3.0,1000.0,0.0
29000000.0,3.0,1700.0,1.0
27500000.0,3.0,2100.0,1.0
35000000.0,3.0,1197.0,0.0
25000000.0,3.0,1950.0,1.0
22000000.0,3.0,1350.0,0.0
21000000.0,4.0,2500.0,1.0
24000000.0,4.0,2400.0,1.0
22500000.0,3.0,1600.0,1.0
7500000.0,3.0,990.0,1.0
80000000.0,4.0,2700.0,1.0
13000000.0,3.0,1400.0,1.0
27500000.0,3.0,1650.0,1.0
75000000.0,3.0,1953.0,1.0
12500000.0,3.0,1080.0,1.0
8500000.0,3.0,1250.0,1.0
23500000.0,4.0,2300.0,1.0
26500000.0,4.0,2300.0,1.0
23500000.0,4.0,2300.0,1.0
27000000.0,4.0,2300.0,1.0
7500000.0,3.0,1000.0,1.0
8500000.0,3.0,1170.0,1.0
7500000.0,3.0,1200.0,1.0
9000000.0,3.0,1300.0,1.0
5500000.0,2.0,1000.0,1.0
6500000.0,3.0,1000.0,1.0
10000000.0,3.0,1300.0,1.0
8500000.0,3.0,750.0,1.0
50000000.0,3.0,2097.0,0.0
32500000.0,3.0,1440.0,0.0
26500000.0,4.0,2300.0,1.0
5000000.0,2.0,855.0,1.0
18500000.0,2.0,1500.0,1.0
27500000.0,4.0,2300.0,1.0
125000000.0,4.0,1800.0,1.0
35000000.0,3.0,3600.0,1.0
20000000.0,2.0,1200.0,1.0
7900000.0,3.0,950.0,1.0
160000000.0,4.0,2400.0,1.0
24000000.0,3.0,1125.0,0.0
41000000.0,4.0,2250.0,1.0
85000000.0,4.0,2750.0,1.0
17500000.0,3.0,1450.0,1.0
2600000.0,2.0,540.0,1.0
25000000.0,3.0,1800.0,0.0
5500000.0,2.0,1000.0,1.0
23800000.0,4.0,2500.0,1.0
25000000.0,3.0,1440.0,0.0
35500000.0,3.0,1800.0,1.0
13000000.0,2.0,1000.0,1.0
42500000.0,5.0,1650.0,0.0
24800000.0,3.0,1650.0,1.0
82000000.0,4.0,2700.0,1.0
180000000.0,4.0,2700.0,1.0
9000000.0,2.0,700.0,0.0
5000000.0,1.0,500.0,1.0
13500000.0,3.0,32.0,0.0
35400000.0,3.0,1800.0,0.0
10000000.0,3.0,1030.0,0.0
7500000.0,3.0,1000.0,1.0
7200000.0,2.0,700.0,1.0
41500000.0,3.0,1350.0,1.0
5600000.0,3.0,900.0,1.0
5200000.0,2.0,700.0,1.0
42500000.0,3.0,1800.0,1.0
32500000.0,4.0,2400.0,1.0
7200000.0,3.0,864.0,0.0
3500000.0,2.0,435.0,1.0
8000000.0,3.0,840.0,1.0
31500000.0,3.0,1125.0,0.0
139800000.0,4.0,4100.0,1.0
35000000.0,3.0,2000.0,1.0
18500000.0,2.0,1250.0,1.0
28000000.0,3.0,1550.0,1.0
32500000.0,3.0,2000.0,0.0
19500000.0,2.0,1200.0,1.0
85500000.0,4.0,3845.0,1.0
65000000.0,4.0,2970.0,0.0
5500000.0,2.0,675.0,1.0
4500000.0,2.0,540.0,1.0
5000000.0,2.0,1100.0,1.0
32500000.0,4.0,2600.0,1.0
9500000.0,3.0,870.0,1.0
22500000.0,2.0,1350.0,0.0
25800000.0,3.0,1700.0,1.0
7000000.0,3.0,1200.0,1.0
20000000.0,3.0,1800.0,0.0
23200000.0,3.0,1800.0,0.0
170000000.0,4.0,2400.0,1.0
2751000.0,2.0,700.0,1.0
3551000.0,2.0,650.0,1.0
2700000.0,2.0,700.0,1.0
4551000.0,3.0,810.0,1.0
4211000.0,3.0,810.0,1.0
59000000.0,4.0,2700.0,1.0
15500000.0,2.0,1200.0,1.0
4500000.0,3.0,960.0,1.0
10000000.0,2.0,900.0,1.0
12500000.0,2.0,850.0,0.0
7200000.0,2.0,800.0,0.0
25000000.0,3.0,1400.0,1.0
40000000.0,3.0,1440.0,1.0
26000000.0,4.0,2300.0,1.0
6500000.0,3.0,1000.0,1.0
550000000.0,3.0,3600.0,0.0
7500000.0,3.0,900.0,1.0
26000000.0,3.0,1800.0,0.0
25000000.0,3.0,1800.0,0.0
18700000.0,2.0,1300.0,1.0
6500000.0,3.0,900.0,1.0
7500000.0,2.0,950.0,0.0
1300000.0,1.0,275.0,1.0
62500000.0,3.0,4500.0,1.0
32500000.0,3.0,1550.0,0.0
152500000.0,4.0,3600.0,1.0
120000000.0,4.0,1755.0,1.0
12500000.0,2.0,900.0,1.0
31000000.0,4.0,2000.0,0.0
20000000.0,4.0,2097.0,0.0
4850000.0,2.0,750.0,1.0
220000000.0,4.0,3800.0,1.0
35000000.0,3.0,1600.0,0.0
38800000.0,4.0,2600.0,1.0
32500000.0,4.0,2400.0,0.0
72500000.0,6.0,3600.0,1.0
13500000.0,2.0,1000.0,1.0
14900000.0,5.0,1620.0,1.0
8500000.0,2.0,850.0,1.0
18500000.0,3.0,1600.0,1.0
16000000.0,2.0,1300.0,1.0
8500000.0,2.0,850.0,1.0
15000000.0,3.0,1350.0,1.0
3900000.0,2.0,550.0,1.0
25500000.0,3.0,2000.0,1.0
32500000.0,4.0,2200.0,1.0
35000000.0,3.0,1800.0,1.0
3851000.0,2.0,765.0,1.0
4175000.0,3.0,810.0,1.0
4675000.0,3.0,900.0,1.0
8220999.999999999,4.0,1350.0,1.0
5921000.0,3.0,1080.0,1.0
4451000.0,3.0,855.0,1.0
5275000.0,3.0,990.0,1.0
4451000.0,3.0,810.0,1.0
5421000.0,3.0,990.0,1.0
3411000.0,2.0,675.0,1.0
5421000.0,3.0,990.0,1.0
3675000.0,2.0,675.0,1.0
4475000.0,3.0,900.0,1.0
4111000.0,3.0,855.0,1.0
6051000.0,3.0,1080.0,1.0
3321000.0,2.0,630.0,1.0
3600000.0,3.0,720.0,1.0
4200000.0,3.0,690.0,1.0
28000000.0,3.0,1650.0,0.0
10000000.0,4.0,1125.0,1.0
9000000.0,3.0,918.0,0.0
4175000.0,3.0,855.0,1.0
4251000.0,3.0,855.0,1.0
7151000.000000001,3.0,1305.0,1.0
6820999.999999999,3.0,1260.0,1.0
4521000.0,3.0,945.0,1.0
6451000.000000001,3.0,1125.0,1.0
21000000.0,3.0,1200.0,1.0
35000000.0,3.0,1900.0,1.0
32000000.0,3.0,1800.0,1.0
33500000.0,5.0,1860.0,1.0
4150000.0,2.0,630.0,1.0
11000000.0,2.0,1080.0,0.0
15000000.0,5.0,2300.0,1.0
7000000.0,3.0,600.0,1.0
55000000.0,3.0,2000.0,1.0
28000000.0,4.0,2200.0,1.0
2800000.0,1.0,450.0,0.0
46500000.0,3.0,1872.0,1.0
15000000.0,5.0,1800.0,1.0
20000000.0,2.0,1200.0,1.0
31000000.0,3.0,1800.0,0.0
35000000.0,3.0,1800.0,1.0
41500000.0,3.0,1800.0,1.0
55000000.0,4.0,3900.0,1.0
3475000.0,2.0,675.0,1.0
6475000.0,3.0,1125.0,1.0
5851000.0,3.0,1080.0,1.0
4175000.0,3.0,810.0,1.0
2551000.0,2.0,495.0,1.0
4275000.0,3.0,900.0,1.0
3175000.0,2.0,630.0,1.0
2751000.0,2.0,585.0,1.0
5451000.0,3.0,990.0,1.0
4765000.0,3.0,800.0,1.0
6700000.0,3.0,900.0,1.0
44700000.0,4.0,2700.0,0.0
22500000.0,3.0,1500.0,1.0
30000000.0,3.0,1800.0,1.0
10000000.0,3.0,900.0,0.0
62500000.0,3.0,2097.0,0.0
27500000.0,3.0,1900.0,0.0
4500000.0,1.0,540.0,1.0
28500000.0,4.0,1800.0,1.0
2800000.0,2.0,650.0,0.0
3600000.0,2.0,720.0,1.0
26200000.0,3.0,1800.0,1.0
40000000.0,3.0,1620.0,1.0
41000000.0,3.0,1650.0,1.0
80000000.0,4.0,2700.0,0.0
27500000.0,3.0,1800.0,0.0
19500000.0,3.0,1125.0,1.0
130000000.0,4.0,2700.0,1.0
10000000.0,3.0,1000.0,1.0
4700000.0,2.0,650.0,0.0
70000000.0,3.0,1800.0,1.0
4000000.0,2.0,750.0,1.0
30000000.0,3.0,1350.0,1.0
18000000.0,3.0,1500.0,1.0
19000000.0,2.0,1450.0,1.0
19200000.0,2.0,1200.0,1.0
29200000.0,4.0,2000.0,1.0
12500000.0,3.0,1000.0,1.0
5000000.0,2.0,855.0,0.0
17000000.0,4.0,1650.0,1.0
32500000.0,3.0,1125.0,0.0
35500000.0,3.0,1800.0,1.0
28000000.0,3.0,1000.0,1.0
4500000.0,2.0,455.0,1.0
4500000.0,2.0,450.0,1.0
5000000.0,2.0,450.0,1.0
11000000.0,3.0,990.0,1.0
4500000.0,2.0,450.0,1.0
5000000.0,2.0,450.0,1.0
6000000.0,2.0,620.0,1.0
6500000.0,2.0,600.0,1.0
5500000.0,2.0,540.0,1.0
7000000.0,2.0,630.0,1.0
6000000.0,2.0,630.0,1.0
37000000.0,3.0,1800.0,1.0
27500000.0,4.0,1500.0,1.0
6210000.0,1.0,425.0,1.0
16399999.999999998,5.0,1800.0,1.0
12000000.0,2.0,1000.0,1.0
32000000.0,4.0,2300.0,1.0
9350000.0,3.0,990.0,1.0
9200000.0,2.0,900.0,0.0
9000000.0,2.0,900.0,0.0
16100000.000000002,3.0,1350.0,1.0
6000000.0,3.0,1200.0,1.0
55000000.0,4.0,2700.0,0.0
100000000.0,4.0,4500.0,1.0
13500000.0,3.0,900.0,1.0
8000000.0,3.0,1050.0,1.0
11500000.0,2.0,800.0,1.0
45000000.0,3.0,1800.0,1.0
40000000.0,5.0,2000.0,1.0
57500000.0,3.0,1872.0,0.0
35000000.0,4.0,2050.0,1.0
7500000.0,3.0,1100.0,1.0
8500000.0,3.0,900.0,1.0
12500000.0,3.0,1100.0,1.0
23000000.0,3.0,1800.0,1.0
4800000.0,2.0,900.0,1.0
87500000.0,4.0,2700.0,1.0
33500000.0,3.0,1600.0,1.0
29500000.0,3.0,1600.0,0.0
9500000.0,3.0,800.0,0.0
4500000.0,2.0,450.0,0.0
2800000.0,2.0,550.0,1.0
3800000.0,2.0,650.0,1.0
320000000.0,4.0,9000.0,0.0
23000000.0,3.0,1600.0,1.0
18200000.0,2.0,1600.0,1.0
4500000.0,3.0,900.0,1.0
8000000.0,3.0,1000.0,1.0
41000000.0,3.0,1750.0,1.0
62500000.0,4.0,3000.0,1.0
43000000.0,4.0,2500.0,1.0
15500000.0,3.0,990.0,1.0
12000000.0,2.0,900.0,0.0
59000000.0,3.0,1800.0,0.0
45000000.0,3.0,1800.0,0.0
3400000.0,2.0,650.0,1.0
30000000.0,3.0,1500.0,1.0
6200000.0,3.0,900.0,1.0
10000000.0,3.0,1035.0,1.0
35000000.0,3.0,1500.0,1.0
5700000.0,2.0,594.0,0.0
8000000.0,3.0,900.0,1.0
6000000.0,2.0,1000.0,0.0
30000000.0,3.0,1620.0,1.0
62500000.0,3.0,1800.0,1.0
4000000.0,2.0,900.0,1.0
4500000.0,2.0,900.0,1.0
1800000.0,1.0,450.0,1.0
13000000.0,2.0,1100.0,0.0
21000000.0,2.0,1350.0,1.0
46000000.0,4.0,2350.0,1.0
127600000.0,4.0,3700.0,0.0
7500000.0,3.0,850.0,1.0
7700000.0,2.0,700.0,0.0
9000000.0,2.0,850.0,0.0
29000000.0,4.0,2500.0,1.0
12500000.0,4.0,1440.0,1.0
24700000.000000004,3.0,1700.0,1.0
19000000.0,4.0,1800.0,1.0
30000000.0,4.0,1800.0,0.0
9000000.0,3.0,64.0,0.0
23000000.0,3.0,1700.0,1.0
8000000.0,2.0,800.0,1.0
3600000.0,3.0,670.0,1.0
40500000.0,3.0,1440.0,1.0
17400000.0,5.0,1300.0,1.0
3000000.0,2.0,550.0,0.0
52000000.0,4.0,2710.0,0.0
52500000.0,4.0,2700.0,0.0
76000000.0,3.0,1600.0,1.0
36000000.0,3.0,1350.0,1.0
5800000.0,5.0,465.0,1.0
37000000.0,3.0,1620.0,1.0
4600000.0,2.0,800.0,1.0
9000000.0,3.0,1100.0,1.0
11500000.0,3.0,1199.0,1.0
35000000.0,5.0,2300.0,1.0
21900000.0,4.0,2500.0,0.0
19500000.0,2.0,1250.0,0.0
270000000.0,4.0,4200.0,1.0
3600000.0,2.0,720.0,1.0
7500000.0,3.0,900.0,1.0
110000000.0,3.0,1800.0,0.0
4600000.0,2.0,800.0,1.0
5500000.0,2.0,750.0,1.0
6000000.0,3.0,870.0,1.0
9500000.0,3.0,1100.0,1.0
4000000.0,3.0,675.0,0.0
27000000.0,3.0,1125.0,0.0
32000000.0,4.0,2400.0,1.0
9000000.0,3.0,1260.0,1.0
28000000.0,3.0,1750.0,1.0
22500000.0,3.0,1125.0,0.0
13000000.0,3.0,1400.0,1.0
85000000.0,4.0,2700.0,0.0
24000000.0,3.0,1150.0,1.0
75000000.0,4.0,3700.0,1.0
8000000.0,3.0,960.0,1.0
56500000.0,3.0,1875.0,1.0
65000000.0,4.0,2250.0,0.0
8000000.0,2.0,700.0,1.0
5988000.0,3.0,900.0,1.0
24800000.0,3.0,1700.0,1.0
10500000.0,3.0,1000.0,1.0
12000000.0,3.0,1000.0,0.0
3500000.0,2.0,700.0,0.0
400000000.0,4.0,7800.0,0.0
8500000.0,2.0,900.0,0.0
26000000.0,3.0,1400.0,1.0
30000000.0,3.0,1600.0,1.0
6800000.0,3.0,1300.0,1.0
7800000.0,3.0,1400.0,1.0
270000000.0,4.0,5500.0,0.0
6000000.0,3.0,900.0,1.0
15500000.0,2.0,1000.0,1.0
6500000.0,3.0,900.0,0.0
15500000.0,5.0,1800.0,1.0
5500000.0,1.0,550.0,1.0
3000000.0,2.0,550.0,1.0
90000000.0,4.0,2475.0,1.0
16000000.0,2.0,1125.0,1.0
7200000.0,3.0,1100.0,1.0
105000000.0,4.0,2700.0,1.0
6500000.0,3.0,800.0,1.0
50000000.0,3.0,1872.0,1.0
11500000.0,2.0,850.0,1.0
19000000.0,3.0,1350.0,0.0
29000000.0,3.0,1600.0,1.0
4500000.0,1.0,400.0,1.0
57500000.0,3.0,2430.0,1.0
14000000.0,2.0,900.0,1.0
85000000.0,3.0,1600.0,1.0
20000000.0,3.0,1550.0,1.0
22500000.0,3.0,1600.0,1.0
5500000.0,2.0,820.0,1.0
8800000.0,3.0,800.0,1.0
52500000.0,5.0,3600.0,0.0
11500000.0,3.0,1100.0,1.0
25800000.0,3.0,1700.0,1.0
7000000.0,3.0,900.0,1.0
82500000.0,4.0,4500.0,0.0
7100000.0,3.0,850.0,0.0
4900000.0,2.0,550.0,0.0
650000000.0,3.0,1400.0,0.0
4500000.0,2.0,675.0,1.0
26200000.0,3.0,1850.0,1.0
27500000.0,5.0,1350.0,1.0
510000000.0,6.0,108900.0,1.0
6000000.0,2.0,720.0,1.0
3500000.0,1.0,600.0,0.0
35000000.0,3.0,1700.0,0.0
19500000.0,2.0,900.0,1.0
29500000.0,3.0,1850.0,0.0
5500000.0,2.0,650.0,1.0
15000000.0,2.0,900.0,1.0
82500000.0,3.0,1650.0,1.0
18000000.0,3.0,1000.0,1.0
82500000.0,3.0,1650.0,1.0
95000000.0,4.0,3600.0,1.0
31500000.0,3.0,2000.0,1.0
22500000.0,4.0,1350.0,0.0
6500000.0,2.0,750.0,1.0
12000000.0,3.0,1000.0,1.0
22500000.0,2.0,1100.0,1.0
300000000.0,3.0,4500.0,0.0
17000000.0,3.0,1500.0,0.0
47500000.0,3.0,1800.0,1.0
3800000.0,2.0,650.0,1.0
32000000.0,3.0,1800.0,1.0
18000000.0,3.0,2000.0,1.0
13500000.0,1.0,650.0,0.0
45000000.0,3.0,2250.0,1.0
18000000.0,2.0,1200.0,0.0
15500000.0,2.0,750.0,0.0
6000000.0,1.0,500.0,1.0
100000000.0,4.0,2700.0,1.0
18000000.0,2.0,980.0,1.0
4300000.0,3.0,1100.0,1.0
60000000.0,4.0,2556.0,1.0
25000000.0,4.0,2250.0,1.0
3500000.0,2.0,700.0,1.0
26500000.0,3.0,1600.0,1.0
9300000.0,4.0,1672.0,1.0
37500000.0,3.0,1800.0,1.0
55000000.0,3.0,1800.0,1.0
40000000.0,4.0,2160.0,1.0
70000000.0,3.0,1900.0,1.0
3000000.0,2.0,570.0,0.0
65000000.0,4.0,6500.0,0.0
13500000.0,3.0,1250.0,1.0
39000000.0,4.0,2600.0,1.0
17500000.0,3.0,1050.0,0.0
45000000.0,3.0,1600.0,1.0
102500000.0,4.0,2700.0,1.0
7500000.0,4.0,1100.0,0.0
10000000.0,3.0,650.0,1.0
52500000.0,3.0,1872.0,1.0
25800000.0,3.0,1700.0,1.0
15000000.0,3.0,1400.0,1.0
82500000.0,4.0,2925.0,1.0
6500000.0,2.0,900.0,1.0
25000000.0,3.0,1450.0,1.0
14500000.0,3.0,1350.0,1.0
2700000.0,2.0,600.0,0.0
50000000.0,4.0,1850.0,0.0
13100000.0,5.0,1505.0,0.0
5100000.0,3.0,895.0,1.0
10000000.0,3.0,1050.0,1.0
77500000.0,4.0,3620.0,1.0
23000000.0,2.0,1100.0,0.0
13000000.0,3.0,1000.0,1.0
4200000.0,2.0,522.0,0.0
105000000.0,4.0,2700.0,0.0
4000000.0,2.0,500.0,0.0
16500000.0,2.0,1000.0,1.0
14500000.0,2.0,1000.0,1.0
28500000.0,3.0,1800.0,0.0
5000000.0,2.0,1000.0,1.0
20000000.0,2.0,1200.0,1.0
3250000.0,1.0,500.0,0.0
6500000.0,3.0,1300.0,1.0
60000000.0,3.0,1800.0,1.0
23500000.0,3.0,1650.0,1.0
57500000.0,3.0,1800.0,1.0
125000000.0,3.0,2925.0,0.0
36000000.0,5.0,3200.0,1.0
4400000.0,1.0,425.0,1.0
11500000.0,2.0,1050.0,0.0
11500000.0,2.0,1050.0,0.0
32500000.0,3.0,2500.0,1.0
8000000.0,3.0,900.0,1.0
6000000.0,3.0,850.0,0.0
15100000.0,2.0,1000.0,0.0
6200000.0,2.0,576.0,1.0
26000000.0,3.0,1600.0,0.0
35000000.0,4.0,2200.0,1.0
46000000.0,4.0,2500.0,1.0
6200000.0,1.0,600.0,0.0
2700000.0,2.0,550.0,0.0
4200000.0,2.0,700.0,1.0
16000000.0,3.0,2100.0,1.0
35000000.0,5.0,2500.0,1.0
21000000.0,4.0,1010.0,1.0
30000000.0,5.0,2000.0,1.0
55000000.0,5.0,3800.0,0.0
10000000.0,3.0,900.0,1.0
75000000.0,4.0,3200.0,0.0
120000000.0,4.0,4500.0,1.0
85000000.0,3.0,5000.0,1.0
150000000.0,5.0,5800.0,1.0
2400000.0,1.0,400.0,1.0
2400000.0,1.0,450.0,1.0
17000000.0,3.0,1125.0,1.0
5600000.0,2.0,650.0,1.0
35500000.0,4.0,2200.0,1.0
120000000.0,4.0,2300.0,1.0
25000000.0,2.0,1500.0,0.0
65000000.0,3.0,1872.0,0.0
20500000.0,2.0,1100.0,0.0
6500000.0,2.0,900.0,1.0
14000000.0,4.0,1674.0,1.0
55000000.0,3.0,2000.0,0.0
27500000.0,2.0,1300.0,1.0
5000000.0,3.0,950.0,1.0
36600000.0,3.0,1872.0,1.0
75000000.0,4.0,4500.0,1.0
18000000.0,4.0,1944.0,1.0
32500000.0,3.0,1500.0,1.0
6300000.0,3.0,950.0,1.0
16500000.0,4.0,1950.0,1.0
55000000.0,3.0,1800.0,1.0
57000000.0,3.0,1404.0,1.0
6000000.0,3.0,1000.0,1.0
12000000.0,2.0,800.0,1.0
31000000.0,3.0,1400.0,1.0
87000000.0,4.0,1782.0,1.0
22000000.0,3.0,1950.0,1.0
7600000.0,1.0,650.0,0.0
9900000.0,4.0,1080.0,1.0
15000000.0,3.0,1650.0,1.0
15000000.0,3.0,720.0,1.0
25000000.0,2.0,1150.0,0.0
74900000.0,3.0,2700.0,1.0
620000000.0,12.0,10800.0,1.0
90000000.0,4.0,1900.0,1.0
15500000.0,4.0,2250.0,1.0
12000000.0,3.0,1000.0,1.0
6500000.0,2.0,810.0,1.0
7000000.0,2.0,720.0,1.0
12500000.0,3.0,990.0,1.0
23500000.0,3.0,1700.0,1.0
4900000.0,2.0,850.0,1.0
20000000.0,2.0,900.0,0.0
5700000.0,2.0,770.0,0.0
6500000.0,3.0,990.0,0.0
70000000.0,3.0,1350.0,0.0
5000000.0,1.0,425.0,1.0
3500000.0,1.0,600.0,0.0
2800000.0,2.0,402.0,0.0
32000000.0,3.0,1150.0,1.0
65000000.0,7.0,5400.0,1.0
250000000.0,6.0,5000.0,1.0
36000000.0,3.0,1800.0,1.0
7500000.0,3.0,850.0,1.0
35200000.0,4.0,2200.0,1.0
15000000.0,2.0,800.0,1.0
75000000.0,3.0,1900.0,1.0
8250000.0,3.0,1485.0,1.0
5600000.0,3.0,1150.0,1.0
340000000.0,4.0,4500.0,1.0
23000000.0,3.0,1600.0,1.0
2900000.0,2.0,450.0,0.0
40000000.0,3.0,1800.0,0.0
21000000.0,3.0,1300.0,1.0
23500000.0,3.0,1500.0,1.0
115000000.0,4.0,4500.0,1.0
17000000.0,3.0,1500.0,1.0
270000000.0,3.0,3375.0,0.0
9000000.0,2.0,900.0,1.0
28000000.0,3.0,1800.0,1.0
2200000.0,1.0,550.0,1.0
48500000.0,5.0,2700.0,1.0
45000000.0,3.0,1800.0,0.0
22500000.0,2.0,1500.0,1.0
19000000.0,3.0,1300.0,1.0
3700000.0,2.0,800.0,1.0
25000000.0,3.0,1250.0,1.0
9800000.0,3.0,1350.0,1.0
25000000.0,3.0,1587.0,1.0
7500000.0,3.0,750.0,1.0
30000000.0,3.0,1950.0,1.0
22000000.0,4.0,2000.0,0.0
9600000.0,2.0,990.0,1.0
37500000.0,4.0,3000.0,1.0
30000000.0,3.0,1670.0,1.0
10000000.0,3.0,800.0,1.0
23500000.0,3.0,1700.0,1.0
55000000.0,3.0,1800.0,0.0
110000000.0,4.0,2700.0,1.0
7500000.0,2.0,600.0,1.0
100000000.0,4.0,2700.0,1.0
3500000.0,2.0,1000.0,1.0
110000000.0,4.0,2400.0,1.0
150000000.0,4.0,2250.0,1.0
13000000.0,2.0,900.0,1.0
56000000.0,4.0,2565.0,0.0
4200000.0,1.0,500.0,1.0
5500000.0,3.0,371.0,1.0
14000000.0,2.0,1080.0,0.0
5100000.0,2.0,900.0,1.0
7000000.0,3.0,1700.0,1.0
46500000.0,4.0,2100.0,1.0
30500000.0,3.0,1550.0,1.0
17000000.0,3.0,1800.0,1.0
37500000.0,4.0,1800.0,0.0
13500000.0,3.0,1170.0,1.0
20000000.0,3.0,1250.0,1.0
27500000.0,3.0,1800.0,1.0
4200000.0,1.0,450.0,1.0
62500000.0,3.0,1953.0,1.0
45000000.0,3.0,1800.0,1.0
45000000.0,4.0,2550.0,1.0
25000000.0,3.0,1350.0,1.0
32000000.0,4.0,1800.0,1.0
4800000.0,2.0,900.0,1.0
90000000.0,4.0,2900.0,1.0
29000000.0,12.0,5000.0,1.0
25000000.0,3.0,1850.0,0.0
81500000.0,3.0,1650.0,1.0
28000000.0,3.0,1800.0,1.0
42500000.0,4.0,2520.0,0.0
80000000.0,4.0,2430.0,0.0
18000000.0,2.0,1000.0,1.0
70000000.0,4.0,2700.0,1.0
8200000.0,5.0,1350.0,1.0
60000000.0,4.0,2340.0,0.0
9000000.0,3.0,1450.0,1.0
8000000.0,2.0,850.0,0.0
1900000.0,1.0,360.0,1.0
29000000.0,4.0,2400.0,1.0
23000000.0,2.0,1500.0,1.0
28500000.0,3.0,1700.0,1.0
3800000.0,2.0,450.0,1.0
4500000.0,2.0,500.0,0.0
25000000.0,4.0,2350.0,1.0
13500000.0,2.0,800.0,1.0
33500000.0,3.0,1850.0,1.0
125000000.0,4.0,1802.0,1.0
31000000.0,3.0,1800.0,0.0
28000000.0,3.0,1800.0,0.0
7500000.0,3.0,1100.0,1.0
3250000.0,2.0,680.0,1.0
4200000.0,2.0,450.0,0.0
3000000.0,2.0,630.0,1.0
13500000.0,2.0,900.0,0.0
4600000.0,2.0,700.0,0.0
7000000.0,3.0,800.0,1.0
55000000.0,4.0,2000.0,1.0
4510000.0,1.0,375.0,1.0
41000000.0,3.0,2200.0,0.0
35500000.0,3.0,1900.0,1.0
6500000.0,3.0,990.0,0.0
5900000.0,2.0,900.0,1.0
5800000.0,2.0,900.0,1.0
13000000.0,4.0,1900.0,1.0
47500000.0,4.0,2200.0,1.0
1500000000.0,5.0,10000.0,1.0
65000000.0,3.0,2500.0,1.0
22500000.0,3.0,1250.0,0.0
25000000.0,3.0,1700.0,1.0
7000000.0,3.0,910.0,0.0
87500000.0,4.0,2250.0,1.0
24500000.0,3.0,1850.0,1.0
33500000.0,5.0,1800.0,1.0
14600000.0,1.0,1300.0,0.0
75000000.0,4.0,4500.0,0.0
35500000.0,4.0,2000.0,1.0
21500000.0,4.0,1800.0,1.0
49000000.0,3.0,1800.0,1.0
27500000.0,3.0,1700.0,1.0
84000000.0,4.0,3851.0,1.0
6600000.0,3.0,1450.0,0.0
2900000.0,2.0,540.0,0.0
3800000.0,3.0,1120.0,0.0
29800000.0,3.0,1700.0,0.0
9000000.0,3.0,990.0,0.0
1900000.0,1.0,450.0,1.0
6500000.0,3.0,900.0,1.0
6500000.0,3.0,900.0,1.0
1700000.0,1.0,450.0,1.0
12100000.0,3.0,990.0,1.0
7800000.0,4.0,1190.0,1.0
60000000.0,3.0,2000.0,1.0
27500000.0,3.0,1800.0,1.0
92500000.0,4.0,2800.0,0.0
37900000.0,4.0,2000.0,1.0
300000000.0,4.0,9000.0,1.0
37500000.0,4.0,2300.0,0.0
4700000.0,2.0,750.0,1.0
26000000.0,5.0,1600.0,1.0
23000000.0,2.0,1100.0,0.0
21000000.0,4.0,1800.0,1.0
85000000.0,4.0,3600.0,1.0
2651000.0,2.0,540.0,1.0
15000000.0,3.0,1000.0,1.0
75000000.0,3.0,2700.0,1.0
27000000.0,3.0,1690.0,1.0
5000000.0,2.0,855.0,0.0
22500000.0,4.0,2450.0,0.0
95000000.0,4.0,1800.0,1.0
180000000.0,8.0,2520.0,0.0
75000000.0,6.0,3600.0,1.0
57500000.0,4.0,2200.0,1.0
24500000.0,3.0,1125.0,1.0
4500000.0,2.0,340.0,0.0
44200000.0,4.0,2450.0,0.0
9000000.0,2.0,1200.0,1.0
6500000.0,3.0,950.0,1.0
3700000.0,2.0,650.0,1.0
45000000.0,4.0,2565.0,1.0
30000000.0,4.0,2340.0,1.0
37500000.0,3.0,1620.0,1.0
37500000.0,3.0,1652.0,1.0
57500000.0,3.0,1800.0,1.0
5500000.0,2.0,490.0,0.0
6500000.0,3.0,810.0,0.0
90000000.0,4.0,2500.0,1.0
7000000.0,2.0,720.0,1.0
7000000.0,3.0,900.0,1.0
57500000.0,3.0,2250.0,1.0
29200000.0,3.0,1700.0,1.0
18500000.0,2.0,1400.0,1.0
28000000.0,3.0,1700.0,0.0
25000000.0,3.0,1700.0,1.0
8500000.0,3.0,1120.0,1.0
10000000.0,4.0,1700.0,1.0
12000000.0,3.0,1595.0,1.0
25500000.0,3.0,1700.0,1.0
11000000.0,3.0,1125.0,0.0
21800000.0,3.0,1600.0,0.0
14500000.0,3.0,900.0,1.0
12500000.0,2.0,900.0,1.0
47500000.0,3.0,1650.0,0.0
26800000.0,3.0,1600.0,1.0
38000000.0,4.0,2400.0,1.0
45000000.0,3.0,2250.0,0.0
26700000.0,3.0,1650.0,0.0
31000000.0,3.0,1700.0,1.0
9000000.0,3.0,1350.0,1.0
9000000.0,3.0,1200.0,1.0
31500000.0,3.0,1700.0,1.0
2400000.0,1.0,500.0,0.0
65000000.0,3.0,2250.0,0.0
6750000.0,2.0,700.0,1.0
15000000.0,2.0,1200.0,1.0
90000000.0,3.0,2500.0,0.0
5611000.0,3.0,1080.0,1.0
5521000.0,3.0,1080.0,1.0
26200000.0,3.0,1700.0,1.0
34500000.0,3.0,1700.0,1.0
27500000.0,3.0,1700.0,1.0
29500000.0,3.0,1700.0,1.0
13500000.0,3.0,990.0,1.0
12500000.0,3.0,1125.0,0.0
115000000.0,4.0,2700.0,1.0
95000000.0,4.0,2700.0,1.0
4800000.0,2.0,900.0,1.0
20000000.0,2.0,1150.0,0.0
5500000.0,3.0,950.0,0.0
34000000.0,3.0,1815.0,1.0
34000000.0,4.0,2600.0,1.0
9900000.0,3.0,1230.0,0.0
32500000.0,4.0,2100.0,0.0
24900000.000000004,3.0,1700.0,1.0
240000000.0,6.0,2700.0,0.0
210000000.0,12.0,10000.0,1.0
39000000.0,5.0,2600.0,0.0
13500000.0,2.0,900.0,1.0
13000000.0,2.0,1100.0,0.0
20000000.0,2.0,1200.0,0.0
15000000.0,2.0,900.0,0.0
32500000.0,4.0,2400.0,1.0
17500000.0,2.0,1400.0,1.0
19500000.0,4.0,2300.0,0.0
29800000.0,3.0,1800.0,1.0
34000000.0,3.0,2000.0,1.0
36000000.0,3.0,1800.0,0.0
17000000.0,3.0,1260.0,1.0
320000000.0,4.0,9000.0,1.0
7500000.0,2.0,600.0,1.0
29500000.0,3.0,1700.0,1.0
29500000.0,3.0,1700.0,1.0
7800000.0,3.0,1150.0,1.0
42100000.0,4.0,2400.0,0.0
26500000.0,3.0,2100.0,0.0
29800000.0,3.0,1700.0,1.0
27500000.0,3.0,1800.0,1.0
330000000.0,5.0,12500.0,1.0
21000000.0,3.0,1440.0,1.0
27000000.0,3.0,2340.0,0.0
28000000.0,3.0,1700.0,1.0
2100000.0,1.0,390.0,1.0
17000000.0,3.0,1700.0,0.0
38000000.0,4.0,2400.0,0.0
60000000.0,5.0,1820.0,1.0
27500000.0,3.0,1450.0,0.0
7500000.0,3.0,1200.0,1.0
45000000.0,3.0,2265.0,1.0
9000000.0,2.0,850.0,1.0
25800000.0,3.0,1750.0,1.0
9700000.0,3.0,650.0,1.0
8000000.0,3.0,1200.0,1.0
16000000.0,2.0,1000.0,1.0
82500000.0,4.0,2000.0,1.0
29400000.0,3.0,1650.0,1.0
52000000.0,4.0,2500.0,0.0
52500000.0,4.0,1800.0,0.0
13000000.0,3.0,990.0,1.0
28100000.0,3.0,1700.0,1.0
25000000.0,4.0,3150.0,1.0
7500000.0,2.0,700.0,1.0
23800000.0,3.0,1650.0,1.0
27500000.0,3.0,1600.0,0.0
2950000.0,1.0,500.0,0.0
37500000.0,3.0,1900.0,1.0
31000000.0,4.0,2000.0,1.0
16000000.0,3.0,1000.0,1.0
40000000.0,5.0,2000.0,1.0
87500000.0,3.0,2700.0,1.0
26500000.0,3.0,1900.0,0.0
125000000.0,3.0,2925.0,1.0
39600000.0,4.0,2100.0,1.0
27500000.0,3.0,1440.0,1.0
12500000.0,2.0,900.0,1.0
35000000.0,3.0,1800.0,1.0
14000000.0,2.0,900.0,1.0
12000000.0,3.0,900.0,1.0
35500000.0,4.0,2200.0,1.0
30000000.0,5.0,1800.0,1.0
18000000.0,2.0,1200.0,1.0
2621000.0,2.0,495.0,1.0
2251000.0,2.0,450.0,1.0
22100000.0,3.0,1500.0,1.0
16000000.0,2.0,1000.0,1.0
2721000.0,2.0,588.0,1.0
2721000.0,2.0,540.0,1.0
5421000.0,3.0,990.0,1.0
5775000.0,3.0,1080.0,1.0
33500000.0,4.0,1700.0,1.0
6500000.0,3.0,900.0,1.0
8300000.0,3.0,900.0,1.0
6500000.0,3.0,945.0,0.0
21000000.0,2.0,1550.0,1.0
38500000.0,3.0,3400.0,1.0
42500000.0,4.0,3600.0,1.0
32500000.0,3.0,1800.0,1.0
27000000.0,3.0,1700.0,0.0
14000000.0,3.0,1000.0,1.0
38500000.0,4.0,2400.0,1.0
37500000.0,4.0,2400.0,1.0
38500000.0,9.0,1260.0,1.0
132500000.0,3.0,1674.0,0.0
35500000.0,4.0,2300.0,1.0
27500000.0,3.0,1700.0,1.0
25500000.0,3.0,1700.0,1.0
25800000.0,3.0,1700.0,1.0
70000000.0,4.0,2200.0,0.0
28500000.0,3.0,1700.0,1.0
32500000.0,3.0,1800.0,1.0
34000000.0,4.0,2200.0,1.0
11000000.0,1.0,550.0,0.0
92500000.0,4.0,2700.0,1.0
5400000.0,1.0,540.0,0.0
27000000.0,3.0,1650.0,0.0
85000000.0,4.0,2700.0,1.0
90000000.0,4.0,2700.0,1.0
60000000.0,3.0,1872.0,1.0
100000000.0,4.0,2700.0,1.0
8000000.0,3.0,900.0,1.0
27000000.0,3.0,1750.0,1.0
28000000.0,3.0,1600.0,1.0
5500000.0,2.0,855.0,0.0
3200000.0,2.0,600.0,1.0
23800000.0,3.0,1600.0,1.0
340000000.0,5.0,4500.0,1.0
2000000.0,2.0,585.0,0.0
87500000.0,4.0,4500.0,1.0
23800000.0,3.0,1800.0,0.0
32500000.0,4.0,2200.0,1.0
36500000.0,4.0,2200.0,1.0
34000000.0,4.0,2200.0,1.0
29800000.0,3.0,1700.0,1.0
9500000.0,3.0,1220.0,1.0
25800000.0,3.0,1750.0,0.0
1200000000.0,5.0,108000.0,0.0
42500000.0,3.0,1800.0,1.0
195000000.0,5.0,5500.0,1.0
25700000.0,3.0,1700.0,1.0
25000000.0,3.0,1700.0,1.0
115000000.0,4.0,2500.0,1.0
41000000.0,4.0,2400.0,1.0
49500000.0,4.0,2600.0,1.0
35000000.0,3.0,2000.0,1.0
44000000.0,4.0,3800.0,1.0
60000000.0,4.0,2600.0,1.0
56000000.0,4.0,2600.0,1.0
25000000.0,3.0,1700.0,1.0
34700000.0,4.0,2200.0,1.0
14500000.0,4.0,1900.0,1.0
17500000.0,2.0,1100.0,1.0
8000000.0,4.0,900.0,1.0
110000000.0,4.0,4500.0,1.0
80000000.0,4.0,3600.0,1.0
23800000.0,3.0,1700.0,1.0
5500000.0,3.0,950.0,1.0
13500000.0,2.0,900.0,1.0
29500000.0,3.0,1700.0,0.0
32000000.0,3.0,1500.0,1.0
16000000.0,3.0,902.0,1.0
22800000.0,3.0,1352.0,1.0
16500000.0,3.0,900.0,1.0
22500000.0,4.0,1010.0,1.0
8000000.0,3.0,850.0,0.0
44000000.0,4.0,2100.0,1.0
9000000.0,3.0,1260.0,1.0
85000000.0,5.0,5775.0,1.0
45000000.0,4.0,2475.0,1.0
26500000.0,3.0,1800.0,1.0
28200000.0,3.0,1700.0,1.0
40000000.0,3.0,1350.0,0.0
58500000.0,5.0,2280.0,0.0
43500000.0,3.0,1400.0,1.0
28500000.0,5.0,1800.0,1.0
350000000.0,5.0,10000.0,1.0
120000000.0,4.0,3600.0,0.0
4500000.0,2.0,680.0,1.0
50000000.0,4.0,2200.0,1.0
47500000.0,4.0,2200.0,1.0
33500000.0,3.0,2000.0,1.0
43500000.0,5.0,3000.0,1.0
35000000.0,3.0,3400.0,1.0
75000000.0,4.0,3240.0,1.0
16000000.0,3.0,900.0,1.0
16000000.0,3.0,910.0,1.0
23000000.0,3.0,1600.0,1.0
17500000.0,3.0,1100.0,1.0
21500000.0,3.0,765.0,0.0
185000000.0,4.0,4500.0,1.0
29000000.0,3.0,1700.0,1.0
16500000.0,2.0,950.0,1.0
7500000.0,3.0,1800.0,1.0
33100000.0,4.0,2200.0,1.0
34700000.0,4.0,2400.0,1.0
5800000.0,3.0,490.0,1.0
120000000.0,4.0,2300.0,1.0
39500000.0,4.0,2400.0,1.0
15000000.0,4.0,1980.0,0.0
27000000.0,3.0,1800.0,0.0
4600000.0,2.0,800.0,1.0
25000000.0,4.0,2970.0,1.0
31000000.0,3.0,1750.0,1.0
23500000.0,3.0,1850.0,1.0
29000000.0,3.0,1600.0,1.0
7000000.0,3.0,1050.0,1.0
29600000.0,5.0,1900.0,0.0
21500000.0,6.0,2050.0,0.0
31500000.0,4.0,2400.0,1.0
5310000.0,1.0,375.0,1.0
34700000.0,4.0,2400.0,1.0
29800000.0,5.0,1800.0,1.0
31200000.0,4.0,2400.0,1.0
13500000.0,3.0,1100.0,1.0
25500000.0,3.0,1700.0,0.0
67500000.0,4.0,3600.0,0.0
34000000.0,4.0,2400.0,1.0
8000000.0,3.0,1080.0,1.0
16000000.0,5.0,2160.0,1.0
28500000.0,3.0,1700.0,0.0
34000000.0,4.0,2200.0,1.0
26200000.0,3.0,1648.0,1.0
22200000.000000004,2.0,1250.0,1.0
36000000.0,4.0,2400.0,1.0
18000000.0,3.0,1300.0,1.0
125000000.0,4.0,2300.0,1.0
25800000.0,3.0,1600.0,1.0
33000000.0,4.0,2200.0,1.0
28500000.0,3.0,1800.0,1.0
85000000.0,3.0,2250.0,1.0
4500000.0,2.0,540.0,1.0
13500000.0,3.0,990.0,1.0
29900000.000000004,5.0,2500.0,1.0
140000000.0,4.0,7000.0,0.0
4000000.0,2.0,540.0,1.0
115000000.0,4.0,2300.0,1.0
90000000.0,3.0,1650.0,1.0
21500000.0,2.0,1350.0,1.0
27500000.0,3.0,1650.0,1.0
16500000.0,3.0,1200.0,1.0
18200000.0,4.0,1400.0,1.0
7200000.0,2.0,750.0,1.0
23000000.0,4.0,1500.0,1.0
65500000.0,3.0,2250.0,1.0
27800000.0,3.0,1700.0,1.0
25800000.0,3.0,1750.0,1.0
3500000.0,1.0,400.0,1.0
26700000.0,3.0,1650.0,1.0
26800000.0,3.0,1700.0,0.0
3200000.0,1.0,550.0,0.0
34000000.0,4.0,2400.0,1.0
105000000.0,4.0,2700.0,0.0
12000000.0,3.0,1200.0,1.0
55000000.0,4.0,1944.0,1.0
85000000.0,4.0,2800.0,1.0
7600000.0,3.0,1200.0,1.0
25000000.0,2.0,1050.0,0.0
32500000.0,3.0,1700.0,1.0
5500000.0,3.0,1035.0,1.0
32000000.0,3.0,1900.0,1.0
55000000.0,3.0,4320.0,0.0
50000000.0,3.0,1800.0,0.0
82500000.0,3.0,1953.0,0.0
110000000.0,3.0,2925.0,0.0
120000000.0,4.0,3001.0,0.0
150000000.0,4.0,4383.0,0.0
85000000.0,3.0,2448.0,0.0
135000000.0,4.0,3600.0,0.0
9950000.0,2.0,800.0,1.0
21500000.0,4.0,2000.0,1.0
6450000.0,1.0,423.0,1.0
18500000.0,3.0,1200.0,1.0
12000000.0,3.0,1080.0,1.0
8800000.0,1.0,880.0,0.0
29000000.0,4.0,2400.0,1.0
155000000.0,4.0,4950.0,1.0
23500000.0,3.0,1800.0,0.0
38200000.0,4.0,2200.0,1.0
36000000.0,4.0,2200.0,1.0
23400000.0,3.0,1700.0,0.0
57500000.0,3.0,1953.0,0.0
33000000.0,3.0,1900.0,0.0
27500000.0,3.0,1700.0,1.0
26000000.0,3.0,1800.0,1.0
77500000.0,3.0,1953.0,0.0
22500000.0,4.0,1500.0,1.0
13799999.999999998,3.0,1000.0,1.0
13500000.0,3.0,1000.0,1.0
17000000.0,4.0,1400.0,1.0
14000000.0,3.0,900.0,1.0
7200000.0,2.0,750.0,1.0
13500000.0,3.0,950.0,1.0
14000000.0,3.0,1100.0,1.0
13100000.0,3.0,1000.0,1.0
9460000.0,3.0,1300.0,1.0
9458000.0,3.0,1300.0,1.0
25000000.0,3.0,1350.0,1.0
75000000.0,5.0,4500.0,1.0
27800000.0,3.0,1600.0,0.0
32500000.0,5.0,1500.0,1.0
35000000.0,3.0,1650.0,1.0
15000000.0,2.0,1000.0,1.0
25900000.0,3.0,1700.0,1.0
24500000.0,3.0,1700.0,1.0
65000000.0,3.0,2250.0,1.0
52500000.0,3.0,1953.0,0.0
9500000.0,3.0,1250.0,0.0
26800000.0,3.0,1700.0,1.0
6800000.0,3.0,755.0,1.0
6800000.0,1.0,650.0,0.0
29800000.0,3.0,1800.0,1.0
31000000.0,3.0,1600.0,1.0
55000000.0,4.0,2200.0,0.0
30000000.0,3.0,1350.0,1.0
32500000.0,5.0,1800.0,0.0
1950000.0,1.0,400.0,1.0
5000000.0,2.0,1080.0,0.0
31500000.0,3.0,1800.0,1.0
26500000.0,4.0,2200.0,1.0
17400000.0,3.0,1250.0,1.0
8800000.0,3.0,850.0,1.0
9800000.0,3.0,1200.0,1.0
9399000.0,3.0,1300.0,1.0
35500000.0,3.0,1800.0,0.0
30000000.0,3.0,1700.0,1.0
27000000.0,3.0,1850.0,1.0
130000000.0,4.0,4950.0,1.0
85500000.0,4.0,2700.0,1.0
97500000.0,4.0,2700.0,1.0
45000000.0,4.0,2500.0,1.0
37500000.0,4.0,2400.0,1.0
23500000.0,3.0,1700.0,1.0
41100000.0,3.0,2000.0,1.0
42500000.0,5.0,2700.0,1.0
14000000.0,4.0,1800.0,1.0
25000000.0,3.0,1600.0,0.0
30000000.0,3.0,2300.0,0.0
28500000.0,3.0,1700.0,1.0
17600000.0,3.0,1100.0,1.0
27500000.0,3.0,1700.0,0.0
12500000.0,3.0,700.0,1.0
36000000.0,3.0,1800.0,1.0
57500000.0,3.0,1800.0,0.0
120000000.0,4.0,4500.0,0.0
130000000.0,4.0,5850.0,0.0
75000000.0,4.0,4500.0,0.0
80000000.0,4.0,2700.0,0.0
60000000.0,3.0,1800.0,0.0
110000000.0,4.0,2700.0,0.0
65000000.0,4.0,4500.0,0.0
90000000.0,4.0,2700.0,1.0
38500000.0,4.0,2300.0,1.0
17500000.0,4.0,1450.0,1.0
18200000.0,4.0,1400.0,1.0
22200000.000000004,4.0,1500.0,1.0
30000000.0,3.0,1700.0,1.0
21000000.0,2.0,1350.0,0.0
8500000.0,3.0,1300.0,1.0
32500000.0,5.0,1700.0,0.0
105000000.0,4.0,3600.0,1.0
12200000.0,3.0,1100.0,1.0
10000000.0,3.0,950.0,1.0
10500000.0,3.0,950.0,1.0
29500000.0,3.0,1850.0,1.0
47000000.0,4.0,3600.0,1.0
31500000.0,3.0,1900.0,0.0
17500000.0,3.0,1250.0,0.0
29800000.0,3.0,1800.0,1.0
9900000.0,3.0,1150.0,0.0
26500000.0,3.0,1800.0,1.0
33100000.0,4.0,2200.0,1.0
9500000.0,3.0,600.0,0.0
9300000.0,3.0,600.0,0.0
35000000.0,3.0,2200.0,1.0
25800000.0,3.0,1700.0,1.0
17500000.0,4.0,1450.0,1.0
17500000.0,4.0,1450.0,1.0
25000000.0,4.0,1600.0,1.0
27000000.0,4.0,1600.0,1.0
18200000.0,4.0,1500.0,1.0
15800000.0,3.0,1100.0,1.0
16000000.0,3.0,1000.0,1.0
15000000.0,3.0,1000.0,1.0
12000000.0,3.0,900.0,1.0
25000000.0,4.0,1600.0,1.0
12700000.0,3.0,950.0,1.0
12500000.0,3.0,950.0,1.0
8200000.0,3.0,800.0,1.0
15000000.0,3.0,950.0,1.0
12500000.0,3.0,950.0,1.0
8300000.0,3.0,900.0,1.0
9500000.0,3.0,3150.0,1.0
13500000.0,3.0,1800.0,1.0
240000000.0,4.0,10000.0,1.0
8500000.0,3.0,800.0,1.0
28000000.0,3.0,1800.0,1.0
31000000.0,3.0,1600.0,1.0
45000000.0,3.0,2200.0,1.0
24200000.0,3.0,1600.0,1.0
13000000.0,3.0,1000.0,1.0
17500000.0,4.0,1400.0,1.0
8200000.0,3.0,800.0,1.0
8500000.0,3.0,800.0,1.0
12500000.0,3.0,1000.0,1.0
10500000.0,3.0,1000.0,1.0
11000000.0,3.0,1000.0,1.0
8300000.0,3.0,800.0,1.0
14000000.0,3.0,1100.0,1.0
8200000.0,3.0,800.0,1.0
12500000.0,3.0,950.0,1.0
12000000.0,3.0,950.0,1.0
85000000.0,5.0,4950.0,1.0
7500000.0,2.0,550.0,0.0
24000000.0,3.0,1170.0,1.0
31000000.0,4.0,2200.0,1.0
3200000.0,2.0,560.0,0.0
31000000.0,4.0,1900.0,1.0
27500000.0,3.0,1580.0,1.0
6000000.0,2.0,800.0,1.0
10000000.0,4.0,1575.0,1.0
71000000.0,4.0,2025.0,1.0
12500000.0,4.0,1215.0,0.0
9000000.0,3.0,1000.0,1.0
44000000.0,4.0,2700.0,1.0
28500000.0,3.0,1700.0,1.0
77500000.0,4.0,2699.0,1.0
125100000.0,4.0,3700.0,0.0
25500000.0,3.0,1700.0,0.0
9000000.0,3.0,1350.0,1.0
28600000.0,3.0,2250.0,0.0
10500000.0,3.0,1150.0,1.0
28500000.0,3.0,1800.0,0.0
125000000.0,4.0,4950.0,1.0
38500000.0,4.0,2400.0,1.0
55000000.0,3.0,1800.0,0.0
7500000.0,2.0,850.0,0.0
85000000.0,4.0,3800.0,1.0
24800000.0,3.0,1750.0,1.0
6500000.0,3.0,1100.0,1.0
6500000.0,3.0,1100.0,1.0
3500000.0,2.0,1100.0,1.0
6500000.0,3.0,1100.0,1.0
6500000.0,3.0,1100.0,1.0
7500000.0,3.0,700.0,1.0
87500000.0,4.0,2700.0,1.0
7500000.0,2.0,600.0,1.0
27500000.0,4.0,2000.0,1.0
34000000.0,4.0,2200.0,1.0
23000000.0,3.0,1700.0,0.0
103500000.0,4.0,2700.0,1.0
23800000.0,3.0,1700.0,1.0
23000000.0,5.0,1200.0,1.0
37500000.0,4.0,2400.0,0.0
37500000.0,4.0,2800.0,0.0
24500000.0,3.0,1700.0,0.0
28500000.0,3.0,1700.0,0.0
6500000.0,3.0,1350.0,0.0
21800000.0,5.0,1600.0,1.0
35000000.0,3.0,1710.0,0.0
25800000.0,3.0,1700.0,1.0
55000000.0,3.0,1600.0,1.0
28500000.0,3.0,1700.0,1.0
27500000.0,3.0,1700.0,0.0
3000000.0,1.0,500.0,1.0
16800000.0,3.0,900.0,1.0
17000000.0,3.0,900.0,1.0
30000000.0,4.0,1900.0,1.0
15500000.0,4.0,2250.0,1.0
2000000.0,2.0,1950.0,1.0
60000000.0,4.0,2250.0,1.0
8000000.0,3.0,850.0,1.0
12200000.0,3.0,1100.0,1.0
8500000.0,3.0,850.0,1.0
9500000.0,3.0,950.0,1.0
10000000.0,3.0,900.0,1.0
3500000.0,2.0,600.0,1.0
2400000.0,1.0,350.0,1.0
27500000.0,4.0,2450.0,0.0
83500000.0,4.0,2700.0,1.0
55000000.0,3.0,1872.0,1.0
56500000.0,3.0,1872.0,1.0
21500000.0,3.0,1550.0,1.0
9200000.0,3.0,1000.0,1.0
9200000.0,3.0,1000.0,1.0
8900000.0,3.0,900.0,1.0
9000000.0,3.0,850.0,1.0
8200000.0,3.0,850.0,1.0
7500000.0,3.0,850.0,1.0
11000000.0,3.0,900.0,1.0
9500000.0,3.0,1000.0,1.0
16500000.0,4.0,1200.0,1.0
9500000.0,3.0,850.0,1.0
28500000.0,4.0,2300.0,1.0
8800000.0,3.0,800.0,1.0
8500000.0,3.0,800.0,1.0
8500000.0,3.0,850.0,1.0
8300000.0,3.0,850.0,1.0
9000000.0,3.0,850.0,1.0
12000000.0,3.0,950.0,1.0
8600000.0,3.0,850.0,1.0
30000000.0,4.0,2350.0,1.0
28500000.0,3.0,1700.0,1.0
125000000.0,4.0,4500.0,1.0
13000000.0,2.0,900.0,1.0
25800000.0,3.0,1700.0,1.0
5500000.0,2.0,675.0,1.0
12500000.0,2.0,450.0,0.0
11500000.0,2.0,950.0,0.0
17500000.0,3.0,1125.0,1.0
8800000.0,2.0,460.0,1.0
65000000.0,4.0,2750.0,1.0
120000000.0,4.0,2300.0,1.0
32500000.0,4.0,2600.0,0.0
24000000.0,4.0,1300.0,1.0
37600000.0,4.0,2400.0,1.0
31500000.0,3.0,1700.0,1.0
35000000.0,4.0,2400.0,1.0
26000000.0,3.0,1400.0,1.0
28500000.0,3.0,1700.0,0.0
15900000.0,2.0,1200.0,1.0
21500000.0,3.0,1200.0,1.0
23500000.0,3.0,1700.0,1.0
41500000.0,4.0,2200.0,1.0
33500000.0,3.0,1900.0,1.0
25700000.0,3.0,1700.0,1.0
33000000.0,4.0,2000.0,1.0
20000000.0,4.0,3600.0,1.0
34000000.0,4.0,2200.0,0.0
36500000.0,3.0,1800.0,1.0
2650000.0,1.0,450.0,1.0
11000000.0,2.0,1080.0,1.0
21000000.0,2.0,1400.0,1.0
17000000.0,3.0,1200.0,1.0
4000000.0,2.0,550.0,0.0
38500000.0,3.0,1800.0,0.0
25500000.0,3.0,1700.0,0.0
35000000.0,4.0,2000.0,1.0
27500000.0,4.0,2200.0,1.0
26500000.0,3.0,1500.0,1.0
26900000.0,3.0,1700.0,1.0
132600000.0,4.0,3600.0,0.0
21000000.0,2.0,1550.0,1.0
33000000.0,4.0,2300.0,1.0
4500000.0,2.0,495.0,0.0
95100000.0,4.0,2800.0,0.0
130000000.0,4.0,3600.0,0.0
55199999.99999999,4.0,2200.0,1.0
45199999.99999999,5.0,3000.0,1.0
55000000.0,4.0,2200.0,1.0
25000000.0,3.0,1500.0,1.0
35900000.0,3.0,1650.0,1.0
37500000.0,4.0,2000.0,0.0
29800000.0,3.0,1700.0,1.0
28200000.0,4.0,2300.0,0.0
27500000.0,3.0,1600.0,1.0
10500000.0,3.0,1000.0,1.0
20000000.0,3.0,1550.0,0.0
15000000.0,3.0,450.0,0.0
21500000.0,3.0,1300.0,1.0
18000000.0,2.0,1100.0,1.0
22500000.0,3.0,1200.0,1.0
85100000.0,3.0,2808.0,1.0
11000000.0,2.0,1200.0,1.0
14000000.0,3.0,1000.0,1.0
6800000.0,3.0,450.0,1.0
320000000.0,4.0,10000.0,1.0
25000000.0,3.0,1700.0,1.0
14000000.0,3.0,1250.0,1.0
32500000.0,3.0,1450.0,1.0
36000000.0,3.0,1700.0,1.0
29000000.0,3.0,1200.0,1.0
65000000.0,3.0,1872.0,1.0
15100000.0,3.0,1750.0,1.0
15100000.0,3.0,1750.0,1.0
13700000.000000002,3.0,1601.0,1.0
15100000.0,3.0,1750.0,1.0
15100000.0,3.0,1750.0,1.0
29000000.0,3.0,1800.0,1.0
27300000.0,3.0,1700.0,1.0
33000000.0,4.0,2000.0,1.0
21900000.0,4.0,2500.0,0.0
8500000.0,3.0,1200.0,1.0
91000000.0,4.0,3310.0,1.0
37300000.0,4.0,2400.0,0.0
3500000.0,2.0,720.0,1.0
24400000.0,3.0,1750.0,1.0
27600000.0,3.0,1867.0,1.0
28500000.0,3.0,1500.0,1.0
7400000.0,3.0,1050.0,0.0
32500000.0,3.0,1800.0,0.0
32500000.0,4.0,2300.0,1.0
5500000.0,3.0,950.0,1.0
2100000.0,1.0,450.0,1.0
112500000.0,4.0,4500.0,1.0
8000000.0,3.0,990.0,1.0
7500000.0,3.0,1100.0,1.0
45000000.0,4.0,2250.0,1.0
4800000.0,1.0,450.0,1.0
5000000.0,1.0,430.0,1.0
4700000.0,1.0,450.0,1.0
4000000.0,1.0,450.0,1.0
4200000.0,1.0,450.0,1.0
5000000.0,1.0,450.0,1.0
5300000.0,1.0,450.0,1.0
6500000.0,1.0,450.0,1.0
15100000.0,3.0,1300.0,1.0
8500000.0,3.0,1350.0,1.0
27500000.0,3.0,1650.0,1.0
82500000.0,3.0,2385.0,1.0
16600000.0,4.0,1400.0,1.0
13799999.999999998,4.0,1400.0,0.0
7550000.0,3.0,800.0,1.0
7800000.0,3.0,850.0,1.0
6500000.0,3.0,800.0,1.0
6550000.0,3.0,800.0,1.0
15700000.0,4.0,1450.0,1.0
13799999.999999998,4.0,1400.0,1.0
4500000.0,1.0,456.0,1.0
5300000.0,1.0,450.0,1.0
35000000.0,4.0,1900.0,1.0
29000000.0,3.0,1800.0,0.0
25000000.0,3.0,1530.0,0.0
26500000.0,3.0,1700.0,0.0
29000000.0,3.0,4500.0,1.0
13000000.0,2.0,720.0,1.0
34000000.0,3.0,1900.0,1.0
24000000.0,3.0,1700.0,1.0
15100000.0,4.0,2250.0,1.0
5000000.0,1.0,450.0,1.0
12500000.0,3.0,1100.0,1.0
14500000.0,3.0,1250.0,1.0
24000000.0,3.0,1800.0,1.0
7500000.0,2.0,675.0,0.0
15000000.0,3.0,1200.0,1.0
34800000.0,4.0,2200.0,0.0
35000000.0,3.0,2450.0,1.0
12000000.0,3.0,1010.0,1.0
11500000.0,3.0,1000.0,1.0
12000000.0,2.0,1050.0,0.0
5500000.0,1.0,500.0,1.0
28000000.0,3.0,1850.0,1.0
140000000.0,4.0,4500.0,1.0
14200000.0,5.0,1650.0,1.0
36500000.0,4.0,2400.0,1.0
34000000.0,4.0,2200.0,0.0
18000000.0,3.0,1800.0,0.0
31500000.0,5.0,1650.0,1.0
25500000.0,3.0,1700.0,1.0
14500000.0,3.0,1250.0,1.0
5400000.0,2.0,900.0,1.0
6000000.0,5.0,460.0,1.0
27500000.0,3.0,1800.0,1.0
79500000.0,4.0,4000.0,1.0
110000000.0,4.0,2700.0,1.0
41100000.0,4.0,3600.0,0.0
14400000.0,2.0,1222.0,1.0
7400000.0,4.0,1200.0,1.0
17000000.0,2.0,640.0,0.0
31000000.0,3.0,1750.0,1.0
7000000.0,3.0,825.0,0.0
7500000.0,3.0,800.0,1.0
5000000.0,2.0,800.0,1.0
14000000.0,4.0,1400.0,1.0
13500000.0,4.0,1400.0,1.0
6850000.0,1.0,450.0,1.0
85000000.0,4.0,2100.0,1.0
110000000.0,4.0,2100.0,1.0
14500000.0,2.0,900.0,1.0
27500000.0,3.0,1000.0,1.0
9000000.0,3.0,1350.0,1.0
50000000.0,4.0,2000.0,0.0
27500000.0,2.0,1100.0,0.0
26000000.0,3.0,1900.0,1.0
7000000.0,2.0,450.0,1.0
9500000.0,3.0,1170.0,1.0
6000000.0,2.0,900.0,1.0
1600000.0,2.0,500.0,1.0
6000000.0,2.0,650.0,0.0
41500000.0,4.0,2200.0,1.0
46000000.0,4.0,2350.0,1.0
25000000.0,3.0,1700.0,1.0
8400000.0,3.0,850.0,0.0
9900000.0,3.0,1050.0,0.0
115500000.0,4.0,3600.0,1.0
55000000.0,4.0,3600.0,1.0
13000000.0,3.0,1000.0,1.0
33500000.0,4.0,2200.0,1.0
27900000.0,3.0,1900.0,1.0
14000000.0,4.0,1800.0,1.0
14500000.0,4.0,1800.0,1.0
14000000.0,4.0,1800.0,1.0
14000000.0,4.0,1800.0,1.0
14500000.0,3.0,1000.0,0.0
47500000.0,4.0,2700.0,1.0
25900000.0,3.0,1700.0,0.0
42800000.0,4.0,2100.0,1.0
145000000.0,4.0,4500.0,1.0
100000000.0,4.0,2700.0,1.0
135000000.0,4.0,4500.0,1.0
61000000.0,3.0,1872.0,1.0
160000000.0,4.0,4500.0,1.0
45000000.0,3.0,1800.0,1.0
2050000.0,2.0,720.0,0.0
62500000.0,3.0,2250.0,1.0
6700000.0,1.0,555.0,1.0
220000000.0,3.0,3600.0,0.0
3100000.0,2.0,720.0,1.0
15000000.0,4.0,2160.0,1.0
102500000.0,4.0,2700.0,1.0
46500000.0,3.0,2500.0,1.0
26500000.0,3.0,1500.0,1.0
27000000.0,3.0,1350.0,1.0
67500000.0,3.0,1600.0,1.0
5500000.0,2.0,744.0,0.0
34500000.0,3.0,1685.0,1.0
3000000.0,2.0,550.0,0.0
13500000.0,2.0,950.0,0.0
32500000.0,3.0,1700.0,1.0
14000000.0,4.0,1800.0,1.0
14000000.0,4.0,1800.0,1.0
7000000.0,2.0,561.0,1.0
33500000.0,4.0,1950.0,1.0
22500000.0,3.0,1150.0,1.0
32000000.0,5.0,1800.0,1.0
21000000.0,4.0,1150.0,1.0
7500000.0,2.0,800.0,1.0
27500000.0,3.0,1700.0,1.0
28000000.0,3.0,1800.0,1.0
32500000.0,3.0,2000.0,1.0
34000000.0,3.0,1800.0,1.0
28000000.0,3.0,1700.0,1.0
32500000.0,3.0,1700.0,0.0
5000000.0,2.0,900.0,1.0
8500000.0,3.0,810.0,1.0
34000000.0,4.0,2200.0,1.0
13500000.0,3.0,1150.0,1.0
5500000.0,3.0,1800.0,1.0
4000000.0,2.0,540.0,1.0
4000000.0,2.0,650.0,1.0
4000000.0,2.0,540.0,1.0
4500000.0,2.0,900.0,1.0
16299999.999999998,2.0,1000.0,1.0
15500000.0,2.0,1000.0,1.0
24800000.0,3.0,1650.0,0.0
12500000.0,3.0,550.0,1.0
34500000.0,5.0,2400.0,0.0
29000000.0,3.0,1250.0,1.0
3100000.0,2.0,650.0,1.0
15500000.0,2.0,1000.0,1.0
17000000.0,3.0,1250.0,0.0
65000000.0,3.0,1872.0,1.0
21500000.0,3.0,1500.0,0.0
46500000.0,4.0,2250.0,1.0
50000000.0,3.0,2050.0,1.0
51000000.0,5.0,3500.0,1.0
39000000.0,4.0,2600.0,1.0
34800000.0,4.0,2200.0,0.0
29000000.0,3.0,1808.0,1.0
23700000.0,3.0,1752.0,1.0
8500000.0,3.0,800.0,1.0
39500000.0,4.0,2400.0,1.0
23500000.0,3.0,1750.0,1.0
28500000.0,3.0,1600.0,1.0
52500000.0,3.0,2280.0,1.0
210000000.0,4.0,3510.0,1.0
70000000.0,3.0,2450.0,1.0
28000000.0,3.0,1700.0,1.0
15800000.0,3.0,1750.0,1.0
5600000.0,1.0,500.0,1.0
36000000.0,4.0,2430.0,1.0
16000000.0,3.0,1200.0,1.0
21900000.0,3.0,1750.0,1.0
25000000.0,3.0,1750.0,1.0
4200000.0,5.0,362.0,1.0
155000000.0,5.0,1600.0,0.0
27800000.0,3.0,1700.0,1.0
4300000.0,5.0,298.0,1.0
95000000.0,4.0,2150.0,1.0
118000000.0,4.0,2700.0,0.0
38500000.0,4.0,2000.0,0.0
15000000.0,1.0,900.0,0.0
5000000.0,2.0,600.0,1.0
3600000.0,2.0,600.0,1.0
13000000.0,3.0,1150.0,1.0
21500000.0,2.0,1750.0,1.0
29500000.0,3.0,1700.0,1.0
26500000.0,3.0,1700.0,0.0
36000000.0,4.0,2100.0,1.0
4000000.0,3.0,910.0,1.0
180000000.0,5.0,9900.0,1.0
32500000.0,4.0,2250.0,1.0
20000000.0,2.0,1250.0,1.0
30000000.0,4.0,2200.0,1.0
8500000.0,3.0,800.0,1.0
9500000.0,3.0,850.0,1.0
120000000.0,4.0,4500.0,1.0
180000000.0,8.0,4950.0,0.0
28000000.0,3.0,1450.0,1.0
32500000.0,4.0,2000.0,0.0
38000000.0,4.0,2000.0,1.0
16000000.0,5.0,2160.0,0.0
15000000.0,3.0,1350.0,1.0
10000000.0,2.0,800.0,1.0
15000000.0,3.0,1350.0,1.0
10000000.0,3.0,1100.0,1.0
10500000.0,3.0,1100.0,1.0
12000000.0,3.0,1100.0,1.0
50000000.0,3.0,1450.0,1.0
57000000.0,3.0,1450.0,1.0
28500000.0,5.0,1900.0,1.0
350000000.0,5.0,10000.0,1.0
1200000.0,3.0,225.0,0.0
28500000.0,3.0,1800.0,1.0
34900000.0,4.0,2800.0,1.0
31500000.0,3.0,1750.0,1.0
58000000.0,3.0,1872.0,1.0
6800000.0,2.0,650.0,1.0
16000000.0,3.0,1200.0,1.0
45000000.0,4.0,3600.0,1.0
7000000.0,2.0,700.0,1.0
33500000.0,5.0,2000.0,1.0
94500000.0,5.0,3030.0,1.0
15000000.0,1.0,650.0,1.0
70000000.0,3.0,2100.0,1.0
24500000.0,3.0,1650.0,1.0
27500000.0,3.0,1600.0,1.0
90000000.0,4.0,2800.0,1.0
6500000.0,2.0,650.0,1.0
32500000.0,3.0,1350.0,1.0
20700000.0,2.0,1200.0,1.0
8100000.0,3.0,850.0,1.0
9300000.0,3.0,855.0,1.0
18700000.0,4.0,1460.0,1.0
14500000.0,5.0,1650.0,1.0
22300000.0,4.0,1730.0,1.0
42000000.0,4.0,2400.0,1.0
2600000.0,3.0,400.0,0.0
26500000.0,3.0,1700.0,1.0
24000000.0,3.0,1350.0,1.0
29500000.0,3.0,1250.0,1.0
30000000.0,4.0,2250.0,1.0
29100000.0,4.0,1350.0,1.0
70000000.0,3.0,2250.0,1.0
67500000.0,3.0,2250.0,1.0
15100000.0,3.0,1750.0,1.0
9950000.0,2.0,800.0,1.0
30700000.0,3.0,1800.0,1.0
4500000.0,2.0,700.0,1.0
5500000.0,3.0,900.0,1.0
16500000.0,5.0,2050.0,0.0
36100000.0,5.0,3050.0,0.0
52500000.0,5.0,3200.0,0.0
43000000.0,3.0,1872.0,1.0
15100000.0,3.0,1750.0,1.0
4750000.0,2.0,850.0,1.0
3300000.0,2.0,720.0,1.0
25000000.0,2.0,1560.0,1.0
31500000.0,5.0,2000.0,0.0
12100000.0,3.0,1250.0,0.0
33100000.0,4.0,2450.0,0.0
33500000.0,3.0,1700.0,1.0
17500000.0,4.0,1450.0,0.0
87500000.0,4.0,2700.0,1.0
70000000.0,3.0,1872.0,0.0
85000000.0,4.0,3852.0,1.0
18500000.0,2.0,1000.0,1.0
19300000.0,2.0,1286.0,1.0
26500000.0,3.0,1700.0,0.0
19500000.0,2.0,1300.0,1.0
15800000.0,3.0,1750.0,1.0
15800000.0,3.0,1750.0,1.0
21300000.0,4.0,2545.0,1.0
15800000.0,3.0,1750.0,1.0
15100000.0,3.0,1750.0,1.0
15100000.0,3.0,1750.0,1.0
15100000.0,3.0,1750.0,1.0
32000000.0,4.0,2100.0,1.0
77500000.0,4.0,4500.0,1.0
36500000.0,5.0,2200.0,1.0
37500000.0,4.0,2200.0,1.0
15800000.0,3.0,1750.0,0.0
235000000.0,6.0,3600.0,1.0
24500000.0,3.0,1450.0,1.0
28500000.0,4.0,2200.0,1.0
51000000.0,3.0,2500.0,1.0
18500000.0,4.0,2000.0,1.0
25500000.0,3.0,1800.0,1.0
8000000.0,2.0,800.0,1.0
15800000.0,3.0,1750.0,0.0
25000000.0,3.0,1800.0,1.0
30000000.0,3.0,2000.0,1.0
14500000.0,2.0,1200.0,1.0
29800000.0,3.0,1800.0,1.0
3800000.0,2.0,480.0,0.0
17500000.0,4.0,1500.0,1.0
14500000.0,3.0,1200.0,1.0
20000000.0,4.0,1600.0,1.0
65000000.0,3.0,1800.0,0.0
23000000.0,2.0,1400.0,1.0
4100000.0,1.0,630.0,0.0
2650000.0,2.0,550.0,1.0
3000000.0,1.0,365.0,1.0
99000000.0,5.0,2880.0,1.0
6900000.0,2.0,650.0,1.0
15000000.0,3.0,1200.0,1.0
42000000.0,4.0,2600.0,1.0
38000000.0,4.0,2400.0,0.0
8500000.0,3.0,450.0,1.0
31500000.0,6.0,3010.0,0.0
24900000.000000004,3.0,1800.0,0.0
32500000.0,3.0,1900.0,1.0
17100000.0,4.0,1450.0,0.0
160000000.0,4.0,2925.0,1.0
33000000.0,3.0,1350.0,1.0
13000000.0,3.0,1800.0,1.0
31000000.0,3.0,2200.0,0.0
9000000.0,3.0,1170.0,1.0
27500000.0,5.0,2000.0,0.0
7500000.0,3.0,850.0,0.0
25000000.0,3.0,1620.0,1.0
32500000.0,3.0,2100.0,1.0
15500000.0,2.0,1000.0,1.0
26500000.0,3.0,1700.0,1.0
16000000.0,4.0,1450.0,1.0
11000000.0,3.0,1000.0,1.0
5000000.0,2.0,675.0,1.0
4500000.0,3.0,900.0,1.0
20500000.0,2.0,1200.0,0.0
83000000.0,5.0,1206.0,1.0
87000000.0,4.0,2900.0,0.0
28500000.0,4.0,1700.0,0.0
23500000.0,3.0,1700.0,1.0
230000000.0,3.0,8748.0,1.0
50000000.0,4.0,3600.0,1.0
28400000.0,3.0,1750.0,0.0
28000000.0,4.0,2250.0,1.0
2850000.0,2.0,450.0,0.0
32500000.0,4.0,2005.0,1.0
16000000.0,2.0,1100.0,1.0
29500000.0,3.0,1800.0,0.0
32500000.0,3.0,2000.0,1.0
28000000.0,4.0,2200.0,1.0
26000000.0,3.0,1700.0,0.0
32500000.0,5.0,1900.0,1.0
30000000.0,4.0,2450.0,1.0
2500000.0,1.0,600.0,0.0
3000000.0,1.0,500.0,1.0
3100000.0,1.0,500.0,1.0
3000000.0,1.0,500.0,1.0
2950000.0,1.0,500.0,1.0
2900000.0,1.0,500.0,1.0
37000000.0,4.0,1900.0,1.0
38800000.0,4.0,2600.0,1.0
9000000.0,3.0,1350.0,0.0
27000000.0,4.0,1600.0,1.0
13799999.999999998,3.0,900.0,1.0
14000000.0,3.0,900.0,1.0
42000000.0,4.0,2600.0,0.0
42500000.0,4.0,2600.0,0.0
8800000.0,3.0,850.0,0.0
14500000.0,3.0,1100.0,1.0
55000000.0,5.0,3500.0,0.0
25100000.0,4.0,2450.0,0.0
23500000.0,4.0,2450.0,0.0
34000000.0,4.0,2400.0,0.0
7900000.0,3.0,845.0,1.0
9900000.0,2.0,800.0,1.0
8500000.0,3.0,1200.0,1.0
9900000.0,2.0,800.0,1.0
9900000.0,2.0,800.0,1.0
35000000.0,3.0,1500.0,0.0
28000000.0,3.0,1800.0,1.0
28500000.0,3.0,1400.0,0.0
120000000.0,4.0,5000.0,1.0
4500000.0,3.0,950.0,1.0
4600000.0,3.0,990.0,1.0
14500000.0,3.0,1250.0,1.0
55000000.0,3.0,1620.0,1.0
6000000.0,2.0,770.0,0.0
35500000.0,4.0,2200.0,1.0
6900000.0,2.0,650.0,1.0
18000000.0,3.0,1100.0,0.0
32500000.0,3.0,1700.0,1.0
13500000.0,3.0,1100.0,1.0
11000000.0,3.0,1250.0,1.0
12000000.0,3.0,750.0,1.0
65000000.0,4.0,2500.0,1.0
3500000.0,2.0,750.0,0.0
132500000.0,3.0,2700.0,1.0
28500000.0,3.0,1800.0,1.0
25000000.0,3.0,1400.0,1.0
12500000.0,3.0,1350.0,0.0
14500000.0,3.0,950.0,1.0
12000000.0,3.0,1000.0,1.0
18500000.0,4.0,1500.0,1.0
11500000.0,3.0,950.0,1.0
13799999.999999998,3.0,900.0,1.0
14500000.0,3.0,1100.0,1.0
7200000.0,2.0,700.0,1.0
7500000.0,2.0,700.0,1.0
20000000.0,4.0,1550.0,1.0
15600000.0,3.0,1250.0,1.0
37500000.0,4.0,2300.0,1.0
37500000.0,4.0,2300.0,1.0
13799999.999999998,3.0,1100.0,1.0
13799999.999999998,3.0,1100.0,1.0
14000000.0,3.0,1100.0,1.0
7800000.0,2.0,750.0,1.0
22000000.0,4.0,1500.0,1.0
22500000.0,4.0,1500.0,1.0
7500000.0,2.0,650.0,1.0
7800000.0,2.0,750.0,1.0
11200000.000000002,3.0,950.0,1.0
11000000.0,3.0,1000.0,1.0
13500000.0,3.0,1150.0,1.0
8200000.0,3.0,800.0,1.0
14500000.0,3.0,1100.0,1.0
11000000.0,3.0,1000.0,1.0
13500000.0,3.0,1150.0,1.0
25000000.0,3.0,1800.0,0.0
25000000.0,3.0,1700.0,0.0
23000000.0,3.0,1600.0,0.0
8800000.0,3.0,865.0,1.0
15800000.0,3.0,1200.0,1.0
32500000.0,3.0,1800.0,1.0
30000000.0,3.0,1125.0,1.0
25000000.0,3.0,1800.0,1.0
15000000.0,3.0,1100.0,1.0
105000000.0,4.0,2500.0,1.0
8000000.0,3.0,900.0,0.0
3500000.0,2.0,450.0,0.0
15100000.0,3.0,1260.0,1.0
16900000.0,4.0,1480.0,1.0
23500000.0,3.0,1700.0,1.0
48500000.0,3.0,1800.0,0.0
13000000.0,3.0,1250.0,1.0
27000000.0,4.0,2200.0,1.0
9000000.0,3.0,900.0,1.0
8000000.0,3.0,850.0,1.0
55000000.0,4.0,2500.0,1.0
3200000.0,2.0,800.0,1.0
155000000.0,4.0,2700.0,1.0
182500000.0,4.0,8000.0,0.0
32000000.0,3.0,1800.0,1.0
23800000.0,3.0,2100.0,1.0
8500000.0,3.0,900.0,1.0
13000000.0,5.0,1500.0,1.0
17000000.0,4.0,1500.0,1.0
4500000.0,2.0,490.0,1.0
7000000.0,3.0,1125.0,1.0
99000000.0,4.0,2700.0,1.0
25500000.0,4.0,2300.0,0.0
33500000.0,5.0,3600.0,1.0
6000000.0,2.0,450.0,1.0
125000000.0,4.0,3800.0,1.0
105000000.0,4.0,2700.0,1.0
7012000.0,3.0,1080.0,1.0
55000000.0,3.0,1850.0,1.0
60000000.0,3.0,1872.0,1.0
29500000.0,4.0,2200.0,1.0
28500000.0,3.0,1350.0,1.0
25500000.0,2.0,1600.0,1.0
7800000.0,3.0,800.0,1.0
7500000.0,4.0,1400.0,1.0
3600000.0,2.0,650.0,1.0
600000000.0,3.0,1400.0,0.0
8000000.0,3.0,1000.0,1.0
18000000.0,3.0,1300.0,0.0
23500000.0,3.0,1250.0,0.0
27500000.0,3.0,1700.0,0.0
16000000.0,3.0,900.0,1.0
5600000.0,3.0,360.0,1.0
22000000.0,3.0,1700.0,0.0
42500000.0,4.0,2400.0,1.0
7500000.0,3.0,1350.0,1.0
6200000.0,2.0,650.0,1.0
25000000.0,3.0,1350.0,1.0
19200000.0,2.0,1250.0,0.0
8000000.0,3.0,810.0,0.0
26000000.0,3.0,2000.0,1.0
19000000.0,4.0,1450.0,0.0
33000000.0,4.0,2000.0,1.0
7500000.0,3.0,675.0,1.0
9500000.0,3.0,675.0,1.0
7500000.0,3.0,675.0,1.0
4500000.0,2.0,450.0,1.0
8500000.0,2.0,720.0,1.0
30000000.0,4.0,2200.0,1.0
9000000.0,3.0,900.0,1.0
67000000.0,3.0,1872.0,1.0
2750000.0,1.0,450.0,1.0
53500000.0,3.0,1800.0,1.0
17000000.0,3.0,1350.0,0.0
10000000.0,2.0,800.0,0.0
20500000.0,2.0,1312.0,1.0
25500000.0,2.0,1289.0,1.0
29000000.0,3.0,1800.0,1.0
31000000.0,3.0,1900.0,0.0
7600000.0,3.0,1080.0,1.0
11500000.0,3.0,1350.0,0.0
57500000.0,3.0,1872.0,0.0
160000000.0,4.0,2500.0,1.0
320000000.0,4.0,9000.0,1.0
17000000.0,2.0,1050.0,0.0
17500000.0,3.0,1200.0,1.0
43500000.0,4.0,2500.0,0.0
15000000.0,3.0,1440.0,1.0
38000000.0,4.0,2300.0,1.0
16500000.0,3.0,1100.0,1.0
25000000.0,4.0,1400.0,1.0
80000000.0,6.0,6000.0,1.0
10000000.0,3.0,800.0,1.0
37800000.0,5.0,2300.0,0.0
400000000.0,5.0,23400.0,0.0
25000000.0,3.0,1350.0,1.0
33000000.0,4.0,1820.0,1.0
100000000.0,3.0,2250.0,1.0
60000000.0,3.0,1872.0,0.0
3000000.0,1.0,450.0,0.0
12500000.0,2.0,900.0,1.0
45000000.0,3.0,2000.0,1.0
31500000.0,4.0,2000.0,1.0
10500000.0,3.0,1400.0,1.0
42500000.0,3.0,1665.0,0.0
8500000.0,2.0,900.0,1.0
75000000.0,4.0,2150.0,1.0
7500000.0,2.0,810.0,1.0
11000000.0,2.0,850.0,0.0
32500000.0,3.0,1800.0,1.0
45000000.0,4.0,2100.0,0.0
16000000.0,3.0,1250.0,0.0
13000000.0,3.0,1000.0,1.0
27000000.0,5.0,1600.0,0.0
25000000.0,3.0,1600.0,0.0
32500000.0,4.0,2200.0,1.0
25000000.0,3.0,1350.0,1.0
35100000.0,4.0,2400.0,1.0
10100000.0,3.0,1000.0,0.0
34000000.0,4.0,2200.0,1.0
3200000.0,2.0,540.0,0.0
27000000.0,4.0,2000.0,1.0
30000000.0,4.0,2100.0,1.0
21800000.0,4.0,2500.0,1.0
28000000.0,3.0,1800.0,1.0
22500000.0,3.0,1900.0,1.0
26500000.0,4.0,2250.0,1.0
32500000.0,4.0,2250.0,1.0
27500000.0,3.0,1850.0,1.0
29000000.0,3.0,1900.0,1.0
23500000.0,4.0,1900.0,1.0
26000000.0,3.0,1850.0,1.0
29000000.0,4.0,2250.0,1.0
9000000.0,3.0,1350.0,1.0
16500000.0,2.0,1100.0,1.0
4300000.0,2.0,298.0,0.0
31000000.0,4.0,2520.0,1.0
46500000.0,3.0,2000.0,0.0
28000000.0,3.0,1900.0,1.0
10000000.0,3.0,830.0,1.0
23500000.0,2.0,1350.0,1.0
24500000.0,2.0,1350.0,1.0
35000000.0,4.0,2200.0,1.0
29000000.0,3.0,1350.0,0.0
80000000.0,8.0,6660.0,0.0
120000000.0,10.0,1800.0,0.0
37500000.0,4.0,2600.0,0.0
57000000.0,3.0,1872.0,1.0
14500000.0,3.0,1250.0,1.0
14500000.0,3.0,1250.0,1.0
14500000.0,3.0,1250.0,1.0
25800000.0,3.0,1700.0,0.0
17800000.0,4.0,1400.0,0.0
20500000.0,2.0,1352.0,1.0
32500000.0,3.0,1800.0,1.0
18000000.0,2.0,1400.0,0.0
3870000.0000000005,2.0,676.0,1.0
3496000.0,2.0,663.0,1.0
3499000.0,2.0,664.0,1.0
4900000.0,2.0,882.0,1.0
7000000.0,3.0,1260.0,1.0
10000000.0,4.0,1800.0,1.0
3642000.0,2.0,675.0,1.0
2600000.0,2.0,449.0,1.0
3500000.0,2.0,630.0,1.0
3495000.0000000005,2.0,629.0,1.0
4300000.0,2.0,773.0,1.0
6500000.0,3.0,1170.0,1.0
9999000.0,4.0,1800.0,1.0
12000000.0,3.0,950.0,1.0
35500000.0,2.0,1730.0,1.0
16000000.0,2.0,1100.0,1.0
14000000.0,4.0,1400.0,1.0
9500000.0,4.0,1512.0,0.0
9000000.0,3.0,1125.0,1.0
50000000.0,4.0,2100.0,1.0
15000000.0,5.0,1400.0,0.0
9800000.0,3.0,950.0,1.0
7800000.0,3.0,800.0,1.0
7800000.0,3.0,800.0,1.0
8800000.0,3.0,850.0,1.0
8500000.0,3.0,850.0,1.0
7500000.0,3.0,850.0,1.0
8000000.0,3.0,850.0,1.0
8300000.0,3.0,850.0,1.0
9500000.0,3.0,900.0,1.0
9500000.0,3.0,900.0,1.0
45000000.0,3.0,1800.0,1.0
55000000.0,3.0,1620.0,0.0
13500000.0,3.0,970.0,1.0
8500000.0,3.0,800.0,1.0
42000000.0,4.0,2200.0,1.0
9100000.0,3.0,1100.0,0.0
8800000.0,3.0,860.0,0.0
12700000.0,5.0,1550.0,0.0
11000000.0,3.0,1010.0,0.0
10100000.0,3.0,970.0,0.0
22500000.0,4.0,2050.0,0.0
15500000.0,3.0,1325.0,0.0
26000000.0,4.0,2400.0,1.0
12500000.0,3.0,1250.0,1.0
2800000.0,2.0,540.0,1.0
2400000.0,1.0,450.0,0.0
5300000.0,1.0,423.0,1.0
5000000.0,2.0,855.0,1.0
5500000.0,2.0,700.0,1.0
1800000.0,1.0,550.0,0.0
26500000.0,4.0,2100.0,1.0
120000000.0,4.0,2700.0,1.0
87500000.0,4.0,2700.0,1.0
25600000.0,3.0,1600.0,1.0
75000000.0,3.0,2300.0,0.0
50000000.0,4.0,2700.0,0.0
13000000.0,3.0,1128.0,0.0
6000000.0,2.0,558.0,0.0
30000000.0,3.0,1600.0,1.0
110000000.0,4.0,2700.0,1.0
90000000.0,4.0,2700.0,1.0
37000000.0,4.0,2800.0,1.0
12400000.0,3.0,1305.0,1.0
15100000.0,4.0,1470.0,1.0
11000000.0,2.0,1050.0,1.0
3650000.0,2.0,550.0,1.0
16000000.0,2.0,1295.0,1.0
29800000.0,3.0,1850.0,1.0
7500000.0,3.0,900.0,1.0
6000000.0,3.0,900.0,1.0
6500000.0,3.0,900.0,1.0
8200000.0,4.0,1200.0,1.0
5850000.0,3.0,810.0,1.0
3700000.0,2.0,600.0,1.0
3300000.0,2.0,550.0,1.0
4988000.0,3.0,800.0,1.0
3315000.0,2.0,600.0,1.0
5765000.0,3.0,810.0,1.0
5900000.0,3.0,800.0,1.0
4900000.0,3.0,900.0,1.0
2650000.0,2.0,550.0,1.0
7000000.0,3.0,1000.0,1.0
7600000.0,3.0,1000.0,1.0
57500000.0,3.0,1700.0,1.0
300000000.0,4.0,7200.0,1.0
59000000.0,3.0,1872.0,0.0
7800000.0,2.0,675.0,0.0
10000000.0,5.0,900.0,1.0
155000000.0,4.0,5500.0,1.0
30000000.0,3.0,1988.0,1.0
25000000.0,3.0,1500.0,0.0
9100000.0,3.0,1300.0,1.0
39500000.0,3.0,2200.0,1.0
260000000.0,3.0,4050.0,0.0
28200000.0,3.0,1700.0,0.0
25800000.0,3.0,1800.0,1.0
12000000.0,2.0,1050.0,1.0
40000000.0,3.0,1600.0,0.0
35500000.0,2.0,1730.0,1.0
180000000.0,6.0,13500.0,1.0
15000000.0,4.0,2250.0,0.0
4500000.0,1.0,350.0,1.0
27500000.0,3.0,1700.0,1.0
9300000.0,3.0,900.0,0.0
65000000.0,3.0,1872.0,0.0
7500000.0,2.0,540.0,1.0
39900000.0,4.0,2400.0,0.0
36500000.0,3.0,1700.0,1.0
17100000.0,5.0,1400.0,1.0
30500000.0,3.0,1125.0,1.0
70000000.0,3.0,1800.0,1.0
17000000.0,4.0,2070.0,0.0
16000000.0,4.0,2070.0,1.0
41100000.0,4.0,3600.0,1.0
27900000.0,5.0,1750.0,1.0
27500000.0,5.0,1800.0,1.0
24800000.0,3.0,1800.0,1.0
18000000.0,4.0,1500.0,1.0
13000000.0,3.0,1200.0,1.0
33000000.0,3.0,1800.0,1.0
35000000.0,3.0,1500.0,0.0
20000000.0,3.0,1206.0,1.0
33500000.0,4.0,1800.0,1.0
5700000.0,2.0,800.0,0.0
36000000.0,4.0,2350.0,1.0
5500000.0,2.0,730.0,1.0
11000000.0,4.0,1410.0,1.0
10000000.0,5.0,850.0,1.0
14000000.0,4.0,1500.0,1.0
7851000.000000001,4.0,1600.0,1.0
31000000.0,4.0,2300.0,0.0
28500000.0,3.0,1440.0,1.0
26000000.0,3.0,1700.0,0.0
58000000.0,3.0,1550.0,1.0
20000000.0,2.0,1300.0,1.0
16500000.0,2.0,1400.0,1.0
23000000.0,3.0,1600.0,1.0
2500000.0,2.0,450.0,1.0
62500000.0,4.0,2300.0,0.0
17000000.0,4.0,1500.0,1.0
55000000.0,3.0,1700.0,1.0
36000000.0,3.0,1500.0,0.0
1750000.0,1.0,400.0,1.0
5000000.0,2.0,450.0,1.0
7900000.0,3.0,800.0,1.0
9900000.0,2.0,800.0,1.0
180000000.0,4.0,8200.0,0.0
301100000.0,4.0,10000.0,0.0
22500000.0,3.0,1125.0,1.0
45000000.0,3.0,1850.0,1.0
80000000.0,3.0,1665.0,0.0
27000000.0,3.0,1500.0,0.0
14000000.0,3.0,1200.0,1.0
14000000.0,4.0,1350.0,1.0
7500000.0,2.0,450.0,1.0
4500000.0,2.0,540.0,1.0
17000000.0,3.0,900.0,1.0
26000000.0,4.0,1800.0,1.0
26000000.0,4.0,1800.0,1.0
5000000.0,2.0,450.0,0.0
6500000.0,2.0,450.0,1.0
11600000.0,3.0,900.0,1.0
6000000.0,2.0,450.0,1.0
7500000.0,3.0,900.0,1.0
7500000.0,3.0,675.0,1.0
7500000.0,3.0,675.0,1.0
35000000.0,3.0,1800.0,1.0
34200000.0,4.0,2200.0,1.0
33900000.0,4.0,1800.0,1.0
11299999.999999998,2.0,720.0,1.0
36000000.0,4.0,2350.0,1.0
20000000.0,2.0,1200.0,1.0
31000000.0,3.0,1125.0,0.0
44500000.0,4.0,2500.0,1.0
16500000.0,3.0,1350.0,1.0
8900000.0,5.0,450.0,1.0
22500000.0,3.0,1125.0,0.0
16000000.0,3.0,1440.0,1.0
17500000.0,4.0,1450.0,0.0
13500000.0,3.0,950.0,1.0
13500000.0,3.0,1000.0,1.0
13700000.000000002,3.0,950.0,1.0
25000000.0,3.0,1800.0,1.0
7200000.0,2.0,550.0,0.0
22500000.0,2.0,1200.0,1.0
16500000.0,4.0,1460.0,0.0
8000000.0,3.0,1125.0,1.0
29500000.0,3.0,1450.0,1.0
180000000.0,4.0,8100.0,0.0
30000000.0,4.0,2500.0,1.0
10000000.0,3.0,900.0,1.0
11000000.0,3.0,900.0,1.0
10000000.0,3.0,828.0,1.0
50000000.0,4.0,2025.0,1.0
8600000.0,3.0,1500.0,1.0
8650000.0,3.0,1550.0,1.0
8500000.0,3.0,1500.0,1.0
7500000.0,5.0,1125.0,0.0
36500000.0,4.0,2350.0,1.0
42500000.0,5.0,720.0,1.0
22500000.0,3.0,1600.0,1.0
14500000.0,2.0,800.0,1.0
8500000.0,3.0,1350.0,1.0
55000000.0,3.0,2250.0,0.0
12500000.0,2.0,800.0,0.0
1000000.0,3.0,250.0,1.0
7800000.0,2.0,720.0,1.0
7500000.0,2.0,720.0,1.0
65000000.0,3.0,1633.0,1.0
32000000.0,4.0,2000.0,0.0
190000000.0,4.0,7400.0,0.0
35500000.0,4.0,2200.0,1.0
37500000.0,4.0,2000.0,1.0
50000000.0,3.0,2200.0,1.0
6000000.0,3.0,900.0,0.0
35000000.0,3.0,1800.0,1.0
10000000.0,3.0,1337.0,1.0
15800000.0,3.0,1750.0,0.0
21800000.0,4.0,2500.0,0.0
41000000.0,4.0,2200.0,1.0
7000000.0,2.0,1000.0,1.0
41000000.0,4.0,2200.0,1.0
8000000.0,3.0,890.0,1.0
32500000.0,3.0,1800.0,1.0
39900000.0,3.0,1700.0,0.0
6000000.0,2.0,675.0,1.0
87500000.0,4.0,2700.0,0.0
47500000.0,4.0,2500.0,0.0
75000000.0,5.0,3150.0,1.0
36500000.0,4.0,2100.0,0.0
87500000.0,4.0,3000.0,0.0
25000000.0,2.0,1350.0,1.0
170000000.0,4.0,3690.0,0.0
15800000.0,3.0,1750.0,0.0
15500000.0,4.0,2250.0,1.0
52500000.0,3.0,1962.0,1.0
14000000.0,3.0,1100.0,1.0
14500000.0,3.0,1250.0,0.0
15000000.0,3.0,1600.0,1.0
3500000.0,2.0,650.0,1.0
3600000.0,2.0,650.0,1.0
65000000.0,3.0,1800.0,1.0
35000000.0,3.0,1750.0,0.0
28000000.0,5.0,1900.0,1.0
15500000.0,2.0,1150.0,0.0
225000000.0,3.0,3375.0,1.0
9500000.0,3.0,675.0,1.0
26000000.0,3.0,1550.0,1.0
12000000.0,3.0,850.0,1.0
23500000.0,4.0,2250.0,1.0
45000000.0,4.0,2250.0,1.0
25700000.0,3.0,1800.0,1.0
42500000.0,4.0,2400.0,1.0
54900000.0,3.0,1773.0,1.0
70000000.0,4.0,4500.0,1.0
11100000.000000002,3.0,1240.0,1.0
9500000.0,4.0,1200.0,1.0
15800000.0,3.0,960.0,1.0
4000000.0,2.0,435.0,1.0
24900000.000000004,4.0,2450.0,0.0
35500000.0,4.0,2300.0,1.0
25800000.0,3.0,1900.0,1.0
25000000.0,3.0,1900.0,1.0
2700000.0,2.0,600.0,1.0
13000000.0,4.0,1500.0,1.0
14500000.0,4.0,1500.0,1.0
15800000.0,3.0,1750.0,0.0
13500000.0,3.0,900.0,1.0
5200000.0,2.0,450.0,1.0
680000000.0,6.0,15000.0,0.0
27000000.0,3.0,1800.0,1.0
35000000.0,4.0,2925.0,1.0
31000000.0,3.0,1700.0,0.0
16000000.0,2.0,1310.0,0.0
8500000.0,2.0,675.0,1.0
7000000.0,2.0,675.0,1.0
5500000.0,2.0,450.0,0.0
7000000.0,2.0,675.0,1.0
9000000.0,2.0,720.0,1.0
13000000.0,3.0,900.0,1.0
6000000.0,2.0,450.0,1.0
7000000.0,2.0,540.0,1.0
13000000.0,3.0,900.0,1.0
6500000.0,2.0,675.0,1.0
8800000.0,3.0,800.0,0.0
6100000.0,2.0,810.0,0.0
18000000.0,3.0,1250.0,1.0
17500000.0,4.0,1450.0,1.0
15800000.0,3.0,1225.0,1.0
14500000.0,3.0,1250.0,1.0
37500000.0,4.0,2000.0,0.0
15100000.0,3.0,1750.0,0.0
15800000.0,3.0,1750.0,0.0
8500000.0,3.0,630.0,1.0
8700000.0,3.0,675.0,1.0
13000000.0,2.0,950.0,0.0
21000000.0,4.0,1600.0,1.0
24500000.0,4.0,1600.0,1.0
23000000.0,4.0,1600.0,1.0
18000000.0,4.0,1400.0,1.0
13400000.0,3.0,950.0,1.0
12900000.0,3.0,950.0,1.0
10000000.0,3.0,1250.0,1.0
11500000.0,3.0,1300.0,1.0
25000000.0,3.0,1850.0,0.0
25800000.0,3.0,1700.0,1.0
55000000.0,3.0,1872.0,0.0
54500000.0,3.0,1900.0,1.0
54500000.0,3.0,1900.0,1.0
95000000.0,5.0,2700.0,1.0
52500000.0,3.0,1800.0,1.0
57500000.0,4.0,2700.0,1.0
8000000.0,2.0,850.0,0.0
9800000.0,2.0,1050.0,1.0
6500000.0,3.0,890.0,1.0
2100000.0,3.0,585.0,0.0
14000000.0,3.0,1000.0,1.0
19000000.0,2.0,1200.0,0.0
14000000.0,5.0,1600.0,1.0
9455000.0,3.0,1300.0,1.0
21200000.0,4.0,2500.0,0.0
15800000.0,3.0,1750.0,0.0
21800000.0,4.0,2500.0,0.0
15100000.0,3.0,1750.0,0.0
15100000.0,3.0,1750.0,0.0
13700000.000000002,3.0,1600.0,0.0
28500000.0,3.0,1800.0,1.0
19000000.0,3.0,1400.0,0.0
26000000.0,3.0,1350.0,1.0
270000000.0,4.0,10000.0,0.0
100000000.0,6.0,3600.0,1.0
3500000.0,2.0,500.0,0.0
52500000.0,5.0,2888.0,0.0
24000000.0,5.0,1430.0,0.0
50000000.0,4.0,2376.0,1.0
22000000.0,3.0,1140.0,1.0
60000000.0,4.0,2700.0,1.0
62500000.0,4.0,2700.0,1.0
40000000.0,3.0,1800.0,1.0
3000000.0,1.0,450.0,1.0
32500000.0,4.0,2340.0,1.0
31000000.0,6.0,3000.0,1.0
8500000.0,2.0,800.0,1.0
11000000.0,3.0,1350.0,1.0
1800000.0,1.0,340.0,0.0
9500000.0,3.0,1000.0,0.0
11000000.0,2.0,750.0,1.0
26000000.0,4.0,1800.0,0.0
55000000.0,4.0,2700.0,1.0
42500000.0,4.0,3600.0,1.0
38000000.0,4.0,2300.0,1.0
34500000.0,4.0,2000.0,1.0
26500000.0,3.0,1800.0,1.0
42500000.0,5.0,2600.0,1.0
39000000.0,4.0,2800.0,1.0
4200000.0,2.0,450.0,0.0
8000000.0,3.0,900.0,0.0
7000000.0,2.0,540.0,1.0
13500000.0,1.0,600.0,0.0
27500000.0,3.0,1800.0,1.0
285000000.0,4.0,4200.0,1.0
42500000.0,4.0,2400.0,1.0
237500000.0,4.0,4500.0,1.0
5500000.0,2.0,540.0,1.0
6100000.0,2.0,900.0,1.0
23000000.0,3.0,1400.0,1.0
55000000.0,5.0,6700.0,1.0
30500000.0,4.0,2400.0,0.0
25500000.0,3.0,1800.0,0.0
27000000.0,3.0,1900.0,0.0
37500000.0,4.0,2200.0,0.0
27000000.0,3.0,1850.0,0.0
38500000.0,4.0,2200.0,0.0
34000000.0,4.0,2000.0,1.0
5454000.0,2.0,650.0,1.0
26000000.0,3.0,1900.0,1.0
28000000.0,2.0,1200.0,0.0
7000000.0,3.0,360.0,0.0
21000000.0,3.0,1625.0,1.0
25500000.0,3.0,1560.0,0.0
21000000.0,2.0,1308.0,0.0
7000000.0,2.0,400.0,0.0
13500000.0,3.0,900.0,1.0
22500000.0,2.0,1200.0,0.0
22000000.0,6.0,2100.0,1.0
650000000.0,4.0,10000.0,1.0
15500000.0,3.0,1100.0,0.0
3050000.0,2.0,540.0,0.0
3200000.0,2.0,585.0,0.0
35100000.0,3.0,1800.0,1.0
45000000.0,4.0,2700.0,1.0
62500000.0,4.0,2700.0,1.0
39000000.0,4.0,2100.0,0.0
17500000.0,3.0,1100.0,1.0
17500000.0,4.0,600.0,0.0
24600000.0,3.0,1690.0,1.0
31000000.0,6.0,3200.0,1.0
26500000.0,3.0,1400.0,0.0
110000000.0,4.0,2600.0,1.0
20000000.0,3.0,1540.0,1.0
6500000.0,3.0,850.0,0.0
25000000.0,3.0,1600.0,0.0
80000000.0,4.0,2700.0,0.0
70000000.0,4.0,2700.0,1.0
46000000.0,4.0,2250.0,1.0
48000000.0,4.0,2700.0,1.0
21500000.0,2.0,1200.0,1.0
34000000.0,5.0,2100.0,1.0
28500000.0,3.0,1900.0,1.0
7000000.0,3.0,895.0,1.0
32500000.0,3.0,2000.0,1.0
4500000.0,2.0,760.0,0.0
52500000.0,4.0,2200.0,0.0
35500000.0,3.0,1800.0,1.0
28000000.0,3.0,1350.0,1.0
45000000.0,4.0,2250.0,1.0
80000000.0,4.0,3200.0,1.0
24000000.0,3.0,1750.0,1.0
21700000.0,3.0,1600.0,0.0
25000000.0,5.0,1600.0,1.0
14500000.0,2.0,900.0,1.0
5000000.0,2.0,450.0,0.0
13000000.0,3.0,910.0,1.0
4000000.0,2.0,450.0,0.0
25000000.0,2.0,1150.0,1.0
35000000.0,3.0,2000.0,1.0
55000000.0,4.0,1850.0,1.0
57500000.0,3.0,1650.0,1.0
84900000.0,3.0,2808.0,1.0
22500000.0,3.0,1800.0,1.0
57500000.0,4.0,2700.0,1.0
37500000.0,5.0,1692.0,1.0
14000000.0,1.0,600.0,0.0
46000000.0,4.0,2200.0,0.0
23000000.0,5.0,1750.0,1.0
35000000.0,4.0,2300.0,1.0
35000000.0,3.0,2000.0,1.0
5500000.0,3.0,1125.0,1.0
20000000.0,3.0,1150.0,1.0
25000000.0,3.0,1650.0,1.0
22500000.0,3.0,1100.0,0.0
38500000.0,3.0,1800.0,0.0
32000000.0,3.0,1600.0,0.0
3800000.0,2.0,720.0,0.0
41000000.0,3.0,1800.0,1.0
28500000.0,3.0,2000.0,1.0
38000000.0,3.0,2448.0,1.0
17500000.0,3.0,1169.0,1.0
5500000.0,2.0,513.0,1.0
5600000.0,2.0,513.0,1.0
5700000.0,2.0,450.0,0.0
9500000.0,3.0,720.0,1.0
57500000.0,4.0,2700.0,1.0
8300000.0,3.0,850.0,0.0
31000000.0,4.0,2600.0,0.0
25000000.0,3.0,1800.0,0.0
27000000.0,5.0,1800.0,0.0
25500000.0,3.0,1800.0,0.0
32000000.0,3.0,1600.0,0.0
26500000.0,5.0,1900.0,0.0
29500000.0,3.0,1900.0,0.0
6950000.0,3.0,1000.0,1.0
7520000.0,3.0,1000.0,1.0
6820000.0,3.0,1000.0,1.0
30000000.0,4.0,2000.0,0.0
14800000.0,5.0,1620.0,0.0
55100000.0,3.0,1872.0,0.0
54600000.0,3.0,1872.0,0.0
55500000.0,3.0,1872.0,0.0
5200000.0,2.0,900.0,0.0
5500000.0,2.0,900.0,0.0
5500000.0,2.0,900.0,0.0
21000000.0,3.0,1125.0,1.0
30000000.0,3.0,1800.0,1.0
250000000.0,6.0,10000.0,1.0
8500000.0,3.0,1000.0,0.0
10800000.0,3.0,1220.0,0.0
30000000.0,3.0,1800.0,1.0
33000000.0,4.0,2400.0,1.0
31000000.0,3.0,1800.0,1.0
6000000.0,2.0,540.0,1.0
13500000.0,3.0,1080.0,1.0
25500000.0,4.0,1950.0,1.0
27500000.0,4.0,1960.0,1.0
16500000.0,4.0,1000.0,1.0
24000000.0,3.0,1800.0,1.0
10700000.0,3.0,950.0,0.0
19400000.0,2.0,1150.0,1.0
27500000.0,3.0,1700.0,0.0
35000000.0,3.0,1750.0,0.0
26000000.0,5.0,1800.0,1.0
16000000.0,2.0,1150.0,1.0
17000000.0,2.0,1150.0,1.0
42500000.0,4.0,2520.0,1.0
15500000.0,3.0,1200.0,0.0
27000000.0,3.0,1800.0,1.0
50000000.0,3.0,1800.0,1.0
12500000.0,4.0,1500.0,1.0
12000000.0,4.0,1500.0,1.0
18000000.0,6.0,2200.0,1.0
60000000.0,3.0,1900.0,0.0
35500000.0,4.0,2000.0,1.0
70000000.0,4.0,2700.0,1.0
52500000.0,4.0,2500.0,1.0
38000000.0,3.0,1800.0,1.0
16000000.0,2.0,1150.0,1.0
34000000.0,3.0,1500.0,1.0
5000000.0,2.0,585.0,0.0
6100000.0,3.0,675.0,1.0
7000000.0,2.0,495.0,1.0
13200000.0,3.0,900.0,1.0
13100000.0,3.0,900.0,1.0
13799999.999999998,3.0,900.0,1.0
12500000.0,3.0,910.0,0.0
12500000.0,3.0,905.0,1.0
9000000.0,2.0,675.0,0.0
7000000.0,3.0,675.0,1.0
4500000.0,2.0,585.0,0.0
17000000.0,3.0,1350.0,1.0
6500000.0,2.0,675.0,1.0
24000000.0,4.0,2100.0,1.0
26500000.0,3.0,1800.0,0.0
7500000.0,2.0,900.0,1.0
317500000.0,4.0,10000.0,0.0
220000000.0,4.0,5607.0,0.0
150000000.0,4.0,3677.0,0.0
170000000.0,4.0,3679.0,0.0
56000000.0,3.0,1872.0,0.0
55000000.0,3.0,1800.0,1.0
85000000.0,3.0,1800.0,1.0
125000000.0,4.0,3600.0,1.0
115000000.0,4.0,2500.0,1.0
4700000.0,2.0,560.0,0.0
7000000.0,5.0,700.0,0.0
9000000.0,3.0,1160.0,0.0
33500000.0,4.0,2200.0,0.0
8400000.0,3.0,840.0,0.0
60000000.0,4.0,4000.0,1.0
35000000.0,3.0,1800.0,1.0
26500000.0,3.0,2000.0,0.0
19000000.0,3.0,1100.0,1.0
14000000.0,4.0,1900.0,1.0
160000000.0,4.0,7800.0,0.0
12600000.0,3.0,460.0,1.0
8800000.0,3.0,850.0,0.0
29500000.0,3.0,1400.0,0.0
32500000.0,5.0,1900.0,1.0
15000000.0,2.0,1000.0,1.0
26500000.0,3.0,1800.0,1.0
130000000.0,4.0,5994.0,1.0
7500000.0,3.0,850.0,1.0
25200000.0,3.0,1750.0,1.0
23800000.0,3.0,1900.0,1.0
57500000.0,3.0,1872.0,0.0
57400000.0,3.0,2000.0,1.0
6251000.0,3.0,950.0,1.0
10200000.0,3.0,1080.0,0.0
21500000.0,5.0,1360.0,1.0
160000000.0,4.0,3670.0,0.0
8200000.0,3.0,1125.0,1.0
750000.0,3.0,225.0,0.0
29000000.0,4.0,2200.0,0.0
28000000.0,3.0,2000.0,1.0
27500000.0,3.0,1800.0,1.0
34000000.0,4.0,2400.0,1.0
42500000.0,4.0,2600.0,1.0
28500000.0,3.0,1800.0,1.0
13000000.0,4.0,1450.0,1.0
16100000.000000002,3.0,1125.0,1.0
32000000.0,5.0,1800.0,1.0
3600000.0,2.0,660.0,1.0
3800000.0,1.0,470.0,0.0
150000000.0,4.0,2400.0,0.0
67500000.0,4.0,2550.0,1.0
5700000.0,2.0,495.0,0.0
12200000.0,3.0,774.0,1.0
25900000.0,3.0,1950.0,1.0
30000000.0,4.0,2200.0,1.0
27000000.0,3.0,1700.0,1.0
21000000.0,4.0,1900.0,0.0
7500000.0,3.0,1200.0,1.0
8000000.0,3.0,1100.0,1.0
11000000.0,3.0,1178.0,1.0
10000000.0,3.0,1280.0,1.0
7498999.999999999,3.0,1199.0,1.0
7498999.999999999,3.0,1200.0,1.0
8000000.0,3.0,1100.0,1.0
47000000.0,4.0,2250.0,1.0
29000000.0,3.0,1900.0,0.0
45000000.0,4.0,2500.0,0.0
85000000.0,4.0,2710.0,1.0
57500000.0,4.0,2700.0,1.0
10000000.0,4.0,1693.0,1.0
5000000.0,3.0,1900.0,1.0
29000000.0,3.0,1700.0,0.0
9000000.0,3.0,900.0,1.0
12500000.0,3.0,455.0,1.0
5800000.0,5.0,455.0,1.0
12800000.0,3.0,1100.0,1.0
14000000.0,3.0,1000.0,1.0
29800000.0,3.0,1350.0,1.0
5200000.0,3.0,900.0,1.0
18000000.0,3.0,1250.0,1.0
7000000.0,3.0,850.0,0.0
4550000.0,2.0,450.0,0.0
22500000.0,3.0,1300.0,1.0
135000000.0,3.0,2950.0,1.0
29700000.000000004,3.0,2000.0,1.0
25500000.0,4.0,2000.0,1.0
31000000.0,4.0,2200.0,1.0
28000000.0,3.0,1800.0,1.0
26000000.0,3.0,1800.0,1.0
24000000.0,3.0,1800.0,1.0
17500000.0,5.0,1450.0,0.0
8500000.0,3.0,900.0,0.0
7040000.000000001,3.0,1180.0,1.0
27500000.0,3.0,1350.0,1.0
27500000.0,4.0,2200.0,1.0
12200000.0,3.0,800.0,0.0
24000000.0,3.0,1450.0,1.0
60000000.0,6.0,1350.0,0.0
24500000.0,3.0,1530.0,0.0
37500000.0,3.0,1800.0,1.0
7700000.0,2.0,820.0,1.0
10500000.0,2.0,1050.0,1.0
38500000.0,4.0,2200.0,1.0
145100000.0,4.0,7500.0,0.0
145200000.0,4.0,7500.0,0.0
5200000.0,2.0,850.0,1.0
2850000.0,1.0,450.0,1.0
19000000.0,2.0,1600.0,0.0
14500000.0,2.0,620.0,1.0
9500000.0,3.0,1100.0,1.0
27500000.0,4.0,2400.0,0.0
37800000.0,4.0,1900.0,1.0
12600000.0,5.0,1550.0,1.0
7800000.0,2.0,900.0,1.0
15500000.0,3.0,1200.0,1.0
15500000.0,3.0,1200.0,1.0
15500000.0,3.0,1200.0,1.0
9000000.0,4.0,1000.0,1.0
17500000.0,3.0,900.0,1.0
5200000.0,2.0,600.0,1.0
95000000.0,4.0,3600.0,1.0
62500000.0,3.0,1900.0,1.0
19000000.0,5.0,1500.0,1.0
27200000.000000004,3.0,1350.0,1.0
15000000.0,2.0,1250.0,0.0
4000000.0,2.0,675.0,0.0
7000000.0,3.0,900.0,0.0
210000000.0,4.0,5600.0,1.0
157500000.0,4.0,3800.0,1.0
210000000.0,4.0,5400.0,0.0
170000000.0,4.0,3600.0,0.0
200000000.0,4.0,10000.0,0.0
212500000.0,4.0,5400.0,0.0
211100000.0,4.0,7500.0,0.0
110000000.0,4.0,2400.0,1.0
240000000.0,4.0,3000.0,1.0
8000000.0,3.0,1200.0,1.0
34500000.0,3.0,1900.0,0.0
26500000.0,5.0,1750.0,1.0
18000000.0,2.0,1250.0,1.0
89000000.0,4.0,2500.0,1.0
160000000.0,4.0,3800.0,0.0
131100000.0,4.0,3700.0,0.0
131200000.0,4.0,3670.0,0.0
131500000.0,4.0,3670.0,0.0
133100000.0,4.0,3670.0,0.0
210000000.0,4.0,5455.0,0.0
140000000.0,4.0,3670.0,1.0
145500000.0,4.0,7600.0,0.0
150000000.0,4.0,7400.0,0.0
170000000.0,4.0,7500.0,0.0
203000000.0,4.0,5470.0,0.0
201000000.0,4.0,10000.0,0.0
160000000.0,4.0,3700.0,0.0
42500000.0,4.0,2070.0,1.0
42500000.0,3.0,1800.0,1.0
53000000.0,4.0,2700.0,1.0
7500000.0,3.0,1250.0,0.0
33500000.0,5.0,1900.0,1.0
150000000.0,4.0,4500.0,1.0
19500000.0,3.0,1125.0,1.0
26500000.0,3.0,1650.0,1.0
3600000.0,1.0,410.0,1.0
85000000.0,4.0,2600.0,1.0
7000000.0,2.0,800.0,1.0
8500000.0,3.0,1210.0,0.0
23800000.0,3.0,1700.0,0.0
7500000.0,2.0,800.0,1.0
8800000.0,2.0,800.0,0.0
9000000.0,2.0,810.0,0.0
6800000.0,4.0,1170.0,1.0
26000000.0,3.0,1800.0,1.0
37500000.0,4.0,2200.0,1.0
68500000.0,3.0,2250.0,1.0
30500000.0,3.0,1750.0,1.0
20000000.0,2.0,1000.0,1.0
10000000.0,2.0,600.0,0.0
13000000.0,3.0,900.0,1.0
27500000.0,3.0,1350.0,1.0
35000000.0,3.0,1800.0,1.0
45000000.0,4.0,2700.0,1.0
60000000.0,4.0,2700.0,1.0
25000000.0,3.0,1800.0,1.0
25000000.0,3.0,1600.0,1.0
2800000.0,1.0,550.0,1.0
55000000.0,5.0,3800.0,1.0
33000000.0,3.0,2000.0,1.0
15500000.0,3.0,1440.0,1.0
3300000.0,2.0,750.0,1.0
52500000.0,4.0,2450.0,1.0
21000000.0,3.0,1440.0,1.0
40000000.0,4.0,1450.0,1.0
7500000.0,4.0,1350.0,1.0
25500000.0,3.0,1800.0,1.0
45000000.0,3.0,2200.0,1.0
65000000.0,4.0,2600.0,1.0
92500000.0,3.0,1800.0,0.0
32500000.0,3.0,1350.0,1.0
25000000.0,3.0,1440.0,1.0
25700000.0,3.0,1440.0,1.0
9600000.0,3.0,450.0,0.0
3500000.0,2.0,600.0,1.0
33500000.0,3.0,2000.0,1.0
22100000.0,3.0,1500.0,1.0
22000000.0,3.0,1350.0,1.0
17600000.0,3.0,1200.0,1.0
11000000.0,3.0,1200.0,1.0
23000000.0,4.0,2200.0,1.0
4200000.0,2.0,560.0,0.0
4000000.0,2.0,540.0,0.0
17200000.0,2.0,1250.0,0.0
33000000.0,3.0,1800.0,1.0
330000000.0,5.0,10000.0,0.0
30000000.0,3.0,1800.0,1.0
20000000.0,3.0,1125.0,1.0
32500000.0,5.0,3000.0,0.0
109000000.0,3.0,1800.0,0.0
50000000.0,3.0,1600.0,0.0
5800000.0,3.0,900.0,1.0
65000000.0,6.0,5700.0,0.0
38000000.0,3.0,1800.0,0.0
48000000.0,4.0,2025.0,1.0
21000000.0,6.0,2200.0,0.0
31500000.0,3.0,1350.0,1.0
38500000.0,4.0,2400.0,0.0
38500000.0,4.0,2600.0,0.0
3500000.0,2.0,600.0,1.0
3249000.0,2.0,600.0,1.0
5800000.0,3.0,900.0,1.0
2850000.0,2.0,600.0,1.0
3900000.0,3.0,750.0,1.0
3500000.0,2.0,600.0,1.0
3600000.0,2.0,600.0,1.0
5700000.0,3.0,1000.0,1.0
4600000.0,3.0,800.0,1.0
17500000.0,3.0,1400.0,0.0
87500000.0,4.0,2700.0,1.0
2800000.0,2.0,450.0,1.0
28500000.0,3.0,1750.0,1.0
45000000.0,4.0,2250.0,1.0
35000000.0,4.0,2250.0,1.0
9000000.0,3.0,1300.0,1.0
32500000.0,3.0,1800.0,0.0
41100000.0,3.0,2200.0,1.0
14000000.0,4.0,1450.0,1.0
33500000.0,3.0,1450.0,1.0
30000000.0,4.0,2100.0,1.0
32500000.0,5.0,2100.0,1.0
18000000.0,1.0,650.0,1.0
3500000.0,2.0,700.0,1.0
25100000.0,2.0,1400.0,0.0
11500000.0,3.0,800.0,1.0
28000000.0,6.0,2000.0,1.0
11000000.0,2.0,900.0,1.0
8500000.0,2.0,1200.0,1.0
32500000.0,3.0,1440.0,1.0
5100000.0,3.0,900.0,1.0
7200000.0,4.0,1260.0,1.0
3400000.0,2.0,630.0,1.0
7500000.0,4.0,1350.0,1.0
28000000.0,3.0,1800.0,1.0
37500000.0,3.0,1600.0,0.0
27400000.000000004,4.0,2000.0,1.0
31500000.0,3.0,1700.0,1.0
12000000.0,2.0,720.0,1.0
23000000.0,3.0,1350.0,0.0
37500000.0,3.0,1800.0,0.0
14500000.0,4.0,1500.0,1.0
3000000.0,2.0,540.0,1.0
13500000.0,4.0,1450.0,0.0
26000000.0,3.0,1800.0,1.0
4500000.0,3.0,900.0,1.0
3400000.0,2.0,585.0,1.0
5400000.0,3.0,990.0,1.0
9000000.0,3.0,1400.0,1.0
5651000.0,3.0,1080.0,1.0
30500000.0,3.0,1650.0,0.0
23500000.0,3.0,1450.0,1.0
21500000.0,2.0,1250.0,1.0
75000000.0,3.0,1800.0,1.0
11000000.0,3.0,1350.0,1.0
2350000.0,1.0,360.0,0.0
72500000.0,3.0,2160.0,1.0
6500000.0,3.0,900.0,1.0
50000000.0,3.0,1530.0,1.0
45000000.0,4.0,1810.0,1.0
28000000.0,3.0,1260.0,1.0
3700000.0,2.0,720.0,1.0
5500000.0,3.0,1035.0,1.0
2700000.0,2.0,495.0,1.0
25500000.0,3.0,1800.0,0.0
17000000.0,6.0,2100.0,0.0
20000000.0,3.0,1350.0,0.0
27000000.0,5.0,1800.0,1.0
27500000.0,3.0,1850.0,1.0
41000000.0,5.0,3500.0,1.0
23500000.0,3.0,1650.0,1.0
29700000.000000004,3.0,2200.0,1.0
7800000.0,3.0,450.0,1.0
18500000.0,3.0,1450.0,1.0
14000000.0,2.0,1250.0,1.0
75000000.0,4.0,3150.0,1.0
26500000.0,3.0,1800.0,0.0
3800000.0,2.0,600.0,1.0
6500000.0,3.0,775.0,1.0
6300000.0,2.0,600.0,0.0
75000000.0,3.0,2340.0,1.0
85000000.0,4.0,2700.0,1.0
3500000.0,2.0,675.0,1.0
14000000.0,3.0,1125.0,0.0
28500000.0,3.0,1650.0,1.0
14000000.0,3.0,840.0,1.0
28000000.0,3.0,1125.0,1.0
22000000.0,3.0,1125.0,1.0
50000000.0,4.0,2700.0,1.0
28000000.0,3.0,1870.0,0.0
30000000.0,3.0,1395.0,1.0
40000000.0,5.0,1800.0,1.0
17000000.0,3.0,900.0,1.0
18500000.0,3.0,900.0,1.0
44000000.0,3.0,1700.0,1.0
69000000.0,4.0,2450.0,1.0
25500000.0,3.0,1150.0,1.0
18000000.0,3.0,900.0,1.0
47000000.0,3.0,1700.0,1.0
82500000.0,3.0,2430.0,1.0
52500000.0,4.0,2250.0,1.0
72500000.0,3.0,2385.0,1.0
41500000.0,4.0,2000.0,1.0
31000000.0,3.0,1125.0,0.0
9000000.0,3.0,1200.0,1.0
9000000.0,3.0,1200.0,1.0
37500000.0,3.0,1800.0,1.0
21000000.0,3.0,1000.0,1.0
42100000.0,5.0,2400.0,0.0
4600000.0,2.0,450.0,1.0
27000000.0,4.0,1900.0,1.0
80000000.0,4.0,2862.0,1.0
2800000.0,2.0,550.0,1.0
2600000.0,2.0,450.0,1.0
24400000.0,3.0,1750.0,0.0
2200000.0,5.0,750.0,1.0
50000000.0,4.0,2700.0,1.0
15000000.0,3.0,1200.0,1.0
34000000.0,3.0,1800.0,1.0
60000000.0,3.0,3500.0,1.0
35000000.0,4.0,1900.0,0.0
21500000.0,2.0,1000.0,1.0
28500000.0,4.0,2500.0,0.0
16500000.0,3.0,1050.0,0.0
6000000.0,1.0,450.0,1.0
90000000.0,3.0,3600.0,0.0
6800000.0,3.0,850.0,1.0
35000000.0,4.0,1900.0,1.0
90000000.0,4.0,4010.0,1.0
110000000.0,4.0,4140.0,1.0
6000000.0,5.0,600.0,1.0
29000000.0,5.0,1500.0,1.0
3200000.0,1.0,350.0,0.0
27000000.0,3.0,1350.0,1.0
29000000.0,3.0,1620.0,1.0
36000000.0,5.0,1692.0,1.0
53000000.0,5.0,2700.0,1.0
42500000.0,4.0,2250.0,1.0
31000000.0,3.0,1890.0,1.0
19000000.0,3.0,120.0,0.0
37500000.0,5.0,2400.0,0.0
45000000.0,3.0,1800.0,1.0
23000000.0,3.0,1250.0,1.0
17500000.0,2.0,1000.0,1.0
40199999.99999999,3.0,1800.0,1.0
85000000.0,4.0,2900.0,0.0
50000000.0,4.0,2376.0,1.0
5000000.0,3.0,900.0,0.0
27500000.0,3.0,1900.0,1.0
3635000.0,2.0,675.0,1.0
27000000.0,5.0,1350.0,1.0
35000000.0,3.0,1800.0,1.0
15000000.0,4.0,1350.0,1.0
28000000.0,4.0,2500.0,1.0
9500000.0,3.0,850.0,1.0
8500000.0,4.0,1080.0,1.0
42500000.0,4.0,2000.0,1.0
28500000.0,3.0,1800.0,1.0
29000000.0,3.0,1440.0,1.0
23500000.0,3.0,1440.0,1.0
26000000.0,3.0,1440.0,1.0
30000000.0,3.0,1350.0,1.0
17000000.0,3.0,920.0,1.0
13000000.0,3.0,900.0,1.0
23000000.0,3.0,1200.0,0.0
13000000.0,3.0,900.0,1.0
65000000.0,4.0,4050.0,1.0
8500000.0,3.0,3600.0,1.0
28000000.0,4.0,2000.0,0.0
27000000.0,3.0,1450.0,1.0
45000000.0,3.0,1800.0,1.0
42000000.0,3.0,1900.0,0.0
27500000.0,3.0,1650.0,1.0
3600000.0,1.0,360.0,1.0
19200000.0,2.0,1258.0,1.0
5700000.0,3.0,900.0,1.0
24500000.0,3.0,1700.0,1.0
17500000.0,2.0,1100.0,1.0
21500000.0,2.0,1100.0,1.0
36000000.0,3.0,1800.0,0.0
17500000.0,2.0,1495.0,0.0
50000000.0,4.0,2100.0,1.0
32500000.0,3.0,1600.0,1.0
8000000.0,3.0,1160.0,1.0
28500000.0,5.0,1800.0,1.0
32500000.0,3.0,1800.0,1.0
26000000.0,3.0,1800.0,1.0
5600000.0,3.0,1000.0,0.0
3200000.0,2.0,630.0,1.0
20500000.0,2.0,1100.0,1.0
7000000.0,3.0,1050.0,1.0
21000000.0,4.0,1450.0,1.0
19900000.0,2.0,1400.0,1.0
35000000.0,3.0,1800.0,1.0
38700000.0,4.0,2250.0,0.0
11000000.0,2.0,950.0,0.0
75000000.0,3.0,2200.0,1.0
12500000.0,3.0,820.0,1.0
35000000.0,3.0,1685.0,1.0
3000000.0,2.0,480.0,0.0
6500000.0,3.0,775.0,1.0
57500000.0,4.0,2400.0,1.0
65000000.0,5.0,2600.0,1.0
37500000.0,3.0,3600.0,1.0
42500000.0,4.0,2400.0,1.0
32400000.000000004,3.0,1800.0,1.0
39000000.0,3.0,1800.0,1.0
57500000.0,4.0,2520.0,1.0
70000000.0,5.0,3285.0,1.0
4600000.0,3.0,949.0,0.0
4500000.0,2.0,750.0,1.0
32500000.0,3.0,1350.0,0.0
58500000.0,4.0,2025.0,0.0
30000000.0,3.0,1800.0,1.0
30000000.0,3.0,1800.0,1.0
80000000.0,3.0,1800.0,0.0
5000000.0,2.0,900.0,1.0
9200000.0,3.0,870.0,1.0
11500000.0,3.0,1162.0,1.0
9500000.0,3.0,870.0,1.0
28500000.0,4.0,2100.0,0.0
67500000.0,4.0,5850.0,1.0
4200000.0,3.0,230.0,0.0
35000000.0,3.0,1440.0,1.0
70000000.0,4.0,3285.0,1.0
14000000.0,4.0,1400.0,1.0
6700000.0,3.0,775.0,1.0
14000000.0,4.0,1400.0,1.0
160000000.0,4.0,8500.0,1.0
31000000.0,3.0,1800.0,1.0
28000000.0,3.0,1800.0,1.0
22500000.0,4.0,2500.0,1.0
28500000.0,4.0,1700.0,0.0
40000000.0,4.0,2300.0,0.0
35000000.0,3.0,2000.0,1.0
26000000.0,2.0,1100.0,1.0
52500000.0,4.0,2400.0,1.0
19000000.0,3.0,1150.0,0.0
38500000.0,3.0,1800.0,1.0
12000000.0,4.0,1500.0,1.0
21000000.0,3.0,1150.0,0.0
22500000.0,3.0,1350.0,1.0
27200000.000000004,3.0,1700.0,0.0
12500000.0,3.0,850.0,0.0
2800000.0,1.0,400.0,0.0
30000000.0,4.0,1800.0,1.0
195000000.0,6.0,1680.0,1.0
28000000.0,2.0,1100.0,1.0
65000000.0,6.0,3800.0,1.0
29000000.0,3.0,1900.0,1.0
34500000.0,3.0,1800.0,0.0
17500000.0,3.0,1000.0,1.0
12000000.0,2.0,750.0,1.0
7000000.0,3.0,900.0,0.0
27000000.0,5.0,920.0,0.0
6800000.0,2.0,550.0,0.0
25000000.0,4.0,1500.0,1.0
17000000.0,3.0,1200.0,1.0
27000000.0,4.0,1200.0,1.0
35000000.0,5.0,1800.0,1.0
57000000.0,3.0,1800.0,1.0
7500000.0,3.0,1200.0,1.0
8500000.0,3.0,1300.0,1.0
12000000.0,4.0,1500.0,1.0
7000000.0,3.0,1000.0,1.0
12500000.0,4.0,1460.0,1.0
28100000.0,3.0,1450.0,1.0
27000000.0,3.0,1800.0,1.0
10500000.0,2.0,550.0,1.0
11500000.0,3.0,800.0,1.0
4200000.0,2.0,450.0,0.0
13000000.0,3.0,1800.0,1.0
35000000.0,3.0,1700.0,1.0
13000000.0,3.0,900.0,1.0
6000000.0,2.0,450.0,0.0
5500000.0,2.0,460.0,0.0
26300000.0,4.0,2000.0,1.0
32500000.0,5.0,1500.0,1.0
35000000.0,4.0,2300.0,1.0
102500000.0,4.0,4500.0,1.0
5500000.0,2.0,562.0,0.0
75000000.0,4.0,3150.0,1.0
33000000.0,3.0,1800.0,0.0
39500000.0,4.0,2200.0,0.0
29000000.0,3.0,1650.0,1.0
41000000.0,4.0,2250.0,1.0
6900000.0,3.0,1250.0,0.0
18500000.0,3.0,1100.0,1.0
25500000.0,4.0,1300.0,1.0
9000000.0,2.0,700.0,1.0
65000000.0,4.0,2700.0,1.0
25000000.0,4.0,1100.0,0.0
17000000.0,4.0,1400.0,1.0
16500000.0,4.0,1400.0,1.0
28600000.0,4.0,1800.0,1.0
39000000.0,3.0,1440.0,0.0
5600000.0,3.0,555.0,0.0
32000000.0,3.0,2105.0,1.0
8500000.0,3.0,1047.0,1.0
3500000.0,2.0,450.0,1.0
38000000.0,3.0,2000.0,1.0
23600000.0,3.0,1500.0,1.0
57500000.0,3.0,1680.0,1.0
100000000.0,4.0,1800.0,1.0
350000000.0,4.0,7200.0,1.0
13500000.0,2.0,1000.0,0.0
8500000.0,3.0,1032.0,1.0
32500000.0,3.0,1800.0,1.0
30000000.0,4.0,2000.0,0.0
24000000.0,3.0,1800.0,0.0
9000000.0,3.0,720.0,1.0
2700000.0,1.0,450.0,1.0
27500000.0,3.0,1400.0,0.0
3250000.0,2.0,540.0,1.0
6000000.0,3.0,990.0,0.0
30000000.0,4.0,910.0,0.0
22500000.0,6.0,820.0,0.0
30000000.0,5.0,910.0,0.0
10000000.0,2.0,720.0,0.0
37000000.0,3.0,1700.0,1.0
4800000.0,2.0,504.0,1.0
6700000.0,2.0,495.0,1.0
12500000.0,3.0,900.0,0.0
25500000.0,3.0,1800.0,1.0
26200000.0,3.0,1800.0,1.0
6250000.0,3.0,900.0,1.0
16000000.0,2.0,1000.0,0.0
6700000.0,3.0,900.0,1.0
4000000.0,2.0,585.0,1.0
59500000.0,3.0,1800.0,1.0
4600000.0,2.0,750.0,1.0
5000000.0,2.0,750.0,1.0
8000000.0,3.0,1300.0,1.0
158000000.0,4.0,4500.0,1.0
20500000.0,2.0,1299.0,1.0
4500000.0,2.0,750.0,1.0
125000000.0,4.0,3000.0,1.0
92500000.0,3.0,2000.0,1.0
23500000.0,3.0,1900.0,1.0
25500000.0,3.0,1350.0,1.0
3900000.0,2.0,630.0,1.0
4100000.0,2.0,675.0,1.0
36500000.0,3.0,2000.0,1.0
2600000.0,2.0,495.0,1.0
145000000.0,4.0,5400.0,1.0
41000000.0,4.0,3600.0,1.0
52500000.0,4.0,2700.0,1.0
47500000.0,4.0,2100.0,1.0
28000000.0,3.0,1620.0,1.0
36000000.0,4.0,3000.0,1.0
35000000.0,3.0,1600.0,0.0
45000000.0,4.0,2100.0,0.0
32500000.0,3.0,1350.0,0.0
90000000.0,4.0,2700.0,1.0
28500000.0,3.0,1800.0,0.0
17500000.0,2.0,1100.0,1.0
22500000.0,2.0,1200.0,1.0
32500000.0,4.0,2400.0,1.0
4390000.0,2.0,540.0,1.0
4390000.0,2.0,600.0,1.0
85000000.0,3.0,2100.0,0.0
14000000.0,2.0,900.0,1.0
110000000.0,9.0,1700.0,1.0
27900000.0,3.0,1943.0,1.0
27500000.0,3.0,1350.0,1.0
65000000.0,3.0,1800.0,1.0
35000000.0,3.0,1900.0,1.0
39500000.0,4.0,2600.0,1.0
90000000.0,4.0,3600.0,0.0
140000000.0,5.0,3500.0,0.0
52500000.0,4.0,2100.0,1.0
60000000.0,4.0,2480.0,1.0
25500000.0,3.0,1125.0,1.0
29000000.0,3.0,1080.0,1.0
27000000.0,3.0,1550.0,1.0
62500000.0,3.0,2475.0,1.0
59000000.0,4.0,2700.0,1.0
44500000.0,4.0,2448.0,1.0
26000000.0,3.0,1800.0,1.0
12500000.0,2.0,700.0,1.0
26500000.0,3.0,1600.0,1.0
14500000.0,3.0,1200.0,1.0
11000000.0,3.0,800.0,1.0
6500000.0,3.0,1100.0,0.0
27800000.0,3.0,1700.0,1.0
26500000.0,3.0,1700.0,1.0
13000000.0,2.0,800.0,1.0
135000000.0,5.0,4500.0,0.0
90000000.0,4.0,2800.0,0.0
85000000.0,4.0,4500.0,0.0
44500000.0,4.0,2100.0,1.0
37500000.0,3.0,1440.0,0.0
17500000.0,3.0,1700.0,0.0
27500000.0,2.0,1100.0,1.0
160000000.0,12.0,1665.0,1.0
37000000.0,3.0,1440.0,1.0
5000000.0,2.0,900.0,1.0
29500000.0,3.0,2000.0,1.0
26800000.0,3.0,1700.0,0.0
15500000.0,3.0,1650.0,1.0
16500000.0,2.0,900.0,1.0
95000000.0,4.0,2200.0,0.0
31000000.0,3.0,1800.0,1.0
65000000.0,4.0,2700.0,1.0
60500000.0,4.0,2700.0,1.0
47500000.0,4.0,3006.0,1.0
22900000.0,2.0,1500.0,0.0
30000000.0,3.0,1800.0,1.0
3550000.0,2.0,650.0,1.0
34500000.0,4.0,2250.0,1.0
24500000.0,3.0,1900.0,1.0
7500000.0,3.0,920.0,0.0
15500000.0,3.0,1200.0,1.0
90000000.0,4.0,2200.0,1.0
32500000.0,3.0,1683.0,1.0
40000000.0,4.0,2160.0,1.0
9500000.0,2.0,1050.0,1.0
30000000.0,3.0,2000.0,1.0
28000000.0,5.0,2250.0,0.0
5300000.0,2.0,900.0,0.0
105000000.0,3.0,2100.0,1.0
7000000.0,2.0,650.0,1.0
55000000.0,3.0,1800.0,1.0
115000000.0,4.0,2700.0,1.0
40000000.0,3.0,1350.0,0.0
22500000.0,3.0,1100.0,0.0
33000000.0,4.0,1300.0,0.0
127500000.0,4.0,2700.0,1.0
29500000.0,3.0,1125.0,1.0
29000000.0,3.0,2000.0,1.0
35000000.0,3.0,1500.0,1.0
27500000.0,2.0,1100.0,1.0
65000000.0,4.0,2700.0,1.0
38000000.0,4.0,2400.0,1.0
8500000.0,3.0,1000.0,1.0
130000000.0,4.0,4500.0,1.0
36800000.0,3.0,2100.0,1.0
400000000.0,5.0,23400.0,1.0
28500000.0,3.0,1600.0,1.0
23500000.0,3.0,1250.0,1.0
29500000.0,4.0,1900.0,1.0
38000000.0,4.0,2600.0,1.0
28000000.0,3.0,1950.0,1.0
15500000.0,2.0,1250.0,1.0
15000000.0,1.0,900.0,1.0
27500000.0,3.0,1600.0,1.0
74500000.0,3.0,1950.0,1.0
55000000.0,4.0,2700.0,1.0
36500000.0,5.0,2400.0,1.0
27500000.0,3.0,1900.0,0.0
24800000.0,3.0,1700.0,1.0
42100000.0,4.0,2600.0,1.0
15500000.0,2.0,1100.0,1.0
28000000.0,3.0,1600.0,0.0
39800000.0,4.0,2300.0,0.0
26000000.0,2.0,1600.0,1.0
420000000.0,5.0,4500.0,1.0
15000000.0,3.0,1400.0,1.0
28800000.0,3.0,1700.0,1.0
28700000.0,3.0,1350.0,1.0
67500000.0,4.0,2700.0,1.0
20000000.0,3.0,1125.0,1.0
26000000.0,3.0,1700.0,1.0
27500000.0,3.0,1700.0,1.0
32400000.000000004,2.0,1500.0,1.0
16000000.0,3.0,900.0,1.0
26000000.0,3.0,1900.0,1.0
60000000.0,3.0,1926.0,1.0
40000000.0,3.0,1600.0,1.0
72500000.0,4.0,2250.0,1.0
119900000.0,4.0,5400.0,1.0
105000000.0,4.0,3600.0,1.0
36000000.0,3.0,1800.0,1.0
24100000.0,3.0,2100.0,0.0
26500000.0,3.0,1700.0,1.0
33500000.0,3.0,1800.0,1.0
140000000.0,4.0,4500.0,1.0
35000000.0,3.0,2200.0,0.0
5500000.0,1.0,365.0,1.0
21000000.0,2.0,1300.0,1.0
7500000.0,3.0,800.0,1.0
9800000.0,3.0,1350.0,0.0
17000000.0,3.0,1100.0,1.0
250000000.0,5.0,3700.0,1.0
30000000.0,4.0,2200.0,1.0
220000000.0,5.0,5000.0,1.0
3800000.0,2.0,750.0,0.0
3500000.0,2.0,750.0,1.0
3500000.0,2.0,750.0,1.0
66000000.0,5.0,3325.0,1.0
280000000.0,6.0,4200.0,1.0
21000000.0,2.0,900.0,1.0
28500000.0,3.0,1650.0,1.0
38000000.0,4.0,2400.0,1.0
20500000.0,3.0,1500.0,0.0
67500000.0,4.0,2000.0,1.0
5800000.0,2.0,900.0,1.0
3000000.0,1.0,500.0,0.0
5200000.0,2.0,900.0,1.0
77500000.0,4.0,3000.0,0.0
18000000.0,2.0,1200.0,0.0
21500000.0,3.0,1100.0,1.0
61500000.0,4.0,2000.0,1.0
23500000.0,3.0,1400.0,1.0
21000000.0,2.0,1100.0,0.0
15000000.0,1.0,650.0,0.0
35000000.0,3.0,1650.0,1.0
15500000.0,4.0,1850.0,1.0
42100000.0,4.0,2200.0,1.0
6100000.0,2.0,810.0,0.0
5200000.0,2.0,900.0,1.0
2500000.0,1.0,430.0,0.0
2000000.0,1.0,396.0,1.0
190000000.0,4.0,3600.0,1.0
9500000.0,3.0,160.0,0.0
18500000.0,2.0,1500.0,1.0
25000000.0,3.0,1600.0,1.0
21000000.0,3.0,1545.0,0.0
12000000.0,3.0,1080.0,1.0
15000000.0,3.0,1350.0,1.0
17000000.0,2.0,1100.0,1.0
26500000.0,3.0,1900.0,1.0
34500000.0,5.0,1800.0,1.0
27500000.0,3.0,1700.0,1.0
95000000.0,4.0,4000.0,1.0
28000000.0,3.0,1450.0,1.0
31000000.0,3.0,1400.0,1.0
17500000.0,3.0,1200.0,1.0
23700000.0,3.0,1700.0,1.0
38500000.0,4.0,2400.0,1.0
33900000.0,4.0,2200.0,1.0
19500000.0,3.0,1530.0,1.0
19800000.0,3.0,1560.0,1.0
35000000.0,4.0,2400.0,0.0
35000000.0,5.0,1450.0,1.0
270000000.0,4.0,6210.0,1.0
175000000.0,4.0,2700.0,1.0
320000000.0,4.0,5400.0,1.0
270000000.0,4.0,6210.0,1.0
110000000.0,4.0,1782.0,1.0
30000000.0,3.0,1750.0,1.0
55000000.0,4.0,2400.0,1.0
6000000.0,2.0,900.0,1.0
25000000.0,4.0,2200.0,1.0
5000000.0,2.0,900.0,1.0
16000000.0,3.0,1800.0,1.0
19100000.0,2.0,1100.0,1.0
22500000.0,3.0,1350.0,1.0
29500000.0,5.0,1850.0,0.0
42500000.0,3.0,828.0,1.0
33000000.0,3.0,1350.0,1.0
32500000.0,3.0,1350.0,1.0
87500000.0,4.0,2700.0,1.0
70000000.0,4.0,3600.0,1.0
3500000.0,1.0,350.0,0.0
21000000.0,3.0,1600.0,1.0
28000000.0,3.0,1850.0,0.0
19500000.0,2.0,1100.0,1.0
22000000.0,3.0,1500.0,0.0
90000000.0,3.0,5500.0,1.0
9500000.0,2.0,600.0,1.0
15600000.0,7.0,2700.0,1.0
8890000.0,2.0,450.0,1.0
27500000.0,3.0,1700.0,1.0
26700000.0,3.0,1700.0,0.0
26800000.0,3.0,1600.0,1.0
4000000.0,2.0,550.0,1.0
16000000.0,3.0,64.0,0.0
400000000.0,5.0,10000.0,1.0
19500000.0,3.0,1440.0,1.0
3400000.0,2.0,600.0,0.0
6509999.999999999,1.0,425.0,1.0
6809999.999999999,1.0,425.0,1.0
3500000.0,2.0,750.0,1.0
3800000.0,2.0,750.0,1.0
44500000.0,4.0,2800.0,1.0
31000000.0,3.0,1700.0,1.0
21000000.0,2.0,1200.0,0.0
28500000.0,3.0,1750.0,1.0
140000000.0,4.0,2300.0,1.0
101000000.0,4.0,2300.0,1.0
125000000.0,4.0,2300.0,1.0
13000000.0,3.0,1000.0,1.0
22500000.0,3.0,1300.0,1.0
5520000.0,1.0,425.0,1.0
55000000.0,3.0,1800.0,1.0
28900000.0,3.0,1800.0,0.0
4800000.0,2.0,513.0,1.0
15000000.0,4.0,1000.0,1.0
5450000.0,1.0,421.0,1.0
18000000.0,3.0,1000.0,1.0
9900000.0,3.0,1305.0,1.0
25500000.0,3.0,1800.0,0.0
33500000.0,4.0,1700.0,1.0
46000000.0,3.0,1800.0,1.0
14000000.0,2.0,1125.0,1.0
7000000.0,3.0,1400.0,1.0
25200000.0,2.0,1200.0,1.0
31500000.0,3.0,1800.0,1.0
18000000.0,3.0,1300.0,1.0
3700000.0,2.0,450.0,1.0
8000000.0,3.0,1100.0,1.0
4000000.0,2.0,650.0,1.0
7500000.0,3.0,900.0,1.0
6500000.0,3.0,900.0,1.0
3400000.0,2.0,650.0,1.0
10500000.0,3.0,1150.0,1.0
3900000.0,5.0,269.0,0.0
5500000.0,2.0,810.0,1.0
65000000.0,4.0,2700.0,1.0
34000000.0,5.0,1985.0,1.0
42100000.0,3.0,1800.0,1.0
25700000.0,3.0,1700.0,1.0
32500000.0,3.0,1800.0,1.0
32500000.0,3.0,1800.0,1.0
25000000.0,3.0,1800.0,0.0
7200000.0,2.0,650.0,0.0
23500000.0,3.0,1700.0,1.0
29700000.000000004,3.0,1700.0,1.0
47000000.0,5.0,2650.0,1.0
20000000.0,3.0,720.0,0.0
7000000.0,3.0,750.0,1.0
25000000.0,3.0,1700.0,0.0
30000000.0,3.0,1950.0,1.0
21500000.0,3.0,1440.0,1.0
82500000.0,5.0,2799.0,0.0
38000000.0,3.0,1350.0,1.0
23500000.0,3.0,1465.0,0.0
23900000.0,3.0,1440.0,1.0
27000000.0,3.0,2250.0,1.0
28000000.0,3.0,2250.0,1.0
29000000.0,3.0,2250.0,1.0
30000000.0,3.0,2300.0,1.0
37500000.0,4.0,2600.0,1.0
26000000.0,3.0,2200.0,1.0
32500000.0,4.0,2550.0,1.0
35000000.0,4.0,2550.0,1.0
40000000.0,4.0,2700.0,1.0
32600000.0,3.0,1800.0,1.0
21000000.0,2.0,1450.0,1.0
26500000.0,3.0,1800.0,1.0
27500000.0,3.0,1700.0,1.0
29000000.0,3.0,1800.0,1.0
35100000.0,5.0,2000.0,1.0
34500000.0,3.0,1700.0,1.0
22100000.0,2.0,1450.0,0.0
510000000.0,6.0,109000.0,1.0
450000000.0,4.0,10000.0,1.0
32000000.0,3.0,1300.0,1.0
25000000.0,5.0,1500.0,1.0
32500000.0,4.0,1600.0,1.0
16000000.0,3.0,1125.0,1.0
28500000.0,3.0,1500.0,1.0
126000000.0,4.0,3500.0,1.0
138000000.0,4.0,3217.0,1.0
18500000.0,2.0,1500.0,1.0
22500000.0,2.0,1350.0,1.0
16000000.0,3.0,1610.0,0.0
8500000.0,3.0,900.0,0.0
42500000.0,5.0,2200.0,1.0
32500000.0,3.0,1700.0,1.0
32500000.0,4.0,2100.0,1.0
26000000.0,3.0,1700.0,1.0
35000000.0,3.0,1700.0,1.0
120000000.0,4.0,2173.0,1.0
100000000.0,4.0,2173.0,1.0
140000000.0,4.0,3500.0,1.0
140000000.0,4.0,2800.0,1.0
72000000.0,3.0,1687.0,1.0
80000000.0,4.0,2173.0,1.0
110000000.0,4.0,1780.0,1.0
87500000.0,4.0,1780.0,1.0
7500000.0,2.0,680.0,1.0
23000000.0,3.0,1800.0,1.0
36000000.0,3.0,1800.0,1.0
60000000.0,3.0,1800.0,1.0
13000000.0,2.0,900.0,0.0
5000000.0,2.0,820.0,0.0
26000000.0,3.0,1800.0,1.0
18500000.0,4.0,2300.0,1.0
15000000.0,2.0,1000.0,1.0
23000000.0,3.0,1600.0,1.0
45000000.0,3.0,1800.0,1.0
45000000.0,3.0,1800.0,1.0
55000000.0,3.0,1800.0,1.0
80000000.0,4.0,2700.0,1.0
95000000.0,4.0,4500.0,1.0
65000000.0,4.0,2700.0,1.0
70000000.0,4.0,2700.0,1.0
47500000.0,3.0,1900.0,1.0
32500000.0,3.0,1332.0,1.0
4510000.0,1.0,425.0,1.0
7100000.0,2.0,750.0,1.0
31100000.0,3.0,1700.0,1.0
28200000.0,3.0,1700.0,1.0
31500000.0,3.0,1700.0,1.0
22500000.0,2.0,1500.0,1.0
27000000.0,3.0,1850.0,1.0
4800000.0,3.0,810.0,1.0
11200000.000000002,3.0,950.0,1.0
11200000.000000002,3.0,1000.0,0.0
8500000.0,3.0,850.0,1.0
30000000.0,3.0,1200.0,1.0
8200000.0,3.0,850.0,1.0
5911000.0,3.0,1000.0,0.0
28500000.0,4.0,2400.0,1.0
4700000.0,3.0,900.0,0.0
23800000.0,3.0,1650.0,1.0
38000000.0,5.0,1500.0,1.0
34800000.0,3.0,1600.0,0.0
22500000.0,4.0,1300.0,1.0
16000000.0,3.0,1100.0,1.0
15500000.0,3.0,1000.0,1.0
37500000.0,4.0,3000.0,0.0
65000000.0,4.0,3600.0,1.0
23000000.0,3.0,1500.0,1.0
19000000.0,2.0,1000.0,1.0
26000000.0,3.0,1700.0,0.0
9500000.0,4.0,1000.0,1.0
28000000.0,3.0,1600.0,1.0
29200000.0,3.0,1700.0,1.0
9000000.0,3.0,1200.0,1.0
14500000.0,4.0,1900.0,1.0
14500000.0,4.0,1900.0,1.0
9000000.0,3.0,1350.0,1.0
14500000.0,4.0,1900.0,1.0
13000000.0,4.0,1900.0,1.0
14500000.0,4.0,1900.0,1.0
14500000.0,4.0,1900.0,1.0
28000000.0,3.0,1700.0,1.0
18700000.0,4.0,2300.0,0.0
6550000.0,2.0,700.0,0.0
8800000.0,3.0,850.0,1.0
13500000.0,4.0,1400.0,1.0
36500000.0,4.0,2000.0,1.0
20000000.0,2.0,1600.0,1.0
25900000.0,3.0,1700.0,1.0
41100000.0,5.0,3600.0,1.0
92500000.0,4.0,1900.0,1.0
4500000.0,2.0,750.0,1.0
13400000.0,2.0,900.0,1.0
14200000.0,2.0,900.0,1.0
14100000.0,2.0,900.0,1.0
26500000.0,3.0,1600.0,1.0
23500000.0,3.0,1500.0,1.0
7500000.0,2.0,750.0,1.0
7500000.0,2.0,750.0,1.0
13500000.0,3.0,1150.0,1.0
11200000.000000002,3.0,950.0,1.0
9500000.0,3.0,1100.0,1.0
21500000.0,4.0,2300.0,1.0
6500000.0,2.0,650.0,1.0
11000000.0,3.0,1000.0,1.0
8200000.0,3.0,1100.0,1.0
8500000.0,3.0,850.0,1.0
11299999.999999998,3.0,1000.0,1.0
8500000.0,5.0,460.0,1.0
37000000.0,3.0,1350.0,1.0
7600000.0,3.0,900.0,1.0
26500000.0,2.0,1700.0,1.0
22100000.0,3.0,1650.0,1.0
39000000.0,2.0,1735.0,1.0
33000000.0,3.0,1550.0,1.0
15000000.0,3.0,1000.0,1.0
7500000.0,2.0,750.0,1.0
7500000.0,2.0,750.0,1.0
13500000.0,3.0,1100.0,1.0
13000000.0,3.0,1000.0,1.0
8900000.0,3.0,800.0,1.0
10000000.0,3.0,950.0,1.0
8700000.0,3.0,1100.0,1.0
8200000.0,3.0,1100.0,1.0
11200000.000000002,3.0,800.0,1.0
7100000.0,3.0,800.0,1.0
220000000.0,4.0,4500.0,0.0
55000000.0,5.0,2900.0,0.0
28500000.0,2.0,1200.0,0.0
36000000.0,3.0,1800.0,0.0
18500000.0,3.0,1440.0,1.0
17500000.0,3.0,1150.0,1.0
30000000.0,4.0,1600.0,1.0
42500000.0,3.0,1900.0,1.0
25500000.0,2.0,1100.0,1.0
40000000.0,3.0,1900.0,1.0
60000000.0,3.0,1450.0,1.0
125000000.0,4.0,3500.0,1.0
125500000.0,4.0,3500.0,1.0
6500000.0,3.0,1100.0,1.0
21400000.0,3.0,1125.0,1.0
28500000.0,3.0,1700.0,1.0
2400000.0,1.0,450.0,0.0
25000000.0,3.0,1600.0,0.0
170000000.0,4.0,2800.0,1.0
85000000.0,4.0,2100.0,1.0
77500000.0,3.0,1650.0,1.0
75000000.0,3.0,1550.0,1.0
85000000.0,3.0,1550.0,1.0
105000000.0,4.0,2100.0,1.0
70000000.0,3.0,1650.0,1.0
70000000.0,3.0,1550.0,1.0
5951000.0,3.0,900.0,0.0
37500000.0,4.0,2100.0,1.0
27000000.0,3.0,1700.0,1.0
30000000.0,3.0,1700.0,1.0
20000000.0,2.0,1250.0,0.0
7500000.0,2.0,500.0,0.0
33000000.0,4.0,2200.0,1.0
5000000.0,3.0,900.0,0.0
6000000.0,3.0,900.0,0.0
21000000.0,3.0,1200.0,1.0
22000000.0,2.0,1100.0,1.0
9000000.0,3.0,1200.0,1.0
9000000.0,3.0,1200.0,1.0
5500000.0,3.0,810.0,1.0
35000000.0,3.0,1800.0,1.0
34500000.0,4.0,1800.0,0.0
36500000.0,4.0,1800.0,0.0
35000000.0,3.0,1800.0,0.0
18500000.0,2.0,1100.0,1.0
12000000.0,3.0,900.0,1.0
18000000.0,3.0,1450.0,1.0
17500000.0,3.0,1280.0,0.0
26000000.0,3.0,1800.0,1.0
140000000.0,4.0,2400.0,1.0
28500000.0,3.0,1800.0,0.0
11000000.0,2.0,900.0,1.0
55000000.0,4.0,2250.0,1.0
50000000.0,4.0,2250.0,1.0
82500000.0,4.0,2700.0,1.0
110000000.0,4.0,3600.0,1.0
65000000.0,3.0,2250.0,1.0
125000000.0,4.0,5300.0,1.0
95000000.0,4.0,2385.0,1.0
21000000.0,2.0,1150.0,1.0
65000000.0,3.0,1680.0,1.0
14000000.0,5.0,1600.0,1.0
35000000.0,4.0,2772.0,1.0
7800000.0,3.0,950.0,1.0
7600000.0,3.0,950.0,1.0
7700000.0,3.0,950.0,1.0
13400000.0,4.0,1450.0,0.0
10500000.0,2.0,720.0,0.0
23000000.0,3.0,1800.0,1.0
22200000.000000004,3.0,1550.0,1.0
31500000.0,4.0,2000.0,1.0
19100000.0,5.0,1404.0,1.0
60000000.0,4.0,2025.0,0.0
88000000.0,4.0,4500.0,0.0
15500000.0,2.0,1265.0,0.0
50000000.0,3.0,1400.0,1.0
32100000.0,4.0,1900.0,0.0
37000000.0,2.0,1732.0,1.0
29700000.000000004,3.0,1683.0,1.0
31000000.0,3.0,1700.0,1.0
42500000.0,4.0,2228.0,1.0
31500000.0,3.0,1100.0,1.0
27500000.0,3.0,1800.0,0.0
50000000.0,4.0,2170.0,1.0
8411000.0,3.0,1300.0,1.0
8421000.0,3.0,1300.0,1.0
8425000.0,3.0,1300.0,1.0
15100000.0,4.0,2250.0,1.0
15400000.0,4.0,2250.0,1.0
8475000.0,3.0,1300.0,1.0
8485000.0,3.0,1300.0,1.0
8491000.0,3.0,1300.0,1.0
8495000.0,3.0,1300.0,1.0
8498000.0,3.0,1300.0,1.0
8453000.0,3.0,1300.0,1.0
15400000.0,4.0,2250.0,1.0
15400000.0,4.0,2250.0,1.0
8441000.0,3.0,1300.0,1.0
8449000.0,3.0,1300.0,1.0
8451000.0,3.0,1300.0,1.0
8455000.0,3.0,1300.0,1.0
8465000.0,3.0,1300.0,1.0
8470000.0,3.0,1300.0,1.0
8480000.0,3.0,1300.0,1.0
8499000.0,3.0,1300.0,1.0
8522000.0,3.0,1300.0,1.0
8531000.0,3.0,1300.0,1.0
8429000.0,3.0,1300.0,1.0
8000000.0,3.0,1400.0,1.0
9000000.0,4.0,1000.0,1.0
5500000.0,3.0,828.0,0.0
15000000.0,3.0,1200.0,1.0
15000000.0,3.0,1200.0,1.0
28000000.0,2.0,925.0,1.0
70000000.0,4.0,2700.0,1.0
18000000.0,5.0,1100.0,0.0
140000000.0,4.0,4950.0,1.0
120000000.0,4.0,4500.0,1.0
42500000.0,3.0,1575.0,1.0
23200000.0,3.0,1450.0,1.0
14000000.0,2.0,900.0,1.0
57500000.0,4.0,2700.0,1.0
21500000.0,3.0,1400.0,0.0
18700000.0,2.0,1100.0,1.0
180000000.0,4.0,7200.0,1.0
2900000.0,1.0,500.0,0.0
35500000.0,4.0,2300.0,1.0
6500000.0,1.0,424.0,1.0
80000000.0,4.0,2385.0,1.0
130000000.0,4.0,4500.0,1.0
80000000.0,3.0,1800.0,1.0
150000000.0,4.0,4500.0,1.0
25000000.0,4.0,1600.0,1.0
35100000.0,4.0,2400.0,0.0
22500000.0,3.0,1600.0,0.0
6000000.0,3.0,990.0,0.0
25000000.0,3.0,1800.0,1.0
100000000.0,4.0,2385.0,1.0
24100000.0,3.0,1700.0,1.0
11000000.0,3.0,540.0,1.0
27500000.0,3.0,1300.0,1.0
23000000.0,3.0,1800.0,1.0
97500000.0,4.0,2800.0,1.0
95000000.0,4.0,3240.0,1.0
4000000.0,2.0,540.0,1.0
71500000.0,4.0,2700.0,1.0
45000000.0,4.0,2200.0,1.0
3500000.0,2.0,500.0,1.0
3200000.0,2.0,500.0,1.0
22500000.0,3.0,1080.0,1.0
5210000.0,1.0,425.0,1.0
25000000.0,4.0,1650.0,1.0
22500000.0,2.0,1350.0,1.0
21000000.0,3.0,1125.0,1.0
15000000.0,3.0,1125.0,1.0
13500000.0,3.0,1125.0,1.0
34000000.0,3.0,1800.0,1.0
16000000.0,3.0,792.0,1.0
15500000.0,2.0,792.0,1.0
24000000.0,3.0,1800.0,1.0
14500000.0,3.0,1125.0,1.0
45000000.0,3.0,1800.0,1.0
47500000.0,4.0,1800.0,0.0
26000000.0,3.0,1800.0,1.0
13600000.000000002,2.0,900.0,1.0
52500000.0,4.0,3600.0,0.0
24700000.000000004,3.0,1800.0,1.0
32100000.0,4.0,1800.0,0.0
24000000.0,4.0,1250.0,0.0
9200000.0,3.0,800.0,0.0
19500000.0,2.0,1200.0,1.0
6000000.0,3.0,850.0,1.0
21000000.0,2.0,1450.0,1.0
14500000.0,4.0,1800.0,1.0
11000000.0,2.0,1100.0,1.0
16000000.0,2.0,900.0,1.0
3000000.0,2.0,650.0,1.0
42500000.0,4.0,2000.0,1.0
25000000.0,5.0,1500.0,1.0
36500000.0,3.0,1700.0,1.0
2600000.0,1.0,400.0,0.0
3500000.0,2.0,600.0,0.0
2300000.0,1.0,500.0,0.0
5000000.0,3.0,950.0,1.0
7500000.0,2.0,550.0,0.0
40000000.0,3.0,1800.0,1.0
3400000.0,2.0,750.0,1.0
13000000.0,3.0,64.0,0.0
21500000.0,5.0,1500.0,1.0
23500000.0,3.0,1700.0,1.0
23800000.0,3.0,1700.0,1.0
60000000.0,5.0,7000.0,1.0
49000000.0,4.0,2500.0,1.0
50000000.0,3.0,2000.0,1.0
2500000.0,2.0,450.0,1.0
2500000.0,2.0,450.0,1.0
2600000.0,2.0,450.0,1.0
55000000.0,4.0,2250.0,1.0
25000000.0,3.0,1800.0,0.0
25000000.0,3.0,1350.0,1.0
75000000.0,3.0,2701.0,1.0
105000000.0,4.0,3740.0,1.0
34500000.0,3.0,2100.0,1.0
36000000.0,3.0,1200.0,1.0
40000000.0,3.0,1440.0,1.0
37500000.0,3.0,1200.0,1.0
29800000.0,3.0,1700.0,0.0
14000000.0,3.0,1200.0,1.0
30700000.0,3.0,1700.0,1.0
270000000.0,4.0,4050.0,0.0
5350000.0,1.0,435.0,1.0
3500000.0,1.0,400.0,1.0
25000000.0,3.0,1600.0,0.0
13500000.0,3.0,1000.0,0.0
55000000.0,3.0,1800.0,1.0
60000000.0,4.0,3600.0,1.0
47500000.0,3.0,1440.0,1.0
21800000.0,3.0,1800.0,1.0
34500000.0,3.0,1800.0,1.0
19200000.0,2.0,1350.0,0.0
38500000.0,4.0,2250.0,1.0
60000000.0,4.0,3450.0,1.0
17000000.0,3.0,900.0,1.0
23000000.0,3.0,1800.0,0.0
21000000.0,2.0,1200.0,0.0
3000000.0,1.0,450.0,1.0
23800000.0,3.0,1700.0,1.0
23400000.0,3.0,1800.0,1.0
2500000.0,1.0,510.0,1.0
29200000.0,3.0,1700.0,1.0
14500000.0,2.0,1000.0,0.0
2800000.0,1.0,500.0,0.0
90000000.0,4.0,2550.0,1.0
36500000.0,4.0,2300.0,1.0
26000000.0,3.0,1800.0,1.0
16000000.0,2.0,1500.0,1.0
14500000.0,2.0,1000.0,0.0
3400000.0,2.0,700.0,0.0
12500000.0,5.0,1550.0,0.0
7500000.0,4.0,2145.0,1.0
55000000.0,3.0,2250.0,1.0
7500000.0,3.0,1256.0,0.0
14000000.0,2.0,900.0,1.0
10500000.0,3.0,1000.0,0.0
26500000.0,3.0,1700.0,1.0
27000000.0,3.0,1700.0,0.0
9500000.0,2.0,900.0,1.0
45000000.0,4.0,2400.0,0.0
47500000.0,4.0,2025.0,1.0
67500000.0,4.0,3150.0,1.0
26000000.0,3.0,1600.0,1.0
122500000.0,3.0,2700.0,1.0
30500000.0,5.0,1800.0,0.0
7500000.0,3.0,850.0,1.0
11500000.0,3.0,1100.0,1.0
9800000.0,3.0,700.0,1.0
17500000.0,4.0,1100.0,0.0
13100000.0,4.0,1485.0,1.0
15800000.0,2.0,1000.0,1.0
180000000.0,4.0,3600.0,1.0
25000000.0,4.0,1600.0,1.0
6500000.0,3.0,675.0,0.0
22100000.0,3.0,1500.0,1.0
66000000.0,4.0,2475.0,1.0
46500000.0,3.0,1400.0,0.0
45000000.0,4.0,2228.0,1.0
32000000.0,4.0,2000.0,0.0
280000000.0,4.0,9000.0,1.0
6100000.0,3.0,900.0,1.0
14400000.0,2.0,1000.0,1.0
18000000.0,3.0,1100.0,1.0
51000000.0,3.0,2250.0,1.0
21500000.0,3.0,1125.0,1.0
135000000.0,4.0,2700.0,1.0
4700000.0,3.0,2021.0,1.0
150000000.0,4.0,3900.0,1.0
60000000.0,6.0,4500.0,0.0
35100000.0,4.0,2052.0,1.0
37000000.0,3.0,1350.0,1.0
32500000.0,4.0,2400.0,1.0
30700000.0,3.0,1700.0,1.0
34500000.0,5.0,1800.0,1.0
90000000.0,4.0,2430.0,0.0
11500000.0,3.0,1180.0,1.0
23800000.0,3.0,1700.0,0.0
27500000.0,3.0,1900.0,0.0
21000000.0,3.0,1125.0,1.0
25400000.0,3.0,1700.0,1.0
32100000.0,3.0,1620.0,1.0
13500000.0,2.0,800.0,0.0
35000000.0,4.0,2000.0,1.0
12500000.0,3.0,60.0,0.0
33000000.0,3.0,1800.0,1.0
12900000.0,5.0,1501.0,0.0
17500000.0,4.0,1505.0,0.0
7500000.0,3.0,750.0,0.0
25000000.0,3.0,1800.0,1.0
13000000.0,3.0,900.0,1.0
27500000.0,4.0,2500.0,0.0
26000000.0,3.0,1600.0,1.0
82500000.0,3.0,1953.0,1.0
10000000.0,3.0,1400.0,1.0
85000000.0,3.0,2500.0,1.0
22500000.0,5.0,1650.0,1.0
11000000.0,4.0,1200.0,1.0
8500000.0,3.0,900.0,1.0
104900000.0,4.0,2700.0,1.0
19200000.0,2.0,1350.0,1.0
34000000.0,3.0,1850.0,0.0
12000000.0,2.0,1080.0,0.0
35000000.0,3.0,1800.0,1.0
19200000.0,2.0,1350.0,1.0
3500000.0,2.0,600.0,1.0
3500000.0,2.0,600.0,1.0
54000000.0,3.0,1800.0,1.0
6500000.0,2.0,750.0,1.0
65000000.0,3.0,2000.0,1.0
70000000.0,4.0,2300.0,1.0
28000000.0,3.0,1500.0,0.0
27000000.0,4.0,1400.0,0.0
40000000.0,3.0,1600.0,0.0
55000000.0,4.0,2200.0,0.0
36000000.0,3.0,1600.0,0.0
33100000.0,4.0,2480.0,0.0
32500000.0,4.0,2690.0,0.0
125000000.0,4.0,2500.0,1.0
80000000.0,3.0,2250.0,1.0
35000000.0,4.0,2160.0,1.0
3100000.0,1.0,500.0,1.0
3200000.0,1.0,500.0,1.0
3100000.0,1.0,500.0,1.0
45000000.0,4.0,1900.0,1.0
15500000.0,3.0,1125.0,1.0
30000000.0,3.0,1450.0,0.0
11500000.0,3.0,1250.0,0.0
13500000.0,2.0,850.0,0.0
5500000.0,2.0,751.0,1.0
40000000.0,4.0,2430.0,1.0
170000000.0,6.0,10000.0,1.0
3500000.0,1.0,300.0,0.0
52500000.0,5.0,2645.0,0.0
17000000.0,3.0,960.0,1.0
62500000.0,3.0,1450.0,1.0
23000000.0,4.0,1500.0,1.0
60000000.0,4.0,2700.0,1.0
14500000.0,3.0,1080.0,1.0
13500000.0,3.0,1080.0,1.0
9800000.0,3.0,1350.0,0.0
35000000.0,3.0,1609.0,1.0
30000000.0,3.0,1400.0,1.0
15200000.0,4.0,2250.0,1.0
15100000.0,4.0,2250.0,1.0
9461000.0,3.0,1300.0,1.0
9275000.0,3.0,1300.0,1.0
8000000.0,3.0,1200.0,1.0
120000000.0,4.0,4500.0,1.0
21500000.0,2.0,1200.0,1.0
120000000.0,3.0,2160.0,1.0
90000000.0,4.0,2160.0,1.0
15000000.0,3.0,1220.0,1.0
12500000.0,3.0,1100.0,1.0
4500000.0,3.0,32.0,0.0
19000000.0,3.0,1530.0,1.0
50000000.0,4.0,2025.0,0.0
130000000.0,4.0,3500.0,1.0
120000000.0,4.0,3500.0,1.0
280000000.0,4.0,3800.0,1.0
62500000.0,3.0,1450.0,1.0
72500000.0,3.0,1450.0,1.0
55000000.0,3.0,1350.0,1.0
85000000.0,4.0,2250.0,1.0
6000000.0,3.0,460.0,1.0
18000000.0,2.0,396.0,1.0
28000000.0,3.0,1700.0,1.0
265000000.0,5.0,4400.0,1.0
82500000.0,4.0,2700.0,1.0
129500000.0,4.0,4500.0,1.0
110000000.0,4.0,4500.0,0.0
54500000.0,5.0,3600.0,1.0
18500000.0,3.0,1050.0,0.0
110000000.0,4.0,2790.0,1.0
160000000.0,4.0,4860.0,1.0
52500000.0,3.0,1872.0,1.0
23500000.0,3.0,1280.0,1.0
22500000.0,3.0,1700.0,0.0
15500000.0,4.0,2250.0,1.0
15000000.0,4.0,2250.0,1.0
16000000.0,4.0,2250.0,1.0
9200000.0,3.0,1300.0,1.0
15200000.0,4.0,2250.0,1.0
15000000.0,4.0,2250.0,1.0
33500000.0,3.0,1700.0,0.0
33000000.0,5.0,2800.0,0.0
9299000.0,3.0,1300.0,1.0
9450000.0,3.0,1300.0,1.0
9411000.0,3.0,1300.0,1.0
13500000.0,3.0,60.0,0.0
56500000.0,3.0,1980.0,1.0
55000000.0,3.0,1800.0,1.0
81000000.0,4.0,2700.0,1.0
71000000.0,3.0,1980.0,1.0
8000000.0,4.0,4200.0,1.0
140000000.0,3.0,4500.0,1.0
90000000.0,4.0,2700.0,1.0
90000000.0,4.0,2700.0,1.0
300000000.0,4.0,9000.0,1.0
115000000.0,4.0,2700.0,1.0
120000000.0,4.0,2700.0,1.0
110000000.0,4.0,2700.0,1.0
13000000.0,4.0,1900.0,1.0
13000000.0,4.0,1900.0,1.0
5000000.0,2.0,900.0,1.0
13000000.0,4.0,1900.0,1.0
13000000.0,4.0,1900.0,1.0
14500000.0,4.0,1900.0,1.0
14500000.0,4.0,1900.0,1.0
3000000.0,1.0,500.0,1.0
200000000.0,4.0,9000.0,1.0
100000000.0,4.0,4824.0,1.0
100000000.0,4.0,4824.0,1.0
120000000.0,4.0,4824.0,1.0
12300000.0,3.0,950.0,0.0
36000000.0,3.0,1980.0,0.0
120000000.0,4.0,3285.0,1.0
75000000.0,3.0,1953.0,1.0
85000000.0,4.0,3258.0,1.0
200000000.0,4.0,9000.0,1.0
140000000.0,4.0,4500.0,1.0
85000000.0,4.0,3285.0,1.0
110000000.0,4.0,3258.0,1.0
45000000.0,3.0,1800.0,1.0
85000000.0,4.0,2700.0,1.0
8000000.0,3.0,900.0,1.0
8600000.0,3.0,1000.0,1.0
45000000.0,4.0,4518.0,1.0
32000000.0,3.0,1440.0,0.0
45000000.0,4.0,2000.0,0.0
11000000.0,3.0,950.0,1.0
24000000.0,4.0,2350.0,1.0
5000000.0,2.0,855.0,1.0
5000000.0,2.0,855.0,1.0
9500000.0,3.0,1000.0,1.0
35000000.0,3.0,1350.0,1.0
110000000.0,4.0,4500.0,0.0
24500000.0,3.0,1800.0,1.0
5000000.0,2.0,900.0,1.0
80000000.0,4.0,2100.0,1.0
90000000.0,5.0,2200.0,1.0
350000000.0,4.0,4000.0,1.0
40000000.0,3.0,1800.0,1.0
38000000.0,3.0,1800.0,0.0
37500000.0,3.0,1800.0,0.0
50000000.0,4.0,2700.0,0.0
90000000.0,4.0,2400.0,1.0
55000000.0,4.0,3600.0,0.0
24000000.0,3.0,1200.0,1.0
46200000.0,4.0,2250.0,1.0
140000000.0,4.0,4050.0,1.0
200000000.0,4.0,4500.0,1.0
160000000.0,4.0,4500.0,1.0
120000000.0,4.0,4050.0,1.0
140000000.0,4.0,4500.0,1.0
140000000.0,4.0,4500.0,1.0
55000000.0,4.0,2500.0,1.0
115000000.0,4.0,2700.0,1.0
110000000.0,4.0,2700.0,1.0
12500000.0,3.0,850.0,1.0
5800000.0,3.0,32.0,0.0
19500000.0,2.0,1100.0,1.0
18400000.0,2.0,1200.0,1.0
18600000.0,2.0,1100.0,1.0
26500000.0,2.0,900.0,1.0
42500000.0,3.0,1800.0,1.0
120000000.0,3.0,2700.0,1.0
105000000.0,4.0,2700.0,1.0
16800000.0,4.0,1400.0,1.0
16500000.0,3.0,1200.0,1.0
55500000.0,3.0,1450.0,1.0
39500000.0,3.0,1800.0,1.0
50000000.0,4.0,1960.0,1.0
10000000.0,3.0,1001.0,0.0
17000000.0,3.0,960.0,1.0
3600000.0,2.0,650.0,1.0
57500000.0,3.0,1800.0,1.0
67500000.0,3.0,1800.0,1.0
33900000.0,4.0,2000.0,1.0
54500000.0,3.0,1872.0,0.0
86000000.0,4.0,2700.0,0.0
28000000.0,3.0,1125.0,1.0
13000000.0,4.0,1900.0,1.0
103500000.0,4.0,2700.0,1.0
3500000.0,2.0,600.0,1.0
65000000.0,3.0,1890.0,1.0
110000000.0,4.0,2475.0,1.0
40000000.0,3.0,1125.0,1.0
37500000.0,3.0,1125.0,1.0
37500000.0,3.0,1125.0,1.0
55000000.0,3.0,1890.0,1.0
110000000.0,4.0,2475.0,1.0
140000000.0,4.0,2475.0,1.0
4600000.0,3.0,1920.0,1.0
47500000.0,3.0,2000.0,0.0
24500000.0,3.0,1800.0,1.0
33000000.0,3.0,1125.0,0.0
17500000.0,3.0,1200.0,1.0
55000000.0,4.0,2400.0,0.0
59000000.0,4.0,2700.0,1.0
23200000.0,3.0,1700.0,1.0
42500000.0,3.0,1775.0,1.0
14500000.0,4.0,1900.0,1.0
26500000.0,5.0,1500.0,1.0
28000000.0,2.0,1200.0,0.0
26000000.0,3.0,1125.0,1.0
5500000.0,3.0,1050.0,1.0
3500000.0,2.0,750.0,1.0
9000000.0,3.0,1350.0,0.0
9000000.0,3.0,1350.0,0.0
9000000.0,3.0,1350.0,0.0
14000000.0,4.0,1900.0,0.0
10800000.0,3.0,1005.0,0.0
8600000.0,3.0,1250.0,1.0
11500000.0,3.0,990.0,1.0
8000000.0,3.0,845.0,1.0
7900000.0,3.0,840.0,1.0
55000000.0,3.0,1600.0,1.0
140000000.0,4.0,2500.0,1.0
9000000.0,3.0,1350.0,0.0
9000000.0,3.0,1350.0,0.0
9000000.0,3.0,1350.0,1.0
9000000.0,3.0,1350.0,1.0
9000000.0,3.0,1350.0,0.0
6100000.0,2.0,780.0,1.0
14500000.0,4.0,1900.0,0.0
14000000.0,4.0,1900.0,0.0
14000000.0,4.0,1800.0,0.0
13500000.0,2.0,720.0,1.0
26000000.0,3.0,720.0,0.0
40000000.0,3.0,1800.0,1.0
40000000.0,3.0,720.0,0.0
42000000.0,5.0,3000.0,1.0
5500000.0,5.0,450.0,1.0
4000000.0,5.0,360.0,1.0
10500000.0,3.0,648.0,1.0
6800000.0,2.0,504.0,1.0
3654000.0,2.0,600.0,1.0
8500000.0,4.0,1200.0,1.0
3200000.0,2.0,600.0,1.0
3800000.0,2.0,600.0,1.0
2400000.0,1.0,400.0,1.0
3300000.0,2.0,600.0,1.0
2000000.0,1.0,400.0,1.0
16500000.0,8.0,2700.0,1.0
85000000.0,5.0,8100.0,1.0
27400000.000000004,3.0,1350.0,1.0
29900000.000000004,3.0,1600.0,0.0
65000000.0,3.0,1800.0,1.0
13000000.0,3.0,1100.0,1.0
16000000.0,2.0,1200.0,0.0
7200000.0,2.0,720.0,1.0
46000000.0,3.0,1728.0,0.0
280000000.0,3.0,4500.0,0.0
25000000.0,3.0,1800.0,1.0
21000000.0,5.0,1200.0,1.0
22500000.0,3.0,1125.0,0.0
30000000.0,2.0,1400.0,0.0
6250000.0,3.0,950.0,1.0
4700000.0,2.0,720.0,1.0
7500000.0,3.0,1000.0,1.0
4100000.0,2.0,600.0,1.0
15100000.0,3.0,1600.0,1.0
15100000.0,3.0,1750.0,1.0
15100000.0,3.0,1750.0,1.0
15100000.0,3.0,1750.0,1.0
13700000.000000002,3.0,1600.0,1.0
15100000.0,3.0,1750.0,1.0
13700000.000000002,3.0,1600.0,1.0
15100000.0,3.0,1750.0,1.0
13700000.000000002,3.0,1600.0,1.0
16200000.000000002,3.0,1750.0,1.0
16200000.000000002,3.0,1750.0,1.0
15100000.0,3.0,1750.0,1.0
13700000.000000002,3.0,1600.0,1.0
15700000.0,3.0,1750.0,1.0
15100000.0,3.0,1750.0,1.0
16500000.0,2.0,1440.0,1.0
126500000.0,4.0,3600.0,1.0
33000000.0,3.0,1800.0,0.0
35000000.0,3.0,1800.0,0.0
25000000.0,3.0,1700.0,0.0
9800000.0,3.0,1325.0,0.0
10000000.0,3.0,1400.0,0.0
10000000.0,3.0,1350.0,0.0
150000000.0,3.0,2925.0,1.0
40000000.0,3.0,1800.0,1.0
20200000.0,3.0,1500.0,1.0
3800000.0,2.0,675.0,1.0
35000000.0,3.0,1400.0,0.0
155000000.0,4.0,3600.0,1.0
70000000.0,3.0,1953.0,1.0
17500000.0,3.0,1100.0,1.0
76500000.0,3.0,2475.0,1.0
33000000.0,3.0,1750.0,1.0
25000000.0,3.0,1201.0,1.0
103500000.0,4.0,4500.0,1.0
79000000.0,4.0,2700.0,1.0
17500000.0,4.0,1250.0,1.0
45500000.0,3.0,84.0,0.0
37000000.0,4.0,2600.0,1.0
72500000.0,3.0,2250.0,0.0
27000000.0,3.0,1600.0,1.0
12500000.0,2.0,1000.0,0.0
13500000.0,3.0,1600.0,1.0
7000000.0,3.0,1250.0,1.0
140000000.0,4.0,2200.0,1.0
11100000.000000002,3.0,1350.0,1.0
32000000.0,4.0,2100.0,0.0
60000000.0,3.0,1710.0,0.0
13000000.0,3.0,1050.0,1.0
160000000.0,4.0,4800.0,1.0
32200000.000000004,5.0,1500.0,1.0
149000000.0,4.0,4500.0,1.0
97500000.0,4.0,3150.0,1.0
12000000.0,2.0,504.0,1.0
18500000.0,2.0,1150.0,1.0
42100000.0,4.0,2200.0,0.0
9000000.0,3.0,1350.0,1.0
9000000.0,3.0,1350.0,1.0
9000000.0,3.0,1350.0,1.0
7500000.0,3.0,1300.0,1.0
40500000.0,2.0,1732.0,1.0
4500000.0,2.0,850.0,1.0
7980000.0,3.0,1300.0,1.0
21000000.0,3.0,1125.0,1.0
27500000.0,2.0,1800.0,0.0
52500000.0,5.0,3200.0,1.0
7400000.0,2.0,680.0,1.0
62500000.0,4.0,3200.0,1.0
55000000.0,3.0,1800.0,1.0
450000000.0,10.0,10000.0,1.0
5000000.0,2.0,855.0,0.0
7500000.0,2.0,850.0,1.0
9000000.0,4.0,1250.0,0.0
29600000.0,3.0,1800.0,1.0
26000000.0,3.0,1075.0,1.0
141500000.0,4.0,3890.0,0.0
100000000.0,4.0,2900.0,0.0
65000000.0,3.0,1800.0,1.0
44500000.0,3.0,2000.0,1.0
125000000.0,4.0,3200.0,1.0
14500000.0,3.0,1400.0,1.0
9200000.0,3.0,1100.0,0.0
42500000.0,4.0,2250.0,1.0
18000000.0,4.0,1700.0,1.0
23000000.0,3.0,1301.0,1.0
25500000.0,3.0,1350.0,1.0
27000000.0,3.0,1600.0,1.0
7000000.0,2.0,1000.0,1.0
9000000.0,3.0,1400.0,1.0
12000000.0,3.0,1800.0,1.0
40000000.0,3.0,1800.0,1.0
10000000.0,2.0,950.0,1.0
8500000.0,3.0,1100.0,1.0
27500000.0,3.0,1700.0,1.0
37000000.0,2.0,1732.0,1.0
11000000.0,3.0,1020.0,1.0
9500000.0,3.0,1180.0,1.0
190000000.0,4.0,4500.0,1.0
160000000.0,4.0,3600.0,1.0
215000000.0,4.0,2520.0,1.0
50000000.0,4.0,2200.0,1.0
83000000.0,3.0,1650.0,1.0
4000000.0,1.0,450.0,1.0
5100000.0,1.0,470.0,1.0
5400000.0,1.0,450.0,1.0
7000000.0,1.0,460.0,1.0
7000000.0,1.0,450.0,1.0
5000000.0,1.0,460.0,1.0
4700000.0,1.0,450.0,1.0
115000000.0,4.0,2500.0,1.0
8000000.0,3.0,1080.0,0.0
8200000.0,3.0,1100.0,1.0
110000000.0,4.0,2450.0,1.0
21500000.0,3.0,1440.0,1.0
17500000.0,3.0,1100.0,1.0
4500000.0,2.0,675.0,0.0
19500000.0,3.0,1125.0,1.0
8500000.0,3.0,900.0,1.0
8200000.0,3.0,900.0,1.0
11500000.0,2.0,1000.0,1.0
47500000.0,4.0,2925.0,0.0
7500000.0,4.0,1200.0,1.0
14000000.0,3.0,1000.0,1.0
21000000.0,4.0,1500.0,1.0
7550000.0,3.0,1000.0,0.0
47500000.0,4.0,2250.0,1.0
32500000.0,12.0,1000.0,1.0
7900000.0,3.0,950.0,0.0
165000000.0,5.0,5200.0,1.0
6000000.0,2.0,650.0,1.0
13000000.0,3.0,1250.0,1.0
28500000.0,4.0,2650.0,1.0
15000000.0,4.0,1650.0,1.0
67500000.0,3.0,1872.0,0.0
57500000.0,3.0,1953.0,0.0
82500000.0,3.0,1953.0,0.0
7000000.0,4.0,1200.0,1.0
33000000.0,4.0,1300.0,0.0
22000000.0,3.0,1450.0,1.0
35000000.0,3.0,1800.0,1.0
57500000.0,4.0,3600.0,1.0
34500000.0,3.0,1750.0,1.0
37600000.0,4.0,2200.0,1.0
5200000.0,1.0,550.0,1.0
4200000.0,2.0,800.0,1.0
4500000.0,3.0,800.0,1.0
1900000.0,1.0,400.0,0.0
2851000.0,2.0,550.0,1.0
1800000.0,1.0,400.0,0.0
8500000.0,5.0,1400.0,1.0
105000000.0,4.0,1800.0,1.0
21000000.0,4.0,1200.0,1.0
7000000.0,2.0,700.0,1.0
30000000.0,3.0,1500.0,1.0
18000000.0,4.0,1200.0,1.0
24000000.0,4.0,1200.0,1.0
25000000.0,4.0,1200.0,1.0
26000000.0,5.0,1500.0,1.0
65000000.0,3.0,1600.0,1.0
13000000.0,4.0,2160.0,1.0
8000000.0,3.0,1550.0,1.0
6000000.0,2.0,750.0,1.0
3500000.0,2.0,650.0,1.0
15500000.0,2.0,900.0,1.0
14000000.0,2.0,900.0,1.0
8500000.0,4.0,1070.0,1.0
9000000.0,3.0,1541.0,1.0
38900000.0,3.0,1800.0,1.0
95000000.0,4.0,1800.0,1.0
55000000.0,3.0,2500.0,1.0
50000000.0,3.0,1800.0,1.0
270000000.0,6.0,4500.0,1.0
120000000.0,3.0,1800.0,1.0
125000000.0,4.0,2925.0,1.0
4500000.0,2.0,850.0,1.0
52200000.0,5.0,2645.0,0.0
52000000.0,5.0,2645.0,0.0
52800000.0,5.0,2645.0,0.0
6500000.0,3.0,1080.0,1.0
6500000.0,2.0,600.0,1.0
7000000.0,3.0,1535.0,1.0
6500000.0,3.0,1350.0,0.0
32500000.0,4.0,2400.0,0.0
140000000.0,4.0,4653.0,1.0
65000000.0,3.0,1800.0,1.0
27500000.0,2.0,908.0,1.0
23500000.0,2.0,908.0,0.0
2800000.0,2.0,450.0,1.0
3500000.0,2.0,600.0,1.0
18000000.0,4.0,500.0,1.0
22500000.0,4.0,2000.0,1.0
40000000.0,5.0,1553.0,1.0
4500000.0,3.0,1100.0,0.0
12000000.0,3.0,1000.0,1.0
7500000.0,3.0,1000.0,1.0
9500000.0,3.0,1215.0,0.0
15000000.0,3.0,1305.0,0.0
32500000.0,3.0,1800.0,1.0
7000000.0,2.0,750.0,1.0
9800000.0,3.0,1100.0,1.0
9800000.0,3.0,850.0,0.0
6550000.0,2.0,700.0,1.0
7800000.0,3.0,800.0,1.0
8500000.0,3.0,1100.0,1.0
18500000.0,5.0,1800.0,1.0
14500000.0,4.0,1900.0,0.0
2800000.0,1.0,450.0,1.0
115000000.0,3.0,1800.0,1.0
12000000.0,4.0,1500.0,1.0
240000000.0,6.0,2100.0,1.0
142500000.0,4.0,4499.0,1.0
40599999.99999999,3.0,1800.0,1.0
7500000.0,2.0,790.0,1.0
18900000.0,3.0,1152.0,1.0
10500000.0,3.0,1100.0,1.0
6700000.0,3.0,1100.0,1.0
22500000.0,2.0,900.0,0.0
31000000.0,3.0,1200.0,0.0
23900000.0,3.0,1125.0,1.0
17500000.0,3.0,1128.0,1.0
23700000.0,3.0,1125.0,1.0
23300000.0,3.0,1125.0,1.0
115000000.0,4.0,2800.0,1.0
6500000.0,3.0,900.0,1.0
17500000.0,2.0,850.0,1.0
30000000.0,3.0,1450.0,1.0
14500000.0,4.0,1500.0,1.0
14600000.0,4.0,1500.0,1.0
2600000.0,2.0,500.0,0.0
4700000.0,3.0,975.0,1.0
70000000.0,4.0,2700.0,1.0
4000000.0,2.0,450.0,0.0
32500000.0,5.0,1500.0,1.0
12000000.0,2.0,900.0,1.0
25000000.0,2.0,1440.0,1.0
100000000.0,4.0,5420.0,1.0
5500000.0,3.0,1400.0,1.0
26500000.0,3.0,1700.0,1.0
18500000.0,3.0,1150.0,1.0
31000000.0,4.0,1350.0,1.0
14500000.0,3.0,750.0,0.0
70000000.0,4.0,2700.0,1.0
67500000.0,4.0,2250.0,0.0
6300000.0,2.0,700.0,0.0
6100000.0,2.0,900.0,1.0
5999000.0,3.0,1078.0,1.0
3640000.0,2.0,672.0,1.0
3749000.0,3.0,672.0,1.0
1700000.0,3.0,180.0,1.0
41500000.0,4.0,2400.0,0.0
125000000.0,5.0,4600.0,1.0
37500000.0,4.0,2500.0,1.0
60000000.0,3.0,1950.0,0.0
62500000.0,4.0,2250.0,0.0
41500000.0,4.0,2250.0,1.0
5950000.0,3.0,900.0,1.0
22500000.0,3.0,1440.0,1.0
11000000.0,2.0,720.0,1.0
11600000.0,2.0,720.0,1.0
85000000.0,4.0,2900.0,1.0
90000000.0,3.0,3500.0,1.0
50000000.0,4.0,3240.0,1.0
6500000.0,3.0,900.0,1.0
5600000.0,3.0,950.0,1.0
4800000.0,2.0,850.0,1.0
6500000.0,3.0,1450.0,1.0
3500000.0,2.0,850.0,1.0
4700000.0,2.0,850.0,1.0
6000000.0,3.0,1450.0,1.0
6200000.0,3.0,1452.0,1.0
6100000.0,3.0,1450.0,1.0
4000000.0,3.0,900.0,1.0
17500000.0,5.0,945.0,1.0
31000000.0,4.0,2300.0,1.0
7500000.0,3.0,1100.0,0.0
82500000.0,4.0,2700.0,1.0
25000000.0,3.0,1600.0,1.0
26500000.0,3.0,1600.0,1.0
32500000.0,3.0,2000.0,1.0
26800000.0,5.0,1400.0,1.0
37500000.0,3.0,2000.0,1.0
26500000.0,3.0,1700.0,1.0
46500000.0,4.0,2250.0,1.0
7400000.0,3.0,675.0,1.0
50000000.0,4.0,2475.0,1.0
13500000.0,3.0,900.0,1.0
30000000.0,3.0,1800.0,1.0
62000000.0,4.0,3600.0,0.0
35000000.0,3.0,1800.0,1.0
36500000.0,3.0,1800.0,1.0
26500000.0,2.0,1150.0,1.0
10000000.0,3.0,1500.0,1.0
10000000.0,3.0,1130.0,1.0
10000000.0,3.0,1247.0,1.0
7500000.0,3.0,1200.0,1.0
26500000.0,3.0,1800.0,1.0
35500000.0,3.0,1800.0,1.0
58000000.0,4.0,2700.0,1.0
35000000.0,3.0,1800.0,1.0
41000000.0,3.0,1800.0,1.0
37500000.0,4.0,2300.0,1.0
1700000.0,2.0,650.0,1.0
6000000.0,3.0,920.0,0.0
16500000.0,3.0,900.0,0.0
22500000.0,2.0,1298.0,1.0
13000000.0,2.0,1000.0,1.0
38000000.0,3.0,1700.0,1.0
60000000.0,4.0,2700.0,1.0
62500000.0,4.0,2700.0,1.0
28000000.0,3.0,1800.0,1.0
60000000.0,4.0,3150.0,1.0
28500000.0,3.0,1050.0,1.0
30000000.0,3.0,1100.0,1.0
35000000.0,4.0,1840.0,1.0
40000000.0,3.0,1800.0,1.0
39000000.0,3.0,1800.0,1.0
20000000.0,3.0,1700.0,1.0
72500000.0,4.0,2700.0,1.0
52500000.0,4.0,2200.0,0.0
36000000.0,4.0,2000.0,1.0
49000000.0,3.0,1872.0,0.0
35000000.0,4.0,2340.0,1.0
79500000.0,3.0,2250.0,1.0
50500000.0,3.0,1800.0,1.0
57500000.0,3.0,1800.0,1.0
86500000.0,3.0,2385.0,1.0
5100000.0,3.0,900.0,0.0
140100000.0,4.0,3670.0,0.0
290000000.0,4.0,7500.0,0.0
32500000.0,4.0,1600.0,1.0
9500000.0,2.0,650.0,1.0
28000000.0,4.0,1900.0,1.0
9500000.0,2.0,700.0,1.0
4800000.0,2.0,450.0,0.0
7000000.0,2.0,720.0,1.0
3200000.0,2.0,585.0,1.0
1800000.0,1.0,400.0,0.0
3200000.0,2.0,585.0,1.0
14200000.0,2.0,900.0,1.0
30500000.0,3.0,2000.0,1.0
14400000.0,4.0,1450.0,0.0
110000000.0,4.0,3670.0,0.0
6200000.0,3.0,900.0,0.0
40000000.0,3.0,2000.0,0.0
60000000.0,4.0,2097.0,1.0
40000000.0,3.0,1620.0,1.0
70000000.0,4.0,3600.0,1.0
60000000.0,4.0,2500.0,1.0
72500000.0,4.0,3150.0,1.0
70000000.0,4.0,2700.0,1.0
70000000.0,4.0,2700.0,1.0
37500000.0,3.0,1800.0,1.0
30000000.0,3.0,1197.0,1.0
20500000.0,2.0,1100.0,1.0
170000000.0,4.0,3330.0,1.0
180000000.0,4.0,3600.0,1.0
10500000.0,3.0,1100.0,0.0
14700000.0,4.0,1450.0,0.0
6500000.0,3.0,900.0,1.0
13000000.0,3.0,2500.0,1.0
22000000.0,2.0,1125.0,1.0
105000000.0,4.0,2700.0,1.0
129000000.0,4.0,4500.0,1.0
26500000.0,3.0,1200.0,1.0
29500000.0,3.0,1200.0,1.0
2000000.0,1.0,360.0,1.0
10500000.0,4.0,1170.0,1.0
19500000.0,2.0,1200.0,1.0
34000000.0,3.0,1850.0,1.0
7000000.0,3.0,1250.0,1.0
42000000.0,4.0,2200.0,1.0
27500000.0,3.0,1800.0,1.0
6800000.0,2.0,840.0,1.0
7500000.0,3.0,990.0,1.0
38000000.0,4.0,2400.0,1.0
29800000.0,3.0,1800.0,1.0
28000000.0,3.0,1800.0,1.0
35000000.0,4.0,2200.0,1.0
33800000.0,4.0,2000.0,1.0
32000000.0,4.0,2000.0,1.0
27900000.0,3.0,1700.0,1.0
34900000.0,4.0,2000.0,1.0
58500000.0,4.0,2700.0,1.0
34000000.0,3.0,2100.0,0.0
27500000.0,3.0,1600.0,0.0
71500000.0,4.0,3150.0,1.0
85000000.0,4.0,3375.0,1.0
80000000.0,3.0,21750.0,0.0
18500000.0,3.0,1800.0,1.0
39500000.0,3.0,1800.0,1.0
60000000.0,4.0,3600.0,1.0
170000000.0,4.0,3600.0,1.0
165000000.0,4.0,3600.0,1.0
59500000.0,4.0,3600.0,1.0
62500000.0,3.0,1900.0,1.0
16500000.0,3.0,1053.0,0.0
18400000.0,2.0,1000.0,1.0
125000000.0,4.0,2925.0,1.0
28500000.0,3.0,1440.0,1.0
100000000.0,4.0,3041.0,1.0
69000000.0,3.0,2300.0,1.0
13500000.0,3.0,990.0,1.0
2500000.0,1.0,315.0,0.0
7500000.0,3.0,675.0,1.0
27900000.0,3.0,1800.0,1.0
46500000.0,5.0,3000.0,1.0
45000000.0,3.0,1710.0,0.0
30500000.0,3.0,2000.0,1.0
31100000.0,3.0,1800.0,1.0
58000000.0,4.0,2700.0,1.0
6500000.0,3.0,1100.0,1.0
17000000.0,3.0,1000.0,0.0
9500000.0,3.0,1000.0,1.0
19000000.0,3.0,1100.0,1.0
350000000.0,5.0,5500.0,1.0
14400000.0,4.0,1450.0,0.0
73500000.0,3.0,2500.0,1.0
140000000.0,4.0,3600.0,1.0
3800000.0,2.0,760.0,0.0
10500000.0,3.0,828.0,1.0
31000000.0,3.0,1605.0,1.0
80000000.0,4.0,2700.0,1.0
27000000.0,5.0,1890.0,1.0
37500000.0,3.0,1850.0,1.0
50000000.0,3.0,1600.0,1.0
2700000.0,2.0,500.0,1.0
68500000.0,3.0,3150.0,1.0
69000000.0,4.0,2700.0,1.0
85000000.0,4.0,2500.0,1.0
21500000.0,2.0,1430.0,1.0
25000000.0,3.0,1700.0,1.0
27000000.0,3.0,1760.0,1.0
42500000.0,5.0,2350.0,1.0
11000000.0,3.0,810.0,1.0
11500000.0,5.0,670.0,1.0
15000000.0,3.0,960.0,1.0
15800000.0,3.0,960.0,1.0
270000000.0,3.0,3375.0,1.0
180000000.0,4.0,4500.0,1.0
310000000.0,5.0,6500.0,1.0
78000000.0,4.0,3120.0,1.0
29500000.0,3.0,1700.0,1.0
13500000.0,3.0,990.0,1.0
57500000.0,4.0,2700.0,1.0
52500000.0,4.0,2700.0,1.0
45000000.0,4.0,2520.0,1.0
7000000.0,2.0,900.0,0.0
21900000.0,2.0,1200.0,1.0
21800000.0,2.0,1200.0,1.0
35000000.0,3.0,1800.0,1.0
6500000.0,3.0,940.0,1.0
95000000.0,4.0,2800.0,1.0
96000000.0,4.0,2699.0,1.0
85000000.0,4.0,2400.0,1.0
12500000.0,2.0,1080.0,1.0
110000000.0,4.0,2700.0,1.0
55000000.0,3.0,1700.0,1.0
60000000.0,3.0,1400.0,0.0
7000000.0,3.0,1080.0,1.0
22000000.0,3.0,1700.0,1.0
25000000.0,3.0,1900.0,1.0
120000000.0,4.0,2500.0,1.0
25000000.0,4.0,2300.0,1.0
82500000.0,3.0,1650.0,1.0
3500000.0,2.0,405.0,1.0
20000000.0,3.0,1150.0,1.0
14000000.0,4.0,1250.0,0.0
55000000.0,3.0,1500.0,1.0
13500000.0,2.0,1080.0,1.0
15000000.0,2.0,1080.0,1.0
100000000.0,4.0,2700.0,0.0
33000000.0,5.0,1900.0,1.0
34000000.0,4.0,2100.0,1.0
9000000.0,3.0,1100.0,1.0
7600000.0,3.0,1000.0,1.0
7400000.0,3.0,1000.0,1.0
7500000.0,3.0,900.0,1.0
341100000.0,5.0,9700.0,0.0
71500000.0,3.0,2618.0,1.0
70000000.0,4.0,3560.0,1.0
75000000.0,5.0,5100.0,1.0
75000000.0,5.0,4580.0,1.0
3500000.0,2.0,600.0,1.0
260000000.0,4.0,3800.0,1.0
10500000.0,3.0,1100.0,1.0
4000000.0,2.0,720.0,1.0
25000000.0,3.0,2230.0,0.0
1900000.0,1.0,425.0,0.0
26900000.0,3.0,2000.0,1.0
4700000.0,3.0,920.0,0.0
26500000.0,3.0,1440.0,1.0
23500000.0,3.0,1440.0,1.0
72500000.0,4.0,2700.0,1.0
30000000.0,3.0,1440.0,1.0
3500000.0,2.0,450.0,1.0
7500000.0,3.0,1150.0,1.0
7488000.0,3.0,1040.0,1.0
7498999.999999999,3.0,1150.0,1.0
7470000.0,3.0,1101.0,1.0
10000000.0,3.0,1101.0,1.0
21200000.0,4.0,2525.0,1.0
15100000.0,3.0,1750.0,1.0
5700000.0,3.0,1000.0,0.0
23500000.0,2.0,1400.0,0.0
18000000.0,2.0,1200.0,1.0
3600000.0,2.0,700.0,1.0
3800000.0,2.0,600.0,1.0
4000000.0,2.0,620.0,1.0
3500000.0,2.0,600.0,0.0
3500000.0,2.0,600.0,0.0
3500000.0,2.0,600.0,0.0
5400000.0,3.0,1000.0,0.0
16000000.0,2.0,900.0,1.0
23800000.0,3.0,1600.0,1.0
85000000.0,4.0,2200.0,1.0
65000000.0,3.0,1680.0,1.0
5850000.0,2.0,750.0,1.0
9700000.0,3.0,900.0,1.0
8600000.0,3.0,675.0,1.0
24200000.0,3.0,1790.0,0.0
72500000.0,4.0,4600.0,1.0
72500000.0,4.0,4500.0,0.0
125000000.0,5.0,4500.0,1.0
45000000.0,3.0,2500.0,1.0
10000000.0,2.0,1000.0,1.0
5500000.0,3.0,1000.0,0.0
11500000.0,2.0,1080.0,1.0
6300000.0,3.0,490.0,1.0
28500000.0,3.0,1750.0,1.0
50000000.0,4.0,2340.0,1.0
120000000.0,4.0,5994.0,1.0
26000000.0,3.0,1600.0,1.0
5000000.0,3.0,950.0,1.0
45000000.0,3.0,1872.0,1.0
13000000.0,2.0,1050.0,1.0
12500000.0,2.0,1050.0,1.0
11500000.0,2.0,1050.0,1.0
24500000.0,3.0,1700.0,1.0
26000000.0,3.0,1700.0,1.0
22500000.0,3.0,1600.0,1.0
25000000.0,3.0,1800.0,1.0
65500000.0,4.0,2475.0,1.0
65000000.0,4.0,2700.0,1.0
65000000.0,4.0,2880.0,1.0
62500000.0,3.0,1900.0,1.0
135000000.0,5.0,5236.0,1.0
40500000.0,4.0,3500.0,1.0
6600000.0,2.0,700.0,0.0
25500000.0,3.0,1700.0,1.0
13000000.0,2.0,950.0,1.0
2400000.0,2.0,550.0,1.0
11500000.0,3.0,1100.0,0.0
37500000.0,4.0,2600.0,1.0
80000000.0,3.0,1953.0,1.0
100000000.0,3.0,2016.0,1.0
16000000.0,2.0,950.0,1.0
26000000.0,4.0,1300.0,1.0
26500000.0,3.0,1550.0,1.0
3500000.0,2.0,450.0,0.0
47500000.0,3.0,846.0,1.0
90000000.0,3.0,1080.0,1.0
9500000.0,3.0,1150.0,1.0
45000000.0,4.0,2250.0,1.0
36600000.0,2.0,1732.0,1.0
37000000.0,2.0,1700.0,1.0
80500000.0,4.0,2700.0,1.0
22500000.0,3.0,1800.0,1.0
10500000.0,3.0,1350.0,0.0
7500000.0,3.0,675.0,1.0
120000000.0,4.0,2700.0,1.0
115000000.0,4.0,2700.0,1.0
200000000.0,4.0,10000.0,1.0
52500000.0,3.0,1700.0,1.0
45000000.0,4.0,3200.0,1.0
210000000.0,4.0,4600.0,0.0
11000000.0,4.0,1200.0,1.0
13500000.0,4.0,1200.0,1.0
9500000.0,3.0,1035.0,1.0
9500000.0,3.0,1035.0,1.0
8500000.0,4.0,1080.0,1.0
12000000.0,3.0,1035.0,1.0
5500000.0,2.0,675.0,1.0
11000000.0,4.0,1080.0,1.0
9000000.0,3.0,1050.0,1.0
13200000.0,3.0,950.0,1.0
155000000.0,5.0,9000.0,1.0
13000000.0,3.0,64.0,0.0
3200000.0,2.0,700.0,0.0
3651000.0,2.0,550.0,0.0
95000000.0,4.0,2800.0,0.0
16000000.0,3.0,1130.0,0.0
22500000.0,4.0,1600.0,1.0
3100000.0,2.0,450.0,1.0
3800000.0,2.0,600.0,1.0
10000000.0,3.0,1050.0,1.0
21100000.0,2.0,1450.0,1.0
6000000.0,2.0,792.0,0.0
13500000.0,3.0,990.0,1.0
34000000.0,4.0,2500.0,1.0
85000000.0,3.0,1953.0,1.0
15500000.0,3.0,1500.0,1.0
13700000.000000002,2.0,756.0,0.0
18000000.0,3.0,1150.0,0.0
23500000.0,2.0,1580.0,1.0
98500000.0,3.0,1400.0,0.0
126500000.0,3.0,205.0,0.0
170000000.0,5.0,3800.0,1.0
170000000.0,4.0,3500.0,1.0
32100000.0,3.0,1125.0,0.0
23000000.0,3.0,1650.0,1.0
130000000.0,4.0,2925.0,1.0
110000000.0,4.0,2538.0,1.0
18500000.0,4.0,1900.0,1.0
125000000.0,4.0,2050.0,1.0
18000000.0,3.0,900.0,0.0
50000000.0,4.0,3330.0,1.0
38000000.0,4.0,2000.0,1.0
26500000.0,3.0,1700.0,1.0
37500000.0,4.0,2200.0,1.0
3700000.0,2.0,450.0,0.0
14000000.0,4.0,1850.0,1.0
70000000.0,4.0,2988.0,1.0
61500000.0,3.0,3500.0,1.0
62000000.0,3.0,3300.0,1.0
59000000.0,3.0,3600.0,1.0
60000000.0,3.0,3400.0,1.0
62900000.0,3.0,3600.0,1.0
21500000.0,2.0,1100.0,1.0
22000000.0,2.0,1100.0,1.0
14000000.0,4.0,1450.0,0.0
60000000.0,3.0,1800.0,1.0
95000000.0,4.0,2600.0,1.0
80000000.0,3.0,1700.0,1.0
11600000.0,3.0,1100.0,1.0
25000000.0,3.0,1800.0,1.0
25000000.0,3.0,1500.0,1.0
50000000.0,4.0,2170.0,1.0
25500000.0,3.0,1700.0,1.0
32500000.0,4.0,2200.0,1.0
47500000.0,3.0,1550.0,1.0
180000000.0,4.0,4200.0,1.0
150000000.0,4.0,4500.0,1.0
185000000.0,4.0,4400.0,1.0
110000000.0,4.0,3000.0,1.0
75000000.0,3.0,1800.0,1.0
320000000.0,4.0,8400.0,1.0
187500000.0,4.0,4500.0,1.0
160000000.0,3.0,4200.0,1.0
70000000.0,4.0,2000.0,1.0
157600000.0,4.0,3670.0,0.0
9100000.0,3.0,1188.0,1.0
9300000.0,3.0,1152.0,1.0
13500000.0,3.0,1800.0,0.0
27500000.0,3.0,1550.0,0.0
35000000.0,4.0,2250.0,0.0
60000000.0,4.0,3600.0,0.0
40000000.0,4.0,2700.0,0.0
125000000.0,4.0,2500.0,1.0
13400000.0,3.0,1787.0,0.0
13799999.999999998,3.0,1305.0,0.0
4200000.0,2.0,558.0,0.0
2800000.0,2.0,400.0,0.0
2200000.0,1.0,342.0,0.0
5600000.0,2.0,594.0,1.0
32500000.0,4.0,2200.0,1.0
16000000.0,4.0,2000.0,1.0
30000000.0,3.0,1800.0,1.0
34800000.0,3.0,1350.0,1.0
5500000.0,2.0,675.0,1.0
7500000.0,2.0,675.0,1.0
12000000.0,3.0,900.0,1.0
71000000.0,4.0,3200.0,1.0
24000000.0,4.0,2300.0,0.0
18100000.0,5.0,1323.0,1.0
6200000.0,3.0,1000.0,1.0
21000000.0,2.0,1400.0,1.0
49500000.0,3.0,1800.0,1.0
28000000.0,4.0,1500.0,1.0
9000000.0,3.0,800.0,1.0
19000000.0,3.0,1350.0,1.0
18000000.0,3.0,1000.0,1.0
24000000.0,4.0,1400.0,1.0
9600000.0,3.0,850.0,1.0
33500000.0,3.0,1890.0,1.0
14000000.0,3.0,1215.0,0.0
21100000.0,4.0,2000.0,1.0
12500000.0,3.0,1400.0,1.0
33000000.0,3.0,1800.0,1.0
35500000.0,4.0,2300.0,1.0
34000000.0,4.0,2400.0,1.0
12500000.0,4.0,1350.0,1.0
24500000.0,3.0,1700.0,1.0
8500000.0,3.0,750.0,1.0
3500000.0,1.0,665.0,1.0
17500000.0,3.0,1200.0,1.0
7500000.0,3.0,1250.0,0.0
32500000.0,3.0,1900.0,1.0
8500000.0,3.0,1650.0,1.0
14000000.0,4.0,1800.0,1.0
24900000.000000004,3.0,1125.0,1.0
6500000.0,2.0,610.0,1.0
18000000.0,3.0,900.0,0.0
30000000.0,3.0,1440.0,0.0
7000000.0,3.0,810.0,0.0
3400000.0,2.0,450.0,0.0
20000000.0,2.0,504.0,0.0
3000000.0,2.0,450.0,0.0
7500000.0,3.0,1170.0,0.0
7500000.0,3.0,1250.0,0.0
5000000.0,2.0,513.0,1.0
35000000.0,4.0,2200.0,1.0
55000000.0,5.0,2400.0,1.0
9500000.0,3.0,1450.0,1.0
345000000.0,5.0,10000.0,0.0
130000000.0,4.0,3600.0,0.0
127600000.0,4.0,3600.0,0.0
130000000.0,4.0,3670.0,0.0
8000000.0,3.0,960.0,0.0
7500000.0,3.0,1150.0,0.0
35500000.0,3.0,2475.0,1.0
30000000.0,4.0,2600.0,0.0
41000000.0,5.0,1800.0,1.0
300000000.0,4.0,5601.0,0.0
152500000.0,4.0,3670.0,1.0
21000000.0,4.0,2000.0,1.0
12000000.0,2.0,540.0,1.0
350000000.0,4.0,8000.0,0.0
17000000.0,2.0,900.0,1.0
4000000.0,3.0,750.0,0.0
19500000.0,2.0,1400.0,0.0
8600000.0,3.0,850.0,0.0
48000000.0,4.0,2025.0,1.0
27500000.0,2.0,900.0,1.0
87500000.0,4.0,2700.0,0.0
16500000.0,3.0,1100.0,1.0
15000000.0,3.0,1000.0,0.0
35500000.0,3.0,1440.0,0.0
300000000.0,4.0,10000.0,0.0
140000000.0,4.0,3833.0,1.0
300000000.0,4.0,5400.0,0.0
310000000.0,4.0,9000.0,0.0
130000000.0,4.0,3675.0,0.0
330000000.0,4.0,10000.0,0.0
65000000.0,3.0,1800.0,0.0
62500000.0,4.0,2700.0,0.0
5500000.0,3.0,1170.0,0.0
240000000.0,3.0,2962.0,0.0
145000000.0,3.0,1880.0,0.0
180000000.0,4.0,2547.0,1.0
230000000.0,3.0,2550.0,0.0
160000000.0,5.0,1800.0,1.0
135000000.0,5.0,1800.0,1.0
82500000.0,3.0,1140.0,0.0
23500000.0,3.0,1500.0,0.0
28000000.0,3.0,1700.0,0.0
21100000.0,2.0,1400.0,1.0
24900000.000000004,3.0,1600.0,1.0
81000000.0,4.0,3800.0,1.0
84000000.0,4.0,3851.0,1.0
82500000.0,4.0,3855.0,1.0
19500000.0,2.0,1258.0,1.0
11000000.0,3.0,1050.0,0.0
12100000.0,4.0,1500.0,0.0
65000000.0,3.0,2280.0,1.0
50000000.0,3.0,1800.0,1.0
31000000.0,3.0,1350.0,1.0
20000000.0,3.0,1158.0,0.0
26000000.0,2.0,1125.0,0.0
26500000.0,3.0,1800.0,1.0
30000000.0,3.0,1620.0,1.0
8500000.0,3.0,1000.0,1.0
30000000.0,3.0,1500.0,1.0
25000000.0,3.0,120.0,0.0
10000000.0,4.0,1000.0,1.0
8500000.0,2.0,603.0,1.0
4600000.0,2.0,495.0,0.0
8200000.0,2.0,585.0,1.0
12300000.0,3.0,774.0,1.0
13100000.0,3.0,900.0,1.0
130500000.0,4.0,3700.0,0.0
150000000.0,4.0,3700.0,0.0
82500000.0,4.0,2700.0,1.0
21000000.0,3.0,1150.0,0.0
29000000.0,3.0,1800.0,1.0
23600000.0,2.0,1300.0,1.0
62500000.0,4.0,2700.0,1.0
75000000.0,4.0,4500.0,1.0
50100000.0,4.0,1908.0,1.0
70000000.0,4.0,3150.0,1.0
65100000.0,4.0,2700.0,1.0
50000000.0,3.0,2520.0,1.0
60500000.0,4.0,3150.0,1.0
55000000.0,3.0,1800.0,1.0
35000000.0,4.0,2200.0,1.0
130000000.0,4.0,3600.0,0.0
7200000.0,3.0,1500.0,1.0
7800000.0,3.0,1800.0,1.0
205000000.0,4.0,10000.0,0.0
21000000.0,3.0,1300.0,1.0
29500000.0,4.0,1650.0,1.0
145000000.0,4.0,4500.0,0.0
45000000.0,3.0,1872.0,0.0
3400000.0,2.0,550.0,1.0
72500000.0,4.0,1800.0,0.0
36500000.0,3.0,1440.0,0.0
55000000.0,3.0,1800.0,0.0
6500000.0,3.0,775.0,1.0
16500000.0,3.0,1250.0,1.0
28500000.0,3.0,1575.0,0.0
35000000.0,5.0,1800.0,0.0
14000000.0,2.0,1080.0,1.0
8300000.0,2.0,750.0,1.0
25500000.0,3.0,1800.0,1.0
25000000.0,4.0,1600.0,0.0
2650000.0,2.0,560.0,0.0
29500000.0,4.0,1950.0,0.0
37500000.0,3.0,1800.0,1.0
35000000.0,3.0,1172.0,1.0
32500000.0,3.0,1172.0,1.0
55000000.0,3.0,1800.0,1.0
13500000.0,3.0,950.0,1.0
26000000.0,4.0,2300.0,1.0
15900000.0,4.0,1400.0,1.0
9000000.0,3.0,830.0,1.0
18000000.0,5.0,1450.0,1.0
56500000.0,3.0,1872.0,1.0
45000000.0,3.0,2700.0,1.0
17000000.0,3.0,1530.0,0.0
24000000.0,3.0,1500.0,1.0
5000000.0,2.0,630.0,1.0
60000000.0,3.0,1800.0,1.0
4500000.0,3.0,1200.0,1.0
3250000.0,2.0,650.0,0.0
3300000.0,2.0,650.0,1.0
